"Id","Path","Slice Name","Alias(s)","Label","Min","Max","Must Support?","Is Modifier?","Is Summary?","Type(s)","Short","Definition","Comments","Requirements","Default Value","Meaning When Missing","Fixed Value","Pattern","Example","Minimum Value","Maximum Value","Maximum Length","Binding Strength","Binding Description","Binding Value Set","Code","Slicing Discriminator","Slicing Description","Slicing Ordered","Slicing Rules","Base Path","Base Min","Base Max","Condition(s)","Constraint(s)"
"SEEHDSLMObservations","SEEHDSLMObservations","","","",0,*,"","","","null {[]} {[]}
","GetObservations","Logisk modell för tjänstekontraktet GetObservations
(RIV-TA urn:riv:clinicalprocess:healthcond:basic:GetObservationsInteraction:2).
Representerar responsens informationsstruktur — en samling observationer som
matchar sökkriterier i begäran, inklusive header-information.
Meddelandemodellen från avsnitt 5.1 V-MIM — Observationer i TKB motsvarar
en observation i svarsmeddelandet.","","","","","","","","","",,,,,"",,,,"Base",0,*,"",""
"SEEHDSLMObservations.observations","SEEHDSLMObservations.observations","","","",0,*,"","","","BackboneElement {[]} {[]}
","De observationer som matchar sökkriterierna, inklusive header.","De observationer som matchar sökkriterier i begäran, inklusive header-information.","","","","","","","","","",,,,,"",,,,"SEEHDSLMObservations.observations",0,*,"","ele-1:All FHIR elements must have a @value or children {hasValue() or (children().count() > id.count())}
"
"SEEHDSLMObservations.observations.id","SEEHDSLMObservations.observations.id","","","",0,1,"","","","string {[]} {[]}
","Unique id for inter-element referencing","Unique id for the element within a resource (for internal references). This may be any string value that does not contain spaces.","","","","","","","","","",,,,,"",,,,"Element.id",0,1,"",""
"SEEHDSLMObservations.observations.extension","SEEHDSLMObservations.observations.extension","","extensions
user content","",0,*,"","","","Extension {[]} {[]}
","Additional content defined by implementations","May be used to represent additional information that is not part of the basic definition of the element. To make the use of extensions safe and manageable, there is a strict set of governance  applied to the definition and use of extensions. Though any implementer can define an extension, there is a set of requirements that SHALL be met as part of the definition of the extension.","There can be no stigma associated with the use of extensions by any application, project, or standard - regardless of the institution or jurisdiction that uses or defines the extensions.  The use of extensions is what allows the FHIR specification to retain a core level of simplicity for everyone.","","","","","","","","",,,,,"","value:url}
","Extensions are always sliced by (at least) url",,"open","Element.extension",0,*,"","ele-1:All FHIR elements must have a @value or children {hasValue() or (children().count() > id.count())}
ext-1:Must have either extensions or value[x], not both {extension.exists() != value.exists()}"
"SEEHDSLMObservations.observations.modifierExtension","SEEHDSLMObservations.observations.modifierExtension","","extensions
user contentmodifiers","",0,*,"","Y","Y","Extension {[]} {[]}
","Extensions that cannot be ignored even if unrecognized","May be used to represent additional information that is not part of the basic definition of the element and that modifies the understanding of the element in which it is contained and/or the understanding of the containing element's descendants. Usually modifier elements provide negation or qualification. To make the use of extensions safe and manageable, there is a strict set of governance applied to the definition and use of extensions. Though any implementer can define an extension, there is a set of requirements that SHALL be met as part of the definition of the extension. Applications processing a resource are required to check for modifier extensions.

Modifier extensions SHALL NOT change the meaning of any elements on Resource or DomainResource (including cannot change the meaning of modifierExtension itself).","There can be no stigma associated with the use of extensions by any application, project, or standard - regardless of the institution or jurisdiction that uses or defines the extensions.  The use of extensions is what allows the FHIR specification to retain a core level of simplicity for everyone.","Modifier extensions allow for extensions that *cannot* be safely ignored to be clearly distinguished from the vast majority of extensions which can be safely ignored.  This promotes interoperability by eliminating the need for implementers to prohibit the presence of extensions. For further information, see the [definition of modifier extensions](http://hl7.org/fhir/R4/extensibility.html#modifierExtension).","","","","","","","",,,,,"",,,,"BackboneElement.modifierExtension",0,*,"","ele-1:All FHIR elements must have a @value or children {hasValue() or (children().count() > id.count())}
ext-1:Must have either extensions or value[x], not both {extension.exists() != value.exists()}"
"SEEHDSLMObservations.observations.header","SEEHDSLMObservations.observations.header","","","",1,1,"","","","BackboneElement {[]} {[]}
","Header enligt RIV-TA standard.","Se separat dokument med fältregler för header [R10].","","","","","","","","","",,,,,"",,,,"SEEHDSLMObservations.observations.header",1,1,"","ele-1:All FHIR elements must have a @value or children {hasValue() or (children().count() > id.count())}
"
"SEEHDSLMObservations.observations.header.id","SEEHDSLMObservations.observations.header.id","","","",0,1,"","","","string {[]} {[]}
","Unique id for inter-element referencing","Unique id for the element within a resource (for internal references). This may be any string value that does not contain spaces.","","","","","","","","","",,,,,"",,,,"Element.id",0,1,"",""
"SEEHDSLMObservations.observations.header.extension","SEEHDSLMObservations.observations.header.extension","","extensions
user content","",0,*,"","","","Extension {[]} {[]}
","Additional content defined by implementations","May be used to represent additional information that is not part of the basic definition of the element. To make the use of extensions safe and manageable, there is a strict set of governance  applied to the definition and use of extensions. Though any implementer can define an extension, there is a set of requirements that SHALL be met as part of the definition of the extension.","There can be no stigma associated with the use of extensions by any application, project, or standard - regardless of the institution or jurisdiction that uses or defines the extensions.  The use of extensions is what allows the FHIR specification to retain a core level of simplicity for everyone.","","","","","","","","",,,,,"","value:url}
","Extensions are always sliced by (at least) url",,"open","Element.extension",0,*,"","ele-1:All FHIR elements must have a @value or children {hasValue() or (children().count() > id.count())}
ext-1:Must have either extensions or value[x], not both {extension.exists() != value.exists()}"
"SEEHDSLMObservations.observations.header.modifierExtension","SEEHDSLMObservations.observations.header.modifierExtension","","extensions
user contentmodifiers","",0,*,"","Y","Y","Extension {[]} {[]}
","Extensions that cannot be ignored even if unrecognized","May be used to represent additional information that is not part of the basic definition of the element and that modifies the understanding of the element in which it is contained and/or the understanding of the containing element's descendants. Usually modifier elements provide negation or qualification. To make the use of extensions safe and manageable, there is a strict set of governance applied to the definition and use of extensions. Though any implementer can define an extension, there is a set of requirements that SHALL be met as part of the definition of the extension. Applications processing a resource are required to check for modifier extensions.

Modifier extensions SHALL NOT change the meaning of any elements on Resource or DomainResource (including cannot change the meaning of modifierExtension itself).","There can be no stigma associated with the use of extensions by any application, project, or standard - regardless of the institution or jurisdiction that uses or defines the extensions.  The use of extensions is what allows the FHIR specification to retain a core level of simplicity for everyone.","Modifier extensions allow for extensions that *cannot* be safely ignored to be clearly distinguished from the vast majority of extensions which can be safely ignored.  This promotes interoperability by eliminating the need for implementers to prohibit the presence of extensions. For further information, see the [definition of modifier extensions](http://hl7.org/fhir/R4/extensibility.html#modifierExtension).","","","","","","","",,,,,"",,,,"BackboneElement.modifierExtension",0,*,"","ele-1:All FHIR elements must have a @value or children {hasValue() or (children().count() > id.count())}
ext-1:Must have either extensions or value[x], not both {extension.exists() != value.exists()}"
"SEEHDSLMObservations.observations.header.accessControlHeader","SEEHDSLMObservations.observations.header.accessControlHeader","","","",1,1,"","","","BackboneElement {[]} {[]}
","accessControlHeader","accessControlHeader","","","","","","","","","",,,,,"",,,,"SEEHDSLMObservations.observations.header.accessControlHeader",1,1,"","ele-1:All FHIR elements must have a @value or children {hasValue() or (children().count() > id.count())}
"
"SEEHDSLMObservations.observations.header.accessControlHeader.id","SEEHDSLMObservations.observations.header.accessControlHeader.id","","","",0,1,"","","","string {[]} {[]}
","Unique id for inter-element referencing","Unique id for the element within a resource (for internal references). This may be any string value that does not contain spaces.","","","","","","","","","",,,,,"",,,,"Element.id",0,1,"",""
"SEEHDSLMObservations.observations.header.accessControlHeader.extension","SEEHDSLMObservations.observations.header.accessControlHeader.extension","","extensions
user content","",0,*,"","","","Extension {[]} {[]}
","Additional content defined by implementations","May be used to represent additional information that is not part of the basic definition of the element. To make the use of extensions safe and manageable, there is a strict set of governance  applied to the definition and use of extensions. Though any implementer can define an extension, there is a set of requirements that SHALL be met as part of the definition of the extension.","There can be no stigma associated with the use of extensions by any application, project, or standard - regardless of the institution or jurisdiction that uses or defines the extensions.  The use of extensions is what allows the FHIR specification to retain a core level of simplicity for everyone.","","","","","","","","",,,,,"","value:url}
","Extensions are always sliced by (at least) url",,"open","Element.extension",0,*,"","ele-1:All FHIR elements must have a @value or children {hasValue() or (children().count() > id.count())}
ext-1:Must have either extensions or value[x], not both {extension.exists() != value.exists()}"
"SEEHDSLMObservations.observations.header.accessControlHeader.modifierExtension","SEEHDSLMObservations.observations.header.accessControlHeader.modifierExtension","","extensions
user contentmodifiers","",0,*,"","Y","Y","Extension {[]} {[]}
","Extensions that cannot be ignored even if unrecognized","May be used to represent additional information that is not part of the basic definition of the element and that modifies the understanding of the element in which it is contained and/or the understanding of the containing element's descendants. Usually modifier elements provide negation or qualification. To make the use of extensions safe and manageable, there is a strict set of governance applied to the definition and use of extensions. Though any implementer can define an extension, there is a set of requirements that SHALL be met as part of the definition of the extension. Applications processing a resource are required to check for modifier extensions.

Modifier extensions SHALL NOT change the meaning of any elements on Resource or DomainResource (including cannot change the meaning of modifierExtension itself).","There can be no stigma associated with the use of extensions by any application, project, or standard - regardless of the institution or jurisdiction that uses or defines the extensions.  The use of extensions is what allows the FHIR specification to retain a core level of simplicity for everyone.","Modifier extensions allow for extensions that *cannot* be safely ignored to be clearly distinguished from the vast majority of extensions which can be safely ignored.  This promotes interoperability by eliminating the need for implementers to prohibit the presence of extensions. For further information, see the [definition of modifier extensions](http://hl7.org/fhir/R4/extensibility.html#modifierExtension).","","","","","","","",,,,,"",,,,"BackboneElement.modifierExtension",0,*,"","ele-1:All FHIR elements must have a @value or children {hasValue() or (children().count() > id.count())}
ext-1:Must have either extensions or value[x], not both {extension.exists() != value.exists()}"
"SEEHDSLMObservations.observations.header.accessControlHeader.accountableCareGiver","SEEHDSLMObservations.observations.header.accessControlHeader.accountableCareGiver","","","",1,1,"","","","https://fhir.inera.se/ig/ehds-tk/StructureDefinition/SEEHDSRivIITypeHealthcondBasic2 {[]} {[]}
","accountableCareGiver","accountableCareGiver","","","","","","","","","",,,,,"",,,,"SEEHDSLMObservations.observations.header.accessControlHeader.accountableCareGiver",1,1,"",""
"SEEHDSLMObservations.observations.header.accessControlHeader.accountableCareUnit","SEEHDSLMObservations.observations.header.accessControlHeader.accountableCareUnit","","","",1,1,"","","","https://fhir.inera.se/ig/ehds-tk/StructureDefinition/SEEHDSRivIITypeHealthcondBasic2 {[]} {[]}
","accountableCareUnit","accountableCareUnit","","","","","","","","","",,,,,"",,,,"SEEHDSLMObservations.observations.header.accessControlHeader.accountableCareUnit",1,1,"",""
"SEEHDSLMObservations.observations.header.accessControlHeader.patient","SEEHDSLMObservations.observations.header.accessControlHeader.patient","","","",1,1,"","","","BackboneElement {[]} {[]}
","patient","patient","","","","","","","","","",,,,,"",,,,"SEEHDSLMObservations.observations.header.accessControlHeader.patient",1,1,"","ele-1:All FHIR elements must have a @value or children {hasValue() or (children().count() > id.count())}
"
"SEEHDSLMObservations.observations.header.accessControlHeader.patient.id","SEEHDSLMObservations.observations.header.accessControlHeader.patient.id","","","",0,1,"","","","string {[]} {[]}
","Unique id for inter-element referencing","Unique id for the element within a resource (for internal references). This may be any string value that does not contain spaces.","","","","","","","","","",,,,,"",,,,"Element.id",0,1,"",""
"SEEHDSLMObservations.observations.header.accessControlHeader.patient.extension","SEEHDSLMObservations.observations.header.accessControlHeader.patient.extension","","extensions
user content","",0,*,"","","","Extension {[]} {[]}
","Additional content defined by implementations","May be used to represent additional information that is not part of the basic definition of the element. To make the use of extensions safe and manageable, there is a strict set of governance  applied to the definition and use of extensions. Though any implementer can define an extension, there is a set of requirements that SHALL be met as part of the definition of the extension.","There can be no stigma associated with the use of extensions by any application, project, or standard - regardless of the institution or jurisdiction that uses or defines the extensions.  The use of extensions is what allows the FHIR specification to retain a core level of simplicity for everyone.","","","","","","","","",,,,,"","value:url}
","Extensions are always sliced by (at least) url",,"open","Element.extension",0,*,"","ele-1:All FHIR elements must have a @value or children {hasValue() or (children().count() > id.count())}
ext-1:Must have either extensions or value[x], not both {extension.exists() != value.exists()}"
"SEEHDSLMObservations.observations.header.accessControlHeader.patient.modifierExtension","SEEHDSLMObservations.observations.header.accessControlHeader.patient.modifierExtension","","extensions
user contentmodifiers","",0,*,"","Y","Y","Extension {[]} {[]}
","Extensions that cannot be ignored even if unrecognized","May be used to represent additional information that is not part of the basic definition of the element and that modifies the understanding of the element in which it is contained and/or the understanding of the containing element's descendants. Usually modifier elements provide negation or qualification. To make the use of extensions safe and manageable, there is a strict set of governance applied to the definition and use of extensions. Though any implementer can define an extension, there is a set of requirements that SHALL be met as part of the definition of the extension. Applications processing a resource are required to check for modifier extensions.

Modifier extensions SHALL NOT change the meaning of any elements on Resource or DomainResource (including cannot change the meaning of modifierExtension itself).","There can be no stigma associated with the use of extensions by any application, project, or standard - regardless of the institution or jurisdiction that uses or defines the extensions.  The use of extensions is what allows the FHIR specification to retain a core level of simplicity for everyone.","Modifier extensions allow for extensions that *cannot* be safely ignored to be clearly distinguished from the vast majority of extensions which can be safely ignored.  This promotes interoperability by eliminating the need for implementers to prohibit the presence of extensions. For further information, see the [definition of modifier extensions](http://hl7.org/fhir/R4/extensibility.html#modifierExtension).","","","","","","","",,,,,"",,,,"BackboneElement.modifierExtension",0,*,"","ele-1:All FHIR elements must have a @value or children {hasValue() or (children().count() > id.count())}
ext-1:Must have either extensions or value[x], not both {extension.exists() != value.exists()}"
"SEEHDSLMObservations.observations.header.accessControlHeader.patient.rivId","SEEHDSLMObservations.observations.header.accessControlHeader.patient.rivId","","","",1,2,"","","","https://fhir.inera.se/ig/ehds-tk/StructureDefinition/SEEHDSRivIITypeHealthcondBasic2 {[]} {[]}
","id","id","","","","","","","","","",,,,,"",,,,"SEEHDSLMObservations.observations.header.accessControlHeader.patient.rivId",1,2,"",""
"SEEHDSLMObservations.observations.header.accessControlHeader.careProcessId","SEEHDSLMObservations.observations.header.accessControlHeader.careProcessId","","","",0,1,"","","","https://fhir.inera.se/ig/ehds-tk/StructureDefinition/SEEHDSRivString {[]} {[]}
","careProcessId","careProcessId","","","","","","","","","",,,,,"",,,,"SEEHDSLMObservations.observations.header.accessControlHeader.careProcessId",0,1,"",""
"SEEHDSLMObservations.observations.header.accessControlHeader.lockTime","SEEHDSLMObservations.observations.header.accessControlHeader.lockTime","","","",0,1,"","","","https://fhir.inera.se/ig/ehds-tk/StructureDefinition/SEEHDSRivTimeStamp {[]} {[]}
","lockTime","Format enligt XSD (TimeStampType): ÅÅÅÅMMDDttmmss.","","","","","","","","","",,,,,"",,,,"SEEHDSLMObservations.observations.header.accessControlHeader.lockTime",0,1,"",""
"SEEHDSLMObservations.observations.header.accessControlHeader.blockComparisonTime","SEEHDSLMObservations.observations.header.accessControlHeader.blockComparisonTime","","","",0,1,"","","","https://fhir.inera.se/ig/ehds-tk/StructureDefinition/SEEHDSRivTimeStamp {[]} {[]}
","blockComparisonTime","Format enligt XSD (TimeStampType): ÅÅÅÅMMDDttmmss.","","","","","","","","","",,,,,"",,,,"SEEHDSLMObservations.observations.header.accessControlHeader.blockComparisonTime",0,1,"",""
"SEEHDSLMObservations.observations.header.accessControlHeader.approvedForPatient","SEEHDSLMObservations.observations.header.accessControlHeader.approvedForPatient","","","",1,1,"","","","https://fhir.inera.se/ig/ehds-tk/StructureDefinition/SEEHDSRivBoolean {[]} {[]}
","approvedForPatient","approvedForPatient","","","","","","","","","",,,,,"",,,,"SEEHDSLMObservations.observations.header.accessControlHeader.approvedForPatient",1,1,"",""
"SEEHDSLMObservations.observations.header.source","SEEHDSLMObservations.observations.header.source","","","",1,1,"","","","BackboneElement {[]} {[]}
","source","source","","","","","","","","","",,,,,"",,,,"SEEHDSLMObservations.observations.header.source",1,1,"","ele-1:All FHIR elements must have a @value or children {hasValue() or (children().count() > id.count())}
"
"SEEHDSLMObservations.observations.header.source.id","SEEHDSLMObservations.observations.header.source.id","","","",0,1,"","","","string {[]} {[]}
","Unique id for inter-element referencing","Unique id for the element within a resource (for internal references). This may be any string value that does not contain spaces.","","","","","","","","","",,,,,"",,,,"Element.id",0,1,"",""
"SEEHDSLMObservations.observations.header.source.extension","SEEHDSLMObservations.observations.header.source.extension","","extensions
user content","",0,*,"","","","Extension {[]} {[]}
","Additional content defined by implementations","May be used to represent additional information that is not part of the basic definition of the element. To make the use of extensions safe and manageable, there is a strict set of governance  applied to the definition and use of extensions. Though any implementer can define an extension, there is a set of requirements that SHALL be met as part of the definition of the extension.","There can be no stigma associated with the use of extensions by any application, project, or standard - regardless of the institution or jurisdiction that uses or defines the extensions.  The use of extensions is what allows the FHIR specification to retain a core level of simplicity for everyone.","","","","","","","","",,,,,"","value:url}
","Extensions are always sliced by (at least) url",,"open","Element.extension",0,*,"","ele-1:All FHIR elements must have a @value or children {hasValue() or (children().count() > id.count())}
ext-1:Must have either extensions or value[x], not both {extension.exists() != value.exists()}"
"SEEHDSLMObservations.observations.header.source.modifierExtension","SEEHDSLMObservations.observations.header.source.modifierExtension","","extensions
user contentmodifiers","",0,*,"","Y","Y","Extension {[]} {[]}
","Extensions that cannot be ignored even if unrecognized","May be used to represent additional information that is not part of the basic definition of the element and that modifies the understanding of the element in which it is contained and/or the understanding of the containing element's descendants. Usually modifier elements provide negation or qualification. To make the use of extensions safe and manageable, there is a strict set of governance applied to the definition and use of extensions. Though any implementer can define an extension, there is a set of requirements that SHALL be met as part of the definition of the extension. Applications processing a resource are required to check for modifier extensions.

Modifier extensions SHALL NOT change the meaning of any elements on Resource or DomainResource (including cannot change the meaning of modifierExtension itself).","There can be no stigma associated with the use of extensions by any application, project, or standard - regardless of the institution or jurisdiction that uses or defines the extensions.  The use of extensions is what allows the FHIR specification to retain a core level of simplicity for everyone.","Modifier extensions allow for extensions that *cannot* be safely ignored to be clearly distinguished from the vast majority of extensions which can be safely ignored.  This promotes interoperability by eliminating the need for implementers to prohibit the presence of extensions. For further information, see the [definition of modifier extensions](http://hl7.org/fhir/R4/extensibility.html#modifierExtension).","","","","","","","",,,,,"",,,,"BackboneElement.modifierExtension",0,*,"","ele-1:All FHIR elements must have a @value or children {hasValue() or (children().count() > id.count())}
ext-1:Must have either extensions or value[x], not both {extension.exists() != value.exists()}"
"SEEHDSLMObservations.observations.header.source.systemId","SEEHDSLMObservations.observations.header.source.systemId","","","",1,1,"","","","https://fhir.inera.se/ig/ehds-tk/StructureDefinition/SEEHDSRivIITypeHealthcondBasic2 {[]} {[]}
","systemId","systemId","","","","","","","","","",,,,,"",,,,"SEEHDSLMObservations.observations.header.source.systemId",1,1,"",""
"SEEHDSLMObservations.observations.header.record","SEEHDSLMObservations.observations.header.record","","","",0,1,"","","","BackboneElement {[]} {[]}
","record","record","","","","","","","","","",,,,,"",,,,"SEEHDSLMObservations.observations.header.record",0,1,"","ele-1:All FHIR elements must have a @value or children {hasValue() or (children().count() > id.count())}
"
"SEEHDSLMObservations.observations.header.record.id","SEEHDSLMObservations.observations.header.record.id","","","",0,1,"","","","string {[]} {[]}
","Unique id for inter-element referencing","Unique id for the element within a resource (for internal references). This may be any string value that does not contain spaces.","","","","","","","","","",,,,,"",,,,"Element.id",0,1,"",""
"SEEHDSLMObservations.observations.header.record.extension","SEEHDSLMObservations.observations.header.record.extension","","extensions
user content","",0,*,"","","","Extension {[]} {[]}
","Additional content defined by implementations","May be used to represent additional information that is not part of the basic definition of the element. To make the use of extensions safe and manageable, there is a strict set of governance  applied to the definition and use of extensions. Though any implementer can define an extension, there is a set of requirements that SHALL be met as part of the definition of the extension.","There can be no stigma associated with the use of extensions by any application, project, or standard - regardless of the institution or jurisdiction that uses or defines the extensions.  The use of extensions is what allows the FHIR specification to retain a core level of simplicity for everyone.","","","","","","","","",,,,,"","value:url}
","Extensions are always sliced by (at least) url",,"open","Element.extension",0,*,"","ele-1:All FHIR elements must have a @value or children {hasValue() or (children().count() > id.count())}
ext-1:Must have either extensions or value[x], not both {extension.exists() != value.exists()}"
"SEEHDSLMObservations.observations.header.record.modifierExtension","SEEHDSLMObservations.observations.header.record.modifierExtension","","extensions
user contentmodifiers","",0,*,"","Y","Y","Extension {[]} {[]}
","Extensions that cannot be ignored even if unrecognized","May be used to represent additional information that is not part of the basic definition of the element and that modifies the understanding of the element in which it is contained and/or the understanding of the containing element's descendants. Usually modifier elements provide negation or qualification. To make the use of extensions safe and manageable, there is a strict set of governance applied to the definition and use of extensions. Though any implementer can define an extension, there is a set of requirements that SHALL be met as part of the definition of the extension. Applications processing a resource are required to check for modifier extensions.

Modifier extensions SHALL NOT change the meaning of any elements on Resource or DomainResource (including cannot change the meaning of modifierExtension itself).","There can be no stigma associated with the use of extensions by any application, project, or standard - regardless of the institution or jurisdiction that uses or defines the extensions.  The use of extensions is what allows the FHIR specification to retain a core level of simplicity for everyone.","Modifier extensions allow for extensions that *cannot* be safely ignored to be clearly distinguished from the vast majority of extensions which can be safely ignored.  This promotes interoperability by eliminating the need for implementers to prohibit the presence of extensions. For further information, see the [definition of modifier extensions](http://hl7.org/fhir/R4/extensibility.html#modifierExtension).","","","","","","","",,,,,"",,,,"BackboneElement.modifierExtension",0,*,"","ele-1:All FHIR elements must have a @value or children {hasValue() or (children().count() > id.count())}
ext-1:Must have either extensions or value[x], not both {extension.exists() != value.exists()}"
"SEEHDSLMObservations.observations.header.record.rivId","SEEHDSLMObservations.observations.header.record.rivId","","","",1,1,"","","","https://fhir.inera.se/ig/ehds-tk/StructureDefinition/SEEHDSRivIITypeHealthcondBasic2 {[]} {[]}
","id","id","","","","","","","","","",,,,,"",,,,"SEEHDSLMObservations.observations.header.record.rivId",1,1,"",""
"SEEHDSLMObservations.observations.header.record.timestamp","SEEHDSLMObservations.observations.header.record.timestamp","","","",1,1,"","","","https://fhir.inera.se/ig/ehds-tk/StructureDefinition/SEEHDSRivTimeStamp {[]} {[]}
","timestamp","Format enligt XSD (TimeStampType): ÅÅÅÅMMDDttmmss.","","","","","","","","","",,,,,"",,,,"SEEHDSLMObservations.observations.header.record.timestamp",1,1,"",""
"SEEHDSLMObservations.observations.header.record.title","SEEHDSLMObservations.observations.header.record.title","","","",0,1,"","","","https://fhir.inera.se/ig/ehds-tk/StructureDefinition/SEEHDSRivString {[]} {[]}
","title","title","","","","","","","","","",,,,,"",,,,"SEEHDSLMObservations.observations.header.record.title",0,1,"",""
"SEEHDSLMObservations.observations.header.record.careContactId","SEEHDSLMObservations.observations.header.record.careContactId","","","",0,1,"","","","https://fhir.inera.se/ig/ehds-tk/StructureDefinition/SEEHDSRivIITypeHealthcondBasic2 {[]} {[]}
","careContactId","careContactId","","","","","","","","","",,,,,"",,,,"SEEHDSLMObservations.observations.header.record.careContactId",0,1,"",""
"SEEHDSLMObservations.observations.header.origin","SEEHDSLMObservations.observations.header.origin","","","",0,1,"","","","BackboneElement {[]} {[]}
","origin","origin","","","","","","","","","",,,,,"",,,,"SEEHDSLMObservations.observations.header.origin",0,1,"","ele-1:All FHIR elements must have a @value or children {hasValue() or (children().count() > id.count())}
"
"SEEHDSLMObservations.observations.header.origin.id","SEEHDSLMObservations.observations.header.origin.id","","","",0,1,"","","","string {[]} {[]}
","Unique id for inter-element referencing","Unique id for the element within a resource (for internal references). This may be any string value that does not contain spaces.","","","","","","","","","",,,,,"",,,,"Element.id",0,1,"",""
"SEEHDSLMObservations.observations.header.origin.extension","SEEHDSLMObservations.observations.header.origin.extension","","extensions
user content","",0,*,"","","","Extension {[]} {[]}
","Additional content defined by implementations","May be used to represent additional information that is not part of the basic definition of the element. To make the use of extensions safe and manageable, there is a strict set of governance  applied to the definition and use of extensions. Though any implementer can define an extension, there is a set of requirements that SHALL be met as part of the definition of the extension.","There can be no stigma associated with the use of extensions by any application, project, or standard - regardless of the institution or jurisdiction that uses or defines the extensions.  The use of extensions is what allows the FHIR specification to retain a core level of simplicity for everyone.","","","","","","","","",,,,,"","value:url}
","Extensions are always sliced by (at least) url",,"open","Element.extension",0,*,"","ele-1:All FHIR elements must have a @value or children {hasValue() or (children().count() > id.count())}
ext-1:Must have either extensions or value[x], not both {extension.exists() != value.exists()}"
"SEEHDSLMObservations.observations.header.origin.modifierExtension","SEEHDSLMObservations.observations.header.origin.modifierExtension","","extensions
user contentmodifiers","",0,*,"","Y","Y","Extension {[]} {[]}
","Extensions that cannot be ignored even if unrecognized","May be used to represent additional information that is not part of the basic definition of the element and that modifies the understanding of the element in which it is contained and/or the understanding of the containing element's descendants. Usually modifier elements provide negation or qualification. To make the use of extensions safe and manageable, there is a strict set of governance applied to the definition and use of extensions. Though any implementer can define an extension, there is a set of requirements that SHALL be met as part of the definition of the extension. Applications processing a resource are required to check for modifier extensions.

Modifier extensions SHALL NOT change the meaning of any elements on Resource or DomainResource (including cannot change the meaning of modifierExtension itself).","There can be no stigma associated with the use of extensions by any application, project, or standard - regardless of the institution or jurisdiction that uses or defines the extensions.  The use of extensions is what allows the FHIR specification to retain a core level of simplicity for everyone.","Modifier extensions allow for extensions that *cannot* be safely ignored to be clearly distinguished from the vast majority of extensions which can be safely ignored.  This promotes interoperability by eliminating the need for implementers to prohibit the presence of extensions. For further information, see the [definition of modifier extensions](http://hl7.org/fhir/R4/extensibility.html#modifierExtension).","","","","","","","",,,,,"",,,,"BackboneElement.modifierExtension",0,*,"","ele-1:All FHIR elements must have a @value or children {hasValue() or (children().count() > id.count())}
ext-1:Must have either extensions or value[x], not both {extension.exists() != value.exists()}"
"SEEHDSLMObservations.observations.header.origin.timestamp","SEEHDSLMObservations.observations.header.origin.timestamp","","","",1,1,"","","","https://fhir.inera.se/ig/ehds-tk/StructureDefinition/SEEHDSRivTimeStamp {[]} {[]}
","timestamp","Format enligt XSD (TimeStampType): ÅÅÅÅMMDDttmmss.","","","","","","","","","",,,,,"",,,,"SEEHDSLMObservations.observations.header.origin.timestamp",1,1,"",""
"SEEHDSLMObservations.observations.header.origin.by","SEEHDSLMObservations.observations.header.origin.by","","","",1,1,"","","","BackboneElement {[]} {[]}
","by","by","","","","","","","","","",,,,,"",,,,"SEEHDSLMObservations.observations.header.origin.by",1,1,"","ele-1:All FHIR elements must have a @value or children {hasValue() or (children().count() > id.count())}
"
"SEEHDSLMObservations.observations.header.origin.by.id","SEEHDSLMObservations.observations.header.origin.by.id","","","",0,1,"","","","string {[]} {[]}
","Unique id for inter-element referencing","Unique id for the element within a resource (for internal references). This may be any string value that does not contain spaces.","","","","","","","","","",,,,,"",,,,"Element.id",0,1,"",""
"SEEHDSLMObservations.observations.header.origin.by.extension","SEEHDSLMObservations.observations.header.origin.by.extension","","extensions
user content","",0,*,"","","","Extension {[]} {[]}
","Additional content defined by implementations","May be used to represent additional information that is not part of the basic definition of the element. To make the use of extensions safe and manageable, there is a strict set of governance  applied to the definition and use of extensions. Though any implementer can define an extension, there is a set of requirements that SHALL be met as part of the definition of the extension.","There can be no stigma associated with the use of extensions by any application, project, or standard - regardless of the institution or jurisdiction that uses or defines the extensions.  The use of extensions is what allows the FHIR specification to retain a core level of simplicity for everyone.","","","","","","","","",,,,,"","value:url}
","Extensions are always sliced by (at least) url",,"open","Element.extension",0,*,"","ele-1:All FHIR elements must have a @value or children {hasValue() or (children().count() > id.count())}
ext-1:Must have either extensions or value[x], not both {extension.exists() != value.exists()}"
"SEEHDSLMObservations.observations.header.origin.by.modifierExtension","SEEHDSLMObservations.observations.header.origin.by.modifierExtension","","extensions
user contentmodifiers","",0,*,"","Y","Y","Extension {[]} {[]}
","Extensions that cannot be ignored even if unrecognized","May be used to represent additional information that is not part of the basic definition of the element and that modifies the understanding of the element in which it is contained and/or the understanding of the containing element's descendants. Usually modifier elements provide negation or qualification. To make the use of extensions safe and manageable, there is a strict set of governance applied to the definition and use of extensions. Though any implementer can define an extension, there is a set of requirements that SHALL be met as part of the definition of the extension. Applications processing a resource are required to check for modifier extensions.

Modifier extensions SHALL NOT change the meaning of any elements on Resource or DomainResource (including cannot change the meaning of modifierExtension itself).","There can be no stigma associated with the use of extensions by any application, project, or standard - regardless of the institution or jurisdiction that uses or defines the extensions.  The use of extensions is what allows the FHIR specification to retain a core level of simplicity for everyone.","Modifier extensions allow for extensions that *cannot* be safely ignored to be clearly distinguished from the vast majority of extensions which can be safely ignored.  This promotes interoperability by eliminating the need for implementers to prohibit the presence of extensions. For further information, see the [definition of modifier extensions](http://hl7.org/fhir/R4/extensibility.html#modifierExtension).","","","","","","","",,,,,"",,,,"BackboneElement.modifierExtension",0,*,"","ele-1:All FHIR elements must have a @value or children {hasValue() or (children().count() > id.count())}
ext-1:Must have either extensions or value[x], not both {extension.exists() != value.exists()}"
"SEEHDSLMObservations.observations.header.origin.by.type","SEEHDSLMObservations.observations.header.origin.by.type","","","",1,1,"","","","https://fhir.inera.se/ig/ehds-tk/StructureDefinition/SEEHDSRivString {[]} {[]}
","type","Tillåtna värden enligt XSD: HCPROFESSIONAL, PATIENT, PROXY, DEVICE.","","","","","","","","","",,,,,"",,,,"SEEHDSLMObservations.observations.header.origin.by.type",1,1,"",""
"SEEHDSLMObservations.observations.header.origin.by.rivId","SEEHDSLMObservations.observations.header.origin.by.rivId","","","",0,1,"","","","https://fhir.inera.se/ig/ehds-tk/StructureDefinition/SEEHDSRivIITypeHealthcondBasic2 {[]} {[]}
","id","id","","","","","","","","","",,,,,"",,,,"SEEHDSLMObservations.observations.header.origin.by.rivId",0,1,"",""
"SEEHDSLMObservations.observations.header.origin.by.name","SEEHDSLMObservations.observations.header.origin.by.name","","","",0,1,"","","","https://fhir.inera.se/ig/ehds-tk/StructureDefinition/SEEHDSRivString {[]} {[]}
","name","name","","","","","","","","","",,,,,"",,,,"SEEHDSLMObservations.observations.header.origin.by.name",0,1,"",""
"SEEHDSLMObservations.observations.header.origin.by.orgUnit","SEEHDSLMObservations.observations.header.origin.by.orgUnit","","","",0,1,"","","","BackboneElement {[]} {[]}
","orgUnit","orgUnit","","","","","","","","","",,,,,"",,,,"SEEHDSLMObservations.observations.header.origin.by.orgUnit",0,1,"","ele-1:All FHIR elements must have a @value or children {hasValue() or (children().count() > id.count())}
"
"SEEHDSLMObservations.observations.header.origin.by.orgUnit.id","SEEHDSLMObservations.observations.header.origin.by.orgUnit.id","","","",0,1,"","","","string {[]} {[]}
","Unique id for inter-element referencing","Unique id for the element within a resource (for internal references). This may be any string value that does not contain spaces.","","","","","","","","","",,,,,"",,,,"Element.id",0,1,"",""
"SEEHDSLMObservations.observations.header.origin.by.orgUnit.extension","SEEHDSLMObservations.observations.header.origin.by.orgUnit.extension","","extensions
user content","",0,*,"","","","Extension {[]} {[]}
","Additional content defined by implementations","May be used to represent additional information that is not part of the basic definition of the element. To make the use of extensions safe and manageable, there is a strict set of governance  applied to the definition and use of extensions. Though any implementer can define an extension, there is a set of requirements that SHALL be met as part of the definition of the extension.","There can be no stigma associated with the use of extensions by any application, project, or standard - regardless of the institution or jurisdiction that uses or defines the extensions.  The use of extensions is what allows the FHIR specification to retain a core level of simplicity for everyone.","","","","","","","","",,,,,"","value:url}
","Extensions are always sliced by (at least) url",,"open","Element.extension",0,*,"","ele-1:All FHIR elements must have a @value or children {hasValue() or (children().count() > id.count())}
ext-1:Must have either extensions or value[x], not both {extension.exists() != value.exists()}"
"SEEHDSLMObservations.observations.header.origin.by.orgUnit.modifierExtension","SEEHDSLMObservations.observations.header.origin.by.orgUnit.modifierExtension","","extensions
user contentmodifiers","",0,*,"","Y","Y","Extension {[]} {[]}
","Extensions that cannot be ignored even if unrecognized","May be used to represent additional information that is not part of the basic definition of the element and that modifies the understanding of the element in which it is contained and/or the understanding of the containing element's descendants. Usually modifier elements provide negation or qualification. To make the use of extensions safe and manageable, there is a strict set of governance applied to the definition and use of extensions. Though any implementer can define an extension, there is a set of requirements that SHALL be met as part of the definition of the extension. Applications processing a resource are required to check for modifier extensions.

Modifier extensions SHALL NOT change the meaning of any elements on Resource or DomainResource (including cannot change the meaning of modifierExtension itself).","There can be no stigma associated with the use of extensions by any application, project, or standard - regardless of the institution or jurisdiction that uses or defines the extensions.  The use of extensions is what allows the FHIR specification to retain a core level of simplicity for everyone.","Modifier extensions allow for extensions that *cannot* be safely ignored to be clearly distinguished from the vast majority of extensions which can be safely ignored.  This promotes interoperability by eliminating the need for implementers to prohibit the presence of extensions. For further information, see the [definition of modifier extensions](http://hl7.org/fhir/R4/extensibility.html#modifierExtension).","","","","","","","",,,,,"",,,,"BackboneElement.modifierExtension",0,*,"","ele-1:All FHIR elements must have a @value or children {hasValue() or (children().count() > id.count())}
ext-1:Must have either extensions or value[x], not both {extension.exists() != value.exists()}"
"SEEHDSLMObservations.observations.header.origin.by.orgUnit.rivId","SEEHDSLMObservations.observations.header.origin.by.orgUnit.rivId","","","",0,1,"","","","https://fhir.inera.se/ig/ehds-tk/StructureDefinition/SEEHDSRivIITypeHealthcondBasic2 {[]} {[]}
","id","id","","","","","","","","","",,,,,"",,,,"SEEHDSLMObservations.observations.header.origin.by.orgUnit.rivId",0,1,"",""
"SEEHDSLMObservations.observations.header.origin.by.orgUnit.name","SEEHDSLMObservations.observations.header.origin.by.orgUnit.name","","","",0,1,"","","","https://fhir.inera.se/ig/ehds-tk/StructureDefinition/SEEHDSRivString {[]} {[]}
","name","name","","","","","","","","","",,,,,"",,,,"SEEHDSLMObservations.observations.header.origin.by.orgUnit.name",0,1,"",""
"SEEHDSLMObservations.observations.header.origin.byRole","SEEHDSLMObservations.observations.header.origin.byRole","","","",0,1,"","","","https://fhir.inera.se/ig/ehds-tk/StructureDefinition/SEEHDSRivCVTypeHealthcondBasic2 {[]} {[]}
","byRole","byRole","","","","","","","","","",,,,,"",,,,"SEEHDSLMObservations.observations.header.origin.byRole",0,1,"",""
"SEEHDSLMObservations.observations.header.originalAuthor","SEEHDSLMObservations.observations.header.originalAuthor","","","",0,1,"","","","BackboneElement {[]} {[]}
","originalAuthor","originalAuthor","","","","","","","","","",,,,,"",,,,"SEEHDSLMObservations.observations.header.originalAuthor",0,1,"","ele-1:All FHIR elements must have a @value or children {hasValue() or (children().count() > id.count())}
"
"SEEHDSLMObservations.observations.header.originalAuthor.id","SEEHDSLMObservations.observations.header.originalAuthor.id","","","",0,1,"","","","string {[]} {[]}
","Unique id for inter-element referencing","Unique id for the element within a resource (for internal references). This may be any string value that does not contain spaces.","","","","","","","","","",,,,,"",,,,"Element.id",0,1,"",""
"SEEHDSLMObservations.observations.header.originalAuthor.extension","SEEHDSLMObservations.observations.header.originalAuthor.extension","","extensions
user content","",0,*,"","","","Extension {[]} {[]}
","Additional content defined by implementations","May be used to represent additional information that is not part of the basic definition of the element. To make the use of extensions safe and manageable, there is a strict set of governance  applied to the definition and use of extensions. Though any implementer can define an extension, there is a set of requirements that SHALL be met as part of the definition of the extension.","There can be no stigma associated with the use of extensions by any application, project, or standard - regardless of the institution or jurisdiction that uses or defines the extensions.  The use of extensions is what allows the FHIR specification to retain a core level of simplicity for everyone.","","","","","","","","",,,,,"","value:url}
","Extensions are always sliced by (at least) url",,"open","Element.extension",0,*,"","ele-1:All FHIR elements must have a @value or children {hasValue() or (children().count() > id.count())}
ext-1:Must have either extensions or value[x], not both {extension.exists() != value.exists()}"
"SEEHDSLMObservations.observations.header.originalAuthor.modifierExtension","SEEHDSLMObservations.observations.header.originalAuthor.modifierExtension","","extensions
user contentmodifiers","",0,*,"","Y","Y","Extension {[]} {[]}
","Extensions that cannot be ignored even if unrecognized","May be used to represent additional information that is not part of the basic definition of the element and that modifies the understanding of the element in which it is contained and/or the understanding of the containing element's descendants. Usually modifier elements provide negation or qualification. To make the use of extensions safe and manageable, there is a strict set of governance applied to the definition and use of extensions. Though any implementer can define an extension, there is a set of requirements that SHALL be met as part of the definition of the extension. Applications processing a resource are required to check for modifier extensions.

Modifier extensions SHALL NOT change the meaning of any elements on Resource or DomainResource (including cannot change the meaning of modifierExtension itself).","There can be no stigma associated with the use of extensions by any application, project, or standard - regardless of the institution or jurisdiction that uses or defines the extensions.  The use of extensions is what allows the FHIR specification to retain a core level of simplicity for everyone.","Modifier extensions allow for extensions that *cannot* be safely ignored to be clearly distinguished from the vast majority of extensions which can be safely ignored.  This promotes interoperability by eliminating the need for implementers to prohibit the presence of extensions. For further information, see the [definition of modifier extensions](http://hl7.org/fhir/R4/extensibility.html#modifierExtension).","","","","","","","",,,,,"",,,,"BackboneElement.modifierExtension",0,*,"","ele-1:All FHIR elements must have a @value or children {hasValue() or (children().count() > id.count())}
ext-1:Must have either extensions or value[x], not both {extension.exists() != value.exists()}"
"SEEHDSLMObservations.observations.header.originalAuthor.timestamp","SEEHDSLMObservations.observations.header.originalAuthor.timestamp","","","",1,1,"","","","https://fhir.inera.se/ig/ehds-tk/StructureDefinition/SEEHDSRivTimeStamp {[]} {[]}
","timestamp","Format enligt XSD (TimeStampType): ÅÅÅÅMMDDttmmss.","","","","","","","","","",,,,,"",,,,"SEEHDSLMObservations.observations.header.originalAuthor.timestamp",1,1,"",""
"SEEHDSLMObservations.observations.header.originalAuthor.by","SEEHDSLMObservations.observations.header.originalAuthor.by","","","",1,1,"","","","BackboneElement {[]} {[]}
","by","by","","","","","","","","","",,,,,"",,,,"SEEHDSLMObservations.observations.header.originalAuthor.by",1,1,"","ele-1:All FHIR elements must have a @value or children {hasValue() or (children().count() > id.count())}
"
"SEEHDSLMObservations.observations.header.originalAuthor.by.id","SEEHDSLMObservations.observations.header.originalAuthor.by.id","","","",0,1,"","","","string {[]} {[]}
","Unique id for inter-element referencing","Unique id for the element within a resource (for internal references). This may be any string value that does not contain spaces.","","","","","","","","","",,,,,"",,,,"Element.id",0,1,"",""
"SEEHDSLMObservations.observations.header.originalAuthor.by.extension","SEEHDSLMObservations.observations.header.originalAuthor.by.extension","","extensions
user content","",0,*,"","","","Extension {[]} {[]}
","Additional content defined by implementations","May be used to represent additional information that is not part of the basic definition of the element. To make the use of extensions safe and manageable, there is a strict set of governance  applied to the definition and use of extensions. Though any implementer can define an extension, there is a set of requirements that SHALL be met as part of the definition of the extension.","There can be no stigma associated with the use of extensions by any application, project, or standard - regardless of the institution or jurisdiction that uses or defines the extensions.  The use of extensions is what allows the FHIR specification to retain a core level of simplicity for everyone.","","","","","","","","",,,,,"","value:url}
","Extensions are always sliced by (at least) url",,"open","Element.extension",0,*,"","ele-1:All FHIR elements must have a @value or children {hasValue() or (children().count() > id.count())}
ext-1:Must have either extensions or value[x], not both {extension.exists() != value.exists()}"
"SEEHDSLMObservations.observations.header.originalAuthor.by.modifierExtension","SEEHDSLMObservations.observations.header.originalAuthor.by.modifierExtension","","extensions
user contentmodifiers","",0,*,"","Y","Y","Extension {[]} {[]}
","Extensions that cannot be ignored even if unrecognized","May be used to represent additional information that is not part of the basic definition of the element and that modifies the understanding of the element in which it is contained and/or the understanding of the containing element's descendants. Usually modifier elements provide negation or qualification. To make the use of extensions safe and manageable, there is a strict set of governance applied to the definition and use of extensions. Though any implementer can define an extension, there is a set of requirements that SHALL be met as part of the definition of the extension. Applications processing a resource are required to check for modifier extensions.

Modifier extensions SHALL NOT change the meaning of any elements on Resource or DomainResource (including cannot change the meaning of modifierExtension itself).","There can be no stigma associated with the use of extensions by any application, project, or standard - regardless of the institution or jurisdiction that uses or defines the extensions.  The use of extensions is what allows the FHIR specification to retain a core level of simplicity for everyone.","Modifier extensions allow for extensions that *cannot* be safely ignored to be clearly distinguished from the vast majority of extensions which can be safely ignored.  This promotes interoperability by eliminating the need for implementers to prohibit the presence of extensions. For further information, see the [definition of modifier extensions](http://hl7.org/fhir/R4/extensibility.html#modifierExtension).","","","","","","","",,,,,"",,,,"BackboneElement.modifierExtension",0,*,"","ele-1:All FHIR elements must have a @value or children {hasValue() or (children().count() > id.count())}
ext-1:Must have either extensions or value[x], not both {extension.exists() != value.exists()}"
"SEEHDSLMObservations.observations.header.originalAuthor.by.type","SEEHDSLMObservations.observations.header.originalAuthor.by.type","","","",1,1,"","","","https://fhir.inera.se/ig/ehds-tk/StructureDefinition/SEEHDSRivString {[]} {[]}
","type","Tillåtna värden enligt XSD: HCPROFESSIONAL, PATIENT, PROXY, DEVICE.","","","","","","","","","",,,,,"",,,,"SEEHDSLMObservations.observations.header.originalAuthor.by.type",1,1,"",""
"SEEHDSLMObservations.observations.header.originalAuthor.by.rivId","SEEHDSLMObservations.observations.header.originalAuthor.by.rivId","","","",0,1,"","","","https://fhir.inera.se/ig/ehds-tk/StructureDefinition/SEEHDSRivIITypeHealthcondBasic2 {[]} {[]}
","id","id","","","","","","","","","",,,,,"",,,,"SEEHDSLMObservations.observations.header.originalAuthor.by.rivId",0,1,"",""
"SEEHDSLMObservations.observations.header.originalAuthor.by.name","SEEHDSLMObservations.observations.header.originalAuthor.by.name","","","",0,1,"","","","https://fhir.inera.se/ig/ehds-tk/StructureDefinition/SEEHDSRivString {[]} {[]}
","name","name","","","","","","","","","",,,,,"",,,,"SEEHDSLMObservations.observations.header.originalAuthor.by.name",0,1,"",""
"SEEHDSLMObservations.observations.header.originalAuthor.by.orgUnit","SEEHDSLMObservations.observations.header.originalAuthor.by.orgUnit","","","",0,1,"","","","BackboneElement {[]} {[]}
","orgUnit","orgUnit","","","","","","","","","",,,,,"",,,,"SEEHDSLMObservations.observations.header.originalAuthor.by.orgUnit",0,1,"","ele-1:All FHIR elements must have a @value or children {hasValue() or (children().count() > id.count())}
"
"SEEHDSLMObservations.observations.header.originalAuthor.by.orgUnit.id","SEEHDSLMObservations.observations.header.originalAuthor.by.orgUnit.id","","","",0,1,"","","","string {[]} {[]}
","Unique id for inter-element referencing","Unique id for the element within a resource (for internal references). This may be any string value that does not contain spaces.","","","","","","","","","",,,,,"",,,,"Element.id",0,1,"",""
"SEEHDSLMObservations.observations.header.originalAuthor.by.orgUnit.extension","SEEHDSLMObservations.observations.header.originalAuthor.by.orgUnit.extension","","extensions
user content","",0,*,"","","","Extension {[]} {[]}
","Additional content defined by implementations","May be used to represent additional information that is not part of the basic definition of the element. To make the use of extensions safe and manageable, there is a strict set of governance  applied to the definition and use of extensions. Though any implementer can define an extension, there is a set of requirements that SHALL be met as part of the definition of the extension.","There can be no stigma associated with the use of extensions by any application, project, or standard - regardless of the institution or jurisdiction that uses or defines the extensions.  The use of extensions is what allows the FHIR specification to retain a core level of simplicity for everyone.","","","","","","","","",,,,,"","value:url}
","Extensions are always sliced by (at least) url",,"open","Element.extension",0,*,"","ele-1:All FHIR elements must have a @value or children {hasValue() or (children().count() > id.count())}
ext-1:Must have either extensions or value[x], not both {extension.exists() != value.exists()}"
"SEEHDSLMObservations.observations.header.originalAuthor.by.orgUnit.modifierExtension","SEEHDSLMObservations.observations.header.originalAuthor.by.orgUnit.modifierExtension","","extensions
user contentmodifiers","",0,*,"","Y","Y","Extension {[]} {[]}
","Extensions that cannot be ignored even if unrecognized","May be used to represent additional information that is not part of the basic definition of the element and that modifies the understanding of the element in which it is contained and/or the understanding of the containing element's descendants. Usually modifier elements provide negation or qualification. To make the use of extensions safe and manageable, there is a strict set of governance applied to the definition and use of extensions. Though any implementer can define an extension, there is a set of requirements that SHALL be met as part of the definition of the extension. Applications processing a resource are required to check for modifier extensions.

Modifier extensions SHALL NOT change the meaning of any elements on Resource or DomainResource (including cannot change the meaning of modifierExtension itself).","There can be no stigma associated with the use of extensions by any application, project, or standard - regardless of the institution or jurisdiction that uses or defines the extensions.  The use of extensions is what allows the FHIR specification to retain a core level of simplicity for everyone.","Modifier extensions allow for extensions that *cannot* be safely ignored to be clearly distinguished from the vast majority of extensions which can be safely ignored.  This promotes interoperability by eliminating the need for implementers to prohibit the presence of extensions. For further information, see the [definition of modifier extensions](http://hl7.org/fhir/R4/extensibility.html#modifierExtension).","","","","","","","",,,,,"",,,,"BackboneElement.modifierExtension",0,*,"","ele-1:All FHIR elements must have a @value or children {hasValue() or (children().count() > id.count())}
ext-1:Must have either extensions or value[x], not both {extension.exists() != value.exists()}"
"SEEHDSLMObservations.observations.header.originalAuthor.by.orgUnit.rivId","SEEHDSLMObservations.observations.header.originalAuthor.by.orgUnit.rivId","","","",0,1,"","","","https://fhir.inera.se/ig/ehds-tk/StructureDefinition/SEEHDSRivIITypeHealthcondBasic2 {[]} {[]}
","id","id","","","","","","","","","",,,,,"",,,,"SEEHDSLMObservations.observations.header.originalAuthor.by.orgUnit.rivId",0,1,"",""
"SEEHDSLMObservations.observations.header.originalAuthor.by.orgUnit.name","SEEHDSLMObservations.observations.header.originalAuthor.by.orgUnit.name","","","",0,1,"","","","https://fhir.inera.se/ig/ehds-tk/StructureDefinition/SEEHDSRivString {[]} {[]}
","name","name","","","","","","","","","",,,,,"",,,,"SEEHDSLMObservations.observations.header.originalAuthor.by.orgUnit.name",0,1,"",""
"SEEHDSLMObservations.observations.header.originalAuthor.byRole","SEEHDSLMObservations.observations.header.originalAuthor.byRole","","","",0,1,"","","","https://fhir.inera.se/ig/ehds-tk/StructureDefinition/SEEHDSRivCVTypeHealthcondBasic2 {[]} {[]}
","byRole","byRole","","","","","","","","","",,,,,"",,,,"SEEHDSLMObservations.observations.header.originalAuthor.byRole",0,1,"",""
"SEEHDSLMObservations.observations.header.modified","SEEHDSLMObservations.observations.header.modified","","","",0,1,"","","","BackboneElement {[]} {[]}
","modified","modified","","","","","","","","","",,,,,"",,,,"SEEHDSLMObservations.observations.header.modified",0,1,"","ele-1:All FHIR elements must have a @value or children {hasValue() or (children().count() > id.count())}
"
"SEEHDSLMObservations.observations.header.modified.id","SEEHDSLMObservations.observations.header.modified.id","","","",0,1,"","","","string {[]} {[]}
","Unique id for inter-element referencing","Unique id for the element within a resource (for internal references). This may be any string value that does not contain spaces.","","","","","","","","","",,,,,"",,,,"Element.id",0,1,"",""
"SEEHDSLMObservations.observations.header.modified.extension","SEEHDSLMObservations.observations.header.modified.extension","","extensions
user content","",0,*,"","","","Extension {[]} {[]}
","Additional content defined by implementations","May be used to represent additional information that is not part of the basic definition of the element. To make the use of extensions safe and manageable, there is a strict set of governance  applied to the definition and use of extensions. Though any implementer can define an extension, there is a set of requirements that SHALL be met as part of the definition of the extension.","There can be no stigma associated with the use of extensions by any application, project, or standard - regardless of the institution or jurisdiction that uses or defines the extensions.  The use of extensions is what allows the FHIR specification to retain a core level of simplicity for everyone.","","","","","","","","",,,,,"","value:url}
","Extensions are always sliced by (at least) url",,"open","Element.extension",0,*,"","ele-1:All FHIR elements must have a @value or children {hasValue() or (children().count() > id.count())}
ext-1:Must have either extensions or value[x], not both {extension.exists() != value.exists()}"
"SEEHDSLMObservations.observations.header.modified.modifierExtension","SEEHDSLMObservations.observations.header.modified.modifierExtension","","extensions
user contentmodifiers","",0,*,"","Y","Y","Extension {[]} {[]}
","Extensions that cannot be ignored even if unrecognized","May be used to represent additional information that is not part of the basic definition of the element and that modifies the understanding of the element in which it is contained and/or the understanding of the containing element's descendants. Usually modifier elements provide negation or qualification. To make the use of extensions safe and manageable, there is a strict set of governance applied to the definition and use of extensions. Though any implementer can define an extension, there is a set of requirements that SHALL be met as part of the definition of the extension. Applications processing a resource are required to check for modifier extensions.

Modifier extensions SHALL NOT change the meaning of any elements on Resource or DomainResource (including cannot change the meaning of modifierExtension itself).","There can be no stigma associated with the use of extensions by any application, project, or standard - regardless of the institution or jurisdiction that uses or defines the extensions.  The use of extensions is what allows the FHIR specification to retain a core level of simplicity for everyone.","Modifier extensions allow for extensions that *cannot* be safely ignored to be clearly distinguished from the vast majority of extensions which can be safely ignored.  This promotes interoperability by eliminating the need for implementers to prohibit the presence of extensions. For further information, see the [definition of modifier extensions](http://hl7.org/fhir/R4/extensibility.html#modifierExtension).","","","","","","","",,,,,"",,,,"BackboneElement.modifierExtension",0,*,"","ele-1:All FHIR elements must have a @value or children {hasValue() or (children().count() > id.count())}
ext-1:Must have either extensions or value[x], not both {extension.exists() != value.exists()}"
"SEEHDSLMObservations.observations.header.modified.timestamp","SEEHDSLMObservations.observations.header.modified.timestamp","","","",1,1,"","","","https://fhir.inera.se/ig/ehds-tk/StructureDefinition/SEEHDSRivTimeStamp {[]} {[]}
","timestamp","Format enligt XSD (TimeStampType): ÅÅÅÅMMDDttmmss.","","","","","","","","","",,,,,"",,,,"SEEHDSLMObservations.observations.header.modified.timestamp",1,1,"",""
"SEEHDSLMObservations.observations.header.modified.by","SEEHDSLMObservations.observations.header.modified.by","","","",1,1,"","","","BackboneElement {[]} {[]}
","by","by","","","","","","","","","",,,,,"",,,,"SEEHDSLMObservations.observations.header.modified.by",1,1,"","ele-1:All FHIR elements must have a @value or children {hasValue() or (children().count() > id.count())}
"
"SEEHDSLMObservations.observations.header.modified.by.id","SEEHDSLMObservations.observations.header.modified.by.id","","","",0,1,"","","","string {[]} {[]}
","Unique id for inter-element referencing","Unique id for the element within a resource (for internal references). This may be any string value that does not contain spaces.","","","","","","","","","",,,,,"",,,,"Element.id",0,1,"",""
"SEEHDSLMObservations.observations.header.modified.by.extension","SEEHDSLMObservations.observations.header.modified.by.extension","","extensions
user content","",0,*,"","","","Extension {[]} {[]}
","Additional content defined by implementations","May be used to represent additional information that is not part of the basic definition of the element. To make the use of extensions safe and manageable, there is a strict set of governance  applied to the definition and use of extensions. Though any implementer can define an extension, there is a set of requirements that SHALL be met as part of the definition of the extension.","There can be no stigma associated with the use of extensions by any application, project, or standard - regardless of the institution or jurisdiction that uses or defines the extensions.  The use of extensions is what allows the FHIR specification to retain a core level of simplicity for everyone.","","","","","","","","",,,,,"","value:url}
","Extensions are always sliced by (at least) url",,"open","Element.extension",0,*,"","ele-1:All FHIR elements must have a @value or children {hasValue() or (children().count() > id.count())}
ext-1:Must have either extensions or value[x], not both {extension.exists() != value.exists()}"
"SEEHDSLMObservations.observations.header.modified.by.modifierExtension","SEEHDSLMObservations.observations.header.modified.by.modifierExtension","","extensions
user contentmodifiers","",0,*,"","Y","Y","Extension {[]} {[]}
","Extensions that cannot be ignored even if unrecognized","May be used to represent additional information that is not part of the basic definition of the element and that modifies the understanding of the element in which it is contained and/or the understanding of the containing element's descendants. Usually modifier elements provide negation or qualification. To make the use of extensions safe and manageable, there is a strict set of governance applied to the definition and use of extensions. Though any implementer can define an extension, there is a set of requirements that SHALL be met as part of the definition of the extension. Applications processing a resource are required to check for modifier extensions.

Modifier extensions SHALL NOT change the meaning of any elements on Resource or DomainResource (including cannot change the meaning of modifierExtension itself).","There can be no stigma associated with the use of extensions by any application, project, or standard - regardless of the institution or jurisdiction that uses or defines the extensions.  The use of extensions is what allows the FHIR specification to retain a core level of simplicity for everyone.","Modifier extensions allow for extensions that *cannot* be safely ignored to be clearly distinguished from the vast majority of extensions which can be safely ignored.  This promotes interoperability by eliminating the need for implementers to prohibit the presence of extensions. For further information, see the [definition of modifier extensions](http://hl7.org/fhir/R4/extensibility.html#modifierExtension).","","","","","","","",,,,,"",,,,"BackboneElement.modifierExtension",0,*,"","ele-1:All FHIR elements must have a @value or children {hasValue() or (children().count() > id.count())}
ext-1:Must have either extensions or value[x], not both {extension.exists() != value.exists()}"
"SEEHDSLMObservations.observations.header.modified.by.type","SEEHDSLMObservations.observations.header.modified.by.type","","","",1,1,"","","","https://fhir.inera.se/ig/ehds-tk/StructureDefinition/SEEHDSRivString {[]} {[]}
","type","Tillåtna värden enligt XSD: HCPROFESSIONAL, PATIENT, PROXY, DEVICE.","","","","","","","","","",,,,,"",,,,"SEEHDSLMObservations.observations.header.modified.by.type",1,1,"",""
"SEEHDSLMObservations.observations.header.modified.by.rivId","SEEHDSLMObservations.observations.header.modified.by.rivId","","","",0,1,"","","","https://fhir.inera.se/ig/ehds-tk/StructureDefinition/SEEHDSRivIITypeHealthcondBasic2 {[]} {[]}
","id","id","","","","","","","","","",,,,,"",,,,"SEEHDSLMObservations.observations.header.modified.by.rivId",0,1,"",""
"SEEHDSLMObservations.observations.header.modified.by.name","SEEHDSLMObservations.observations.header.modified.by.name","","","",0,1,"","","","https://fhir.inera.se/ig/ehds-tk/StructureDefinition/SEEHDSRivString {[]} {[]}
","name","name","","","","","","","","","",,,,,"",,,,"SEEHDSLMObservations.observations.header.modified.by.name",0,1,"",""
"SEEHDSLMObservations.observations.header.modified.by.orgUnit","SEEHDSLMObservations.observations.header.modified.by.orgUnit","","","",0,1,"","","","BackboneElement {[]} {[]}
","orgUnit","orgUnit","","","","","","","","","",,,,,"",,,,"SEEHDSLMObservations.observations.header.modified.by.orgUnit",0,1,"","ele-1:All FHIR elements must have a @value or children {hasValue() or (children().count() > id.count())}
"
"SEEHDSLMObservations.observations.header.modified.by.orgUnit.id","SEEHDSLMObservations.observations.header.modified.by.orgUnit.id","","","",0,1,"","","","string {[]} {[]}
","Unique id for inter-element referencing","Unique id for the element within a resource (for internal references). This may be any string value that does not contain spaces.","","","","","","","","","",,,,,"",,,,"Element.id",0,1,"",""
"SEEHDSLMObservations.observations.header.modified.by.orgUnit.extension","SEEHDSLMObservations.observations.header.modified.by.orgUnit.extension","","extensions
user content","",0,*,"","","","Extension {[]} {[]}
","Additional content defined by implementations","May be used to represent additional information that is not part of the basic definition of the element. To make the use of extensions safe and manageable, there is a strict set of governance  applied to the definition and use of extensions. Though any implementer can define an extension, there is a set of requirements that SHALL be met as part of the definition of the extension.","There can be no stigma associated with the use of extensions by any application, project, or standard - regardless of the institution or jurisdiction that uses or defines the extensions.  The use of extensions is what allows the FHIR specification to retain a core level of simplicity for everyone.","","","","","","","","",,,,,"","value:url}
","Extensions are always sliced by (at least) url",,"open","Element.extension",0,*,"","ele-1:All FHIR elements must have a @value or children {hasValue() or (children().count() > id.count())}
ext-1:Must have either extensions or value[x], not both {extension.exists() != value.exists()}"
"SEEHDSLMObservations.observations.header.modified.by.orgUnit.modifierExtension","SEEHDSLMObservations.observations.header.modified.by.orgUnit.modifierExtension","","extensions
user contentmodifiers","",0,*,"","Y","Y","Extension {[]} {[]}
","Extensions that cannot be ignored even if unrecognized","May be used to represent additional information that is not part of the basic definition of the element and that modifies the understanding of the element in which it is contained and/or the understanding of the containing element's descendants. Usually modifier elements provide negation or qualification. To make the use of extensions safe and manageable, there is a strict set of governance applied to the definition and use of extensions. Though any implementer can define an extension, there is a set of requirements that SHALL be met as part of the definition of the extension. Applications processing a resource are required to check for modifier extensions.

Modifier extensions SHALL NOT change the meaning of any elements on Resource or DomainResource (including cannot change the meaning of modifierExtension itself).","There can be no stigma associated with the use of extensions by any application, project, or standard - regardless of the institution or jurisdiction that uses or defines the extensions.  The use of extensions is what allows the FHIR specification to retain a core level of simplicity for everyone.","Modifier extensions allow for extensions that *cannot* be safely ignored to be clearly distinguished from the vast majority of extensions which can be safely ignored.  This promotes interoperability by eliminating the need for implementers to prohibit the presence of extensions. For further information, see the [definition of modifier extensions](http://hl7.org/fhir/R4/extensibility.html#modifierExtension).","","","","","","","",,,,,"",,,,"BackboneElement.modifierExtension",0,*,"","ele-1:All FHIR elements must have a @value or children {hasValue() or (children().count() > id.count())}
ext-1:Must have either extensions or value[x], not both {extension.exists() != value.exists()}"
"SEEHDSLMObservations.observations.header.modified.by.orgUnit.rivId","SEEHDSLMObservations.observations.header.modified.by.orgUnit.rivId","","","",0,1,"","","","https://fhir.inera.se/ig/ehds-tk/StructureDefinition/SEEHDSRivIITypeHealthcondBasic2 {[]} {[]}
","id","id","","","","","","","","","",,,,,"",,,,"SEEHDSLMObservations.observations.header.modified.by.orgUnit.rivId",0,1,"",""
"SEEHDSLMObservations.observations.header.modified.by.orgUnit.name","SEEHDSLMObservations.observations.header.modified.by.orgUnit.name","","","",0,1,"","","","https://fhir.inera.se/ig/ehds-tk/StructureDefinition/SEEHDSRivString {[]} {[]}
","name","name","","","","","","","","","",,,,,"",,,,"SEEHDSLMObservations.observations.header.modified.by.orgUnit.name",0,1,"",""
"SEEHDSLMObservations.observations.header.modified.byRole","SEEHDSLMObservations.observations.header.modified.byRole","","","",0,1,"","","","https://fhir.inera.se/ig/ehds-tk/StructureDefinition/SEEHDSRivCVTypeHealthcondBasic2 {[]} {[]}
","byRole","byRole","","","","","","","","","",,,,,"",,,,"SEEHDSLMObservations.observations.header.modified.byRole",0,1,"",""
"SEEHDSLMObservations.observations.header.signature","SEEHDSLMObservations.observations.header.signature","","","",0,1,"","","","BackboneElement {[]} {[]}
","signature","signature","","","","","","","","","",,,,,"",,,,"SEEHDSLMObservations.observations.header.signature",0,1,"","ele-1:All FHIR elements must have a @value or children {hasValue() or (children().count() > id.count())}
"
"SEEHDSLMObservations.observations.header.signature.id","SEEHDSLMObservations.observations.header.signature.id","","","",0,1,"","","","string {[]} {[]}
","Unique id for inter-element referencing","Unique id for the element within a resource (for internal references). This may be any string value that does not contain spaces.","","","","","","","","","",,,,,"",,,,"Element.id",0,1,"",""
"SEEHDSLMObservations.observations.header.signature.extension","SEEHDSLMObservations.observations.header.signature.extension","","extensions
user content","",0,*,"","","","Extension {[]} {[]}
","Additional content defined by implementations","May be used to represent additional information that is not part of the basic definition of the element. To make the use of extensions safe and manageable, there is a strict set of governance  applied to the definition and use of extensions. Though any implementer can define an extension, there is a set of requirements that SHALL be met as part of the definition of the extension.","There can be no stigma associated with the use of extensions by any application, project, or standard - regardless of the institution or jurisdiction that uses or defines the extensions.  The use of extensions is what allows the FHIR specification to retain a core level of simplicity for everyone.","","","","","","","","",,,,,"","value:url}
","Extensions are always sliced by (at least) url",,"open","Element.extension",0,*,"","ele-1:All FHIR elements must have a @value or children {hasValue() or (children().count() > id.count())}
ext-1:Must have either extensions or value[x], not both {extension.exists() != value.exists()}"
"SEEHDSLMObservations.observations.header.signature.modifierExtension","SEEHDSLMObservations.observations.header.signature.modifierExtension","","extensions
user contentmodifiers","",0,*,"","Y","Y","Extension {[]} {[]}
","Extensions that cannot be ignored even if unrecognized","May be used to represent additional information that is not part of the basic definition of the element and that modifies the understanding of the element in which it is contained and/or the understanding of the containing element's descendants. Usually modifier elements provide negation or qualification. To make the use of extensions safe and manageable, there is a strict set of governance applied to the definition and use of extensions. Though any implementer can define an extension, there is a set of requirements that SHALL be met as part of the definition of the extension. Applications processing a resource are required to check for modifier extensions.

Modifier extensions SHALL NOT change the meaning of any elements on Resource or DomainResource (including cannot change the meaning of modifierExtension itself).","There can be no stigma associated with the use of extensions by any application, project, or standard - regardless of the institution or jurisdiction that uses or defines the extensions.  The use of extensions is what allows the FHIR specification to retain a core level of simplicity for everyone.","Modifier extensions allow for extensions that *cannot* be safely ignored to be clearly distinguished from the vast majority of extensions which can be safely ignored.  This promotes interoperability by eliminating the need for implementers to prohibit the presence of extensions. For further information, see the [definition of modifier extensions](http://hl7.org/fhir/R4/extensibility.html#modifierExtension).","","","","","","","",,,,,"",,,,"BackboneElement.modifierExtension",0,*,"","ele-1:All FHIR elements must have a @value or children {hasValue() or (children().count() > id.count())}
ext-1:Must have either extensions or value[x], not both {extension.exists() != value.exists()}"
"SEEHDSLMObservations.observations.header.signature.timestamp","SEEHDSLMObservations.observations.header.signature.timestamp","","","",1,1,"","","","https://fhir.inera.se/ig/ehds-tk/StructureDefinition/SEEHDSRivTimeStamp {[]} {[]}
","timestamp","Format enligt XSD (TimeStampType): ÅÅÅÅMMDDttmmss.","","","","","","","","","",,,,,"",,,,"SEEHDSLMObservations.observations.header.signature.timestamp",1,1,"",""
"SEEHDSLMObservations.observations.header.signature.by","SEEHDSLMObservations.observations.header.signature.by","","","",1,1,"","","","BackboneElement {[]} {[]}
","by","by","","","","","","","","","",,,,,"",,,,"SEEHDSLMObservations.observations.header.signature.by",1,1,"","ele-1:All FHIR elements must have a @value or children {hasValue() or (children().count() > id.count())}
"
"SEEHDSLMObservations.observations.header.signature.by.id","SEEHDSLMObservations.observations.header.signature.by.id","","","",0,1,"","","","string {[]} {[]}
","Unique id for inter-element referencing","Unique id for the element within a resource (for internal references). This may be any string value that does not contain spaces.","","","","","","","","","",,,,,"",,,,"Element.id",0,1,"",""
"SEEHDSLMObservations.observations.header.signature.by.extension","SEEHDSLMObservations.observations.header.signature.by.extension","","extensions
user content","",0,*,"","","","Extension {[]} {[]}
","Additional content defined by implementations","May be used to represent additional information that is not part of the basic definition of the element. To make the use of extensions safe and manageable, there is a strict set of governance  applied to the definition and use of extensions. Though any implementer can define an extension, there is a set of requirements that SHALL be met as part of the definition of the extension.","There can be no stigma associated with the use of extensions by any application, project, or standard - regardless of the institution or jurisdiction that uses or defines the extensions.  The use of extensions is what allows the FHIR specification to retain a core level of simplicity for everyone.","","","","","","","","",,,,,"","value:url}
","Extensions are always sliced by (at least) url",,"open","Element.extension",0,*,"","ele-1:All FHIR elements must have a @value or children {hasValue() or (children().count() > id.count())}
ext-1:Must have either extensions or value[x], not both {extension.exists() != value.exists()}"
"SEEHDSLMObservations.observations.header.signature.by.modifierExtension","SEEHDSLMObservations.observations.header.signature.by.modifierExtension","","extensions
user contentmodifiers","",0,*,"","Y","Y","Extension {[]} {[]}
","Extensions that cannot be ignored even if unrecognized","May be used to represent additional information that is not part of the basic definition of the element and that modifies the understanding of the element in which it is contained and/or the understanding of the containing element's descendants. Usually modifier elements provide negation or qualification. To make the use of extensions safe and manageable, there is a strict set of governance applied to the definition and use of extensions. Though any implementer can define an extension, there is a set of requirements that SHALL be met as part of the definition of the extension. Applications processing a resource are required to check for modifier extensions.

Modifier extensions SHALL NOT change the meaning of any elements on Resource or DomainResource (including cannot change the meaning of modifierExtension itself).","There can be no stigma associated with the use of extensions by any application, project, or standard - regardless of the institution or jurisdiction that uses or defines the extensions.  The use of extensions is what allows the FHIR specification to retain a core level of simplicity for everyone.","Modifier extensions allow for extensions that *cannot* be safely ignored to be clearly distinguished from the vast majority of extensions which can be safely ignored.  This promotes interoperability by eliminating the need for implementers to prohibit the presence of extensions. For further information, see the [definition of modifier extensions](http://hl7.org/fhir/R4/extensibility.html#modifierExtension).","","","","","","","",,,,,"",,,,"BackboneElement.modifierExtension",0,*,"","ele-1:All FHIR elements must have a @value or children {hasValue() or (children().count() > id.count())}
ext-1:Must have either extensions or value[x], not both {extension.exists() != value.exists()}"
"SEEHDSLMObservations.observations.header.signature.by.type","SEEHDSLMObservations.observations.header.signature.by.type","","","",1,1,"","","","https://fhir.inera.se/ig/ehds-tk/StructureDefinition/SEEHDSRivString {[]} {[]}
","type","Tillåtna värden enligt XSD: HCPROFESSIONAL, PATIENT, PROXY, DEVICE.","","","","","","","","","",,,,,"",,,,"SEEHDSLMObservations.observations.header.signature.by.type",1,1,"",""
"SEEHDSLMObservations.observations.header.signature.by.rivId","SEEHDSLMObservations.observations.header.signature.by.rivId","","","",0,1,"","","","https://fhir.inera.se/ig/ehds-tk/StructureDefinition/SEEHDSRivIITypeHealthcondBasic2 {[]} {[]}
","id","id","","","","","","","","","",,,,,"",,,,"SEEHDSLMObservations.observations.header.signature.by.rivId",0,1,"",""
"SEEHDSLMObservations.observations.header.signature.by.name","SEEHDSLMObservations.observations.header.signature.by.name","","","",0,1,"","","","https://fhir.inera.se/ig/ehds-tk/StructureDefinition/SEEHDSRivString {[]} {[]}
","name","name","","","","","","","","","",,,,,"",,,,"SEEHDSLMObservations.observations.header.signature.by.name",0,1,"",""
"SEEHDSLMObservations.observations.header.signature.by.orgUnit","SEEHDSLMObservations.observations.header.signature.by.orgUnit","","","",0,1,"","","","BackboneElement {[]} {[]}
","orgUnit","orgUnit","","","","","","","","","",,,,,"",,,,"SEEHDSLMObservations.observations.header.signature.by.orgUnit",0,1,"","ele-1:All FHIR elements must have a @value or children {hasValue() or (children().count() > id.count())}
"
"SEEHDSLMObservations.observations.header.signature.by.orgUnit.id","SEEHDSLMObservations.observations.header.signature.by.orgUnit.id","","","",0,1,"","","","string {[]} {[]}
","Unique id for inter-element referencing","Unique id for the element within a resource (for internal references). This may be any string value that does not contain spaces.","","","","","","","","","",,,,,"",,,,"Element.id",0,1,"",""
"SEEHDSLMObservations.observations.header.signature.by.orgUnit.extension","SEEHDSLMObservations.observations.header.signature.by.orgUnit.extension","","extensions
user content","",0,*,"","","","Extension {[]} {[]}
","Additional content defined by implementations","May be used to represent additional information that is not part of the basic definition of the element. To make the use of extensions safe and manageable, there is a strict set of governance  applied to the definition and use of extensions. Though any implementer can define an extension, there is a set of requirements that SHALL be met as part of the definition of the extension.","There can be no stigma associated with the use of extensions by any application, project, or standard - regardless of the institution or jurisdiction that uses or defines the extensions.  The use of extensions is what allows the FHIR specification to retain a core level of simplicity for everyone.","","","","","","","","",,,,,"","value:url}
","Extensions are always sliced by (at least) url",,"open","Element.extension",0,*,"","ele-1:All FHIR elements must have a @value or children {hasValue() or (children().count() > id.count())}
ext-1:Must have either extensions or value[x], not both {extension.exists() != value.exists()}"
"SEEHDSLMObservations.observations.header.signature.by.orgUnit.modifierExtension","SEEHDSLMObservations.observations.header.signature.by.orgUnit.modifierExtension","","extensions
user contentmodifiers","",0,*,"","Y","Y","Extension {[]} {[]}
","Extensions that cannot be ignored even if unrecognized","May be used to represent additional information that is not part of the basic definition of the element and that modifies the understanding of the element in which it is contained and/or the understanding of the containing element's descendants. Usually modifier elements provide negation or qualification. To make the use of extensions safe and manageable, there is a strict set of governance applied to the definition and use of extensions. Though any implementer can define an extension, there is a set of requirements that SHALL be met as part of the definition of the extension. Applications processing a resource are required to check for modifier extensions.

Modifier extensions SHALL NOT change the meaning of any elements on Resource or DomainResource (including cannot change the meaning of modifierExtension itself).","There can be no stigma associated with the use of extensions by any application, project, or standard - regardless of the institution or jurisdiction that uses or defines the extensions.  The use of extensions is what allows the FHIR specification to retain a core level of simplicity for everyone.","Modifier extensions allow for extensions that *cannot* be safely ignored to be clearly distinguished from the vast majority of extensions which can be safely ignored.  This promotes interoperability by eliminating the need for implementers to prohibit the presence of extensions. For further information, see the [definition of modifier extensions](http://hl7.org/fhir/R4/extensibility.html#modifierExtension).","","","","","","","",,,,,"",,,,"BackboneElement.modifierExtension",0,*,"","ele-1:All FHIR elements must have a @value or children {hasValue() or (children().count() > id.count())}
ext-1:Must have either extensions or value[x], not both {extension.exists() != value.exists()}"
"SEEHDSLMObservations.observations.header.signature.by.orgUnit.rivId","SEEHDSLMObservations.observations.header.signature.by.orgUnit.rivId","","","",0,1,"","","","https://fhir.inera.se/ig/ehds-tk/StructureDefinition/SEEHDSRivIITypeHealthcondBasic2 {[]} {[]}
","id","id","","","","","","","","","",,,,,"",,,,"SEEHDSLMObservations.observations.header.signature.by.orgUnit.rivId",0,1,"",""
"SEEHDSLMObservations.observations.header.signature.by.orgUnit.name","SEEHDSLMObservations.observations.header.signature.by.orgUnit.name","","","",0,1,"","","","https://fhir.inera.se/ig/ehds-tk/StructureDefinition/SEEHDSRivString {[]} {[]}
","name","name","","","","","","","","","",,,,,"",,,,"SEEHDSLMObservations.observations.header.signature.by.orgUnit.name",0,1,"",""
"SEEHDSLMObservations.observations.header.signature.byRole","SEEHDSLMObservations.observations.header.signature.byRole","","","",0,1,"","","","https://fhir.inera.se/ig/ehds-tk/StructureDefinition/SEEHDSRivCVTypeHealthcondBasic2 {[]} {[]}
","byRole","byRole","","","","","","","","","",,,,,"",,,,"SEEHDSLMObservations.observations.header.signature.byRole",0,1,"",""
"SEEHDSLMObservations.observations.header.cancellation","SEEHDSLMObservations.observations.header.cancellation","","","",0,1,"","","","BackboneElement {[]} {[]}
","cancellation","cancellation","","","","","","","","","",,,,,"",,,,"SEEHDSLMObservations.observations.header.cancellation",0,1,"","ele-1:All FHIR elements must have a @value or children {hasValue() or (children().count() > id.count())}
"
"SEEHDSLMObservations.observations.header.cancellation.id","SEEHDSLMObservations.observations.header.cancellation.id","","","",0,1,"","","","string {[]} {[]}
","Unique id for inter-element referencing","Unique id for the element within a resource (for internal references). This may be any string value that does not contain spaces.","","","","","","","","","",,,,,"",,,,"Element.id",0,1,"",""
"SEEHDSLMObservations.observations.header.cancellation.extension","SEEHDSLMObservations.observations.header.cancellation.extension","","extensions
user content","",0,*,"","","","Extension {[]} {[]}
","Additional content defined by implementations","May be used to represent additional information that is not part of the basic definition of the element. To make the use of extensions safe and manageable, there is a strict set of governance  applied to the definition and use of extensions. Though any implementer can define an extension, there is a set of requirements that SHALL be met as part of the definition of the extension.","There can be no stigma associated with the use of extensions by any application, project, or standard - regardless of the institution or jurisdiction that uses or defines the extensions.  The use of extensions is what allows the FHIR specification to retain a core level of simplicity for everyone.","","","","","","","","",,,,,"","value:url}
","Extensions are always sliced by (at least) url",,"open","Element.extension",0,*,"","ele-1:All FHIR elements must have a @value or children {hasValue() or (children().count() > id.count())}
ext-1:Must have either extensions or value[x], not both {extension.exists() != value.exists()}"
"SEEHDSLMObservations.observations.header.cancellation.modifierExtension","SEEHDSLMObservations.observations.header.cancellation.modifierExtension","","extensions
user contentmodifiers","",0,*,"","Y","Y","Extension {[]} {[]}
","Extensions that cannot be ignored even if unrecognized","May be used to represent additional information that is not part of the basic definition of the element and that modifies the understanding of the element in which it is contained and/or the understanding of the containing element's descendants. Usually modifier elements provide negation or qualification. To make the use of extensions safe and manageable, there is a strict set of governance applied to the definition and use of extensions. Though any implementer can define an extension, there is a set of requirements that SHALL be met as part of the definition of the extension. Applications processing a resource are required to check for modifier extensions.

Modifier extensions SHALL NOT change the meaning of any elements on Resource or DomainResource (including cannot change the meaning of modifierExtension itself).","There can be no stigma associated with the use of extensions by any application, project, or standard - regardless of the institution or jurisdiction that uses or defines the extensions.  The use of extensions is what allows the FHIR specification to retain a core level of simplicity for everyone.","Modifier extensions allow for extensions that *cannot* be safely ignored to be clearly distinguished from the vast majority of extensions which can be safely ignored.  This promotes interoperability by eliminating the need for implementers to prohibit the presence of extensions. For further information, see the [definition of modifier extensions](http://hl7.org/fhir/R4/extensibility.html#modifierExtension).","","","","","","","",,,,,"",,,,"BackboneElement.modifierExtension",0,*,"","ele-1:All FHIR elements must have a @value or children {hasValue() or (children().count() > id.count())}
ext-1:Must have either extensions or value[x], not both {extension.exists() != value.exists()}"
"SEEHDSLMObservations.observations.header.cancellation.timestamp","SEEHDSLMObservations.observations.header.cancellation.timestamp","","","",1,1,"","","","https://fhir.inera.se/ig/ehds-tk/StructureDefinition/SEEHDSRivTimeStamp {[]} {[]}
","timestamp","Format enligt XSD (TimeStampType): ÅÅÅÅMMDDttmmss.","","","","","","","","","",,,,,"",,,,"SEEHDSLMObservations.observations.header.cancellation.timestamp",1,1,"",""
"SEEHDSLMObservations.observations.header.cancellation.by","SEEHDSLMObservations.observations.header.cancellation.by","","","",1,1,"","","","BackboneElement {[]} {[]}
","by","by","","","","","","","","","",,,,,"",,,,"SEEHDSLMObservations.observations.header.cancellation.by",1,1,"","ele-1:All FHIR elements must have a @value or children {hasValue() or (children().count() > id.count())}
"
"SEEHDSLMObservations.observations.header.cancellation.by.id","SEEHDSLMObservations.observations.header.cancellation.by.id","","","",0,1,"","","","string {[]} {[]}
","Unique id for inter-element referencing","Unique id for the element within a resource (for internal references). This may be any string value that does not contain spaces.","","","","","","","","","",,,,,"",,,,"Element.id",0,1,"",""
"SEEHDSLMObservations.observations.header.cancellation.by.extension","SEEHDSLMObservations.observations.header.cancellation.by.extension","","extensions
user content","",0,*,"","","","Extension {[]} {[]}
","Additional content defined by implementations","May be used to represent additional information that is not part of the basic definition of the element. To make the use of extensions safe and manageable, there is a strict set of governance  applied to the definition and use of extensions. Though any implementer can define an extension, there is a set of requirements that SHALL be met as part of the definition of the extension.","There can be no stigma associated with the use of extensions by any application, project, or standard - regardless of the institution or jurisdiction that uses or defines the extensions.  The use of extensions is what allows the FHIR specification to retain a core level of simplicity for everyone.","","","","","","","","",,,,,"","value:url}
","Extensions are always sliced by (at least) url",,"open","Element.extension",0,*,"","ele-1:All FHIR elements must have a @value or children {hasValue() or (children().count() > id.count())}
ext-1:Must have either extensions or value[x], not both {extension.exists() != value.exists()}"
"SEEHDSLMObservations.observations.header.cancellation.by.modifierExtension","SEEHDSLMObservations.observations.header.cancellation.by.modifierExtension","","extensions
user contentmodifiers","",0,*,"","Y","Y","Extension {[]} {[]}
","Extensions that cannot be ignored even if unrecognized","May be used to represent additional information that is not part of the basic definition of the element and that modifies the understanding of the element in which it is contained and/or the understanding of the containing element's descendants. Usually modifier elements provide negation or qualification. To make the use of extensions safe and manageable, there is a strict set of governance applied to the definition and use of extensions. Though any implementer can define an extension, there is a set of requirements that SHALL be met as part of the definition of the extension. Applications processing a resource are required to check for modifier extensions.

Modifier extensions SHALL NOT change the meaning of any elements on Resource or DomainResource (including cannot change the meaning of modifierExtension itself).","There can be no stigma associated with the use of extensions by any application, project, or standard - regardless of the institution or jurisdiction that uses or defines the extensions.  The use of extensions is what allows the FHIR specification to retain a core level of simplicity for everyone.","Modifier extensions allow for extensions that *cannot* be safely ignored to be clearly distinguished from the vast majority of extensions which can be safely ignored.  This promotes interoperability by eliminating the need for implementers to prohibit the presence of extensions. For further information, see the [definition of modifier extensions](http://hl7.org/fhir/R4/extensibility.html#modifierExtension).","","","","","","","",,,,,"",,,,"BackboneElement.modifierExtension",0,*,"","ele-1:All FHIR elements must have a @value or children {hasValue() or (children().count() > id.count())}
ext-1:Must have either extensions or value[x], not both {extension.exists() != value.exists()}"
"SEEHDSLMObservations.observations.header.cancellation.by.type","SEEHDSLMObservations.observations.header.cancellation.by.type","","","",1,1,"","","","https://fhir.inera.se/ig/ehds-tk/StructureDefinition/SEEHDSRivString {[]} {[]}
","type","Tillåtna värden enligt XSD: HCPROFESSIONAL, PATIENT, PROXY, DEVICE.","","","","","","","","","",,,,,"",,,,"SEEHDSLMObservations.observations.header.cancellation.by.type",1,1,"",""
"SEEHDSLMObservations.observations.header.cancellation.by.rivId","SEEHDSLMObservations.observations.header.cancellation.by.rivId","","","",0,1,"","","","https://fhir.inera.se/ig/ehds-tk/StructureDefinition/SEEHDSRivIITypeHealthcondBasic2 {[]} {[]}
","id","id","","","","","","","","","",,,,,"",,,,"SEEHDSLMObservations.observations.header.cancellation.by.rivId",0,1,"",""
"SEEHDSLMObservations.observations.header.cancellation.by.name","SEEHDSLMObservations.observations.header.cancellation.by.name","","","",0,1,"","","","https://fhir.inera.se/ig/ehds-tk/StructureDefinition/SEEHDSRivString {[]} {[]}
","name","name","","","","","","","","","",,,,,"",,,,"SEEHDSLMObservations.observations.header.cancellation.by.name",0,1,"",""
"SEEHDSLMObservations.observations.header.cancellation.by.orgUnit","SEEHDSLMObservations.observations.header.cancellation.by.orgUnit","","","",0,1,"","","","BackboneElement {[]} {[]}
","orgUnit","orgUnit","","","","","","","","","",,,,,"",,,,"SEEHDSLMObservations.observations.header.cancellation.by.orgUnit",0,1,"","ele-1:All FHIR elements must have a @value or children {hasValue() or (children().count() > id.count())}
"
"SEEHDSLMObservations.observations.header.cancellation.by.orgUnit.id","SEEHDSLMObservations.observations.header.cancellation.by.orgUnit.id","","","",0,1,"","","","string {[]} {[]}
","Unique id for inter-element referencing","Unique id for the element within a resource (for internal references). This may be any string value that does not contain spaces.","","","","","","","","","",,,,,"",,,,"Element.id",0,1,"",""
"SEEHDSLMObservations.observations.header.cancellation.by.orgUnit.extension","SEEHDSLMObservations.observations.header.cancellation.by.orgUnit.extension","","extensions
user content","",0,*,"","","","Extension {[]} {[]}
","Additional content defined by implementations","May be used to represent additional information that is not part of the basic definition of the element. To make the use of extensions safe and manageable, there is a strict set of governance  applied to the definition and use of extensions. Though any implementer can define an extension, there is a set of requirements that SHALL be met as part of the definition of the extension.","There can be no stigma associated with the use of extensions by any application, project, or standard - regardless of the institution or jurisdiction that uses or defines the extensions.  The use of extensions is what allows the FHIR specification to retain a core level of simplicity for everyone.","","","","","","","","",,,,,"","value:url}
","Extensions are always sliced by (at least) url",,"open","Element.extension",0,*,"","ele-1:All FHIR elements must have a @value or children {hasValue() or (children().count() > id.count())}
ext-1:Must have either extensions or value[x], not both {extension.exists() != value.exists()}"
"SEEHDSLMObservations.observations.header.cancellation.by.orgUnit.modifierExtension","SEEHDSLMObservations.observations.header.cancellation.by.orgUnit.modifierExtension","","extensions
user contentmodifiers","",0,*,"","Y","Y","Extension {[]} {[]}
","Extensions that cannot be ignored even if unrecognized","May be used to represent additional information that is not part of the basic definition of the element and that modifies the understanding of the element in which it is contained and/or the understanding of the containing element's descendants. Usually modifier elements provide negation or qualification. To make the use of extensions safe and manageable, there is a strict set of governance applied to the definition and use of extensions. Though any implementer can define an extension, there is a set of requirements that SHALL be met as part of the definition of the extension. Applications processing a resource are required to check for modifier extensions.

Modifier extensions SHALL NOT change the meaning of any elements on Resource or DomainResource (including cannot change the meaning of modifierExtension itself).","There can be no stigma associated with the use of extensions by any application, project, or standard - regardless of the institution or jurisdiction that uses or defines the extensions.  The use of extensions is what allows the FHIR specification to retain a core level of simplicity for everyone.","Modifier extensions allow for extensions that *cannot* be safely ignored to be clearly distinguished from the vast majority of extensions which can be safely ignored.  This promotes interoperability by eliminating the need for implementers to prohibit the presence of extensions. For further information, see the [definition of modifier extensions](http://hl7.org/fhir/R4/extensibility.html#modifierExtension).","","","","","","","",,,,,"",,,,"BackboneElement.modifierExtension",0,*,"","ele-1:All FHIR elements must have a @value or children {hasValue() or (children().count() > id.count())}
ext-1:Must have either extensions or value[x], not both {extension.exists() != value.exists()}"
"SEEHDSLMObservations.observations.header.cancellation.by.orgUnit.rivId","SEEHDSLMObservations.observations.header.cancellation.by.orgUnit.rivId","","","",0,1,"","","","https://fhir.inera.se/ig/ehds-tk/StructureDefinition/SEEHDSRivIITypeHealthcondBasic2 {[]} {[]}
","id","id","","","","","","","","","",,,,,"",,,,"SEEHDSLMObservations.observations.header.cancellation.by.orgUnit.rivId",0,1,"",""
"SEEHDSLMObservations.observations.header.cancellation.by.orgUnit.name","SEEHDSLMObservations.observations.header.cancellation.by.orgUnit.name","","","",0,1,"","","","https://fhir.inera.se/ig/ehds-tk/StructureDefinition/SEEHDSRivString {[]} {[]}
","name","name","","","","","","","","","",,,,,"",,,,"SEEHDSLMObservations.observations.header.cancellation.by.orgUnit.name",0,1,"",""
"SEEHDSLMObservations.observations.header.cancellation.byRole","SEEHDSLMObservations.observations.header.cancellation.byRole","","","",0,1,"","","","https://fhir.inera.se/ig/ehds-tk/StructureDefinition/SEEHDSRivCVTypeHealthcondBasic2 {[]} {[]}
","byRole","byRole","","","","","","","","","",,,,,"",,,,"SEEHDSLMObservations.observations.header.cancellation.byRole",0,1,"",""
"SEEHDSLMObservations.observations.header.cancellation.reason","SEEHDSLMObservations.observations.header.cancellation.reason","","","",0,1,"","","","https://fhir.inera.se/ig/ehds-tk/StructureDefinition/SEEHDSRivCVTypeHealthcondBasic2 {[]} {[]}
","reason","reason","","","","","","","","","",,,,,"",,,,"SEEHDSLMObservations.observations.header.cancellation.reason",0,1,"",""
"SEEHDSLMObservations.observations.observationBody","SEEHDSLMObservations.observations.observationBody","","","",1,1,"","","","BackboneElement {[]} {[]}
","Information om en observation (ObservationType).","Motsvarar klasserna Observation och Uppgift i patientjournal i NI 2017.","","","","","","","","","",,,,,"",,,,"SEEHDSLMObservations.observations.observationBody",1,1,"","ele-1:All FHIR elements must have a @value or children {hasValue() or (children().count() > id.count())}
"
"SEEHDSLMObservations.observations.observationBody.id","SEEHDSLMObservations.observations.observationBody.id","","","",0,1,"","","","string {[]} {[]}
","Unique id for inter-element referencing","Unique id for the element within a resource (for internal references). This may be any string value that does not contain spaces.","","","","","","","","","",,,,,"",,,,"Element.id",0,1,"",""
"SEEHDSLMObservations.observations.observationBody.extension","SEEHDSLMObservations.observations.observationBody.extension","","extensions
user content","",0,*,"","","","Extension {[]} {[]}
","Additional content defined by implementations","May be used to represent additional information that is not part of the basic definition of the element. To make the use of extensions safe and manageable, there is a strict set of governance  applied to the definition and use of extensions. Though any implementer can define an extension, there is a set of requirements that SHALL be met as part of the definition of the extension.","There can be no stigma associated with the use of extensions by any application, project, or standard - regardless of the institution or jurisdiction that uses or defines the extensions.  The use of extensions is what allows the FHIR specification to retain a core level of simplicity for everyone.","","","","","","","","",,,,,"","value:url}
","Extensions are always sliced by (at least) url",,"open","Element.extension",0,*,"","ele-1:All FHIR elements must have a @value or children {hasValue() or (children().count() > id.count())}
ext-1:Must have either extensions or value[x], not both {extension.exists() != value.exists()}"
"SEEHDSLMObservations.observations.observationBody.modifierExtension","SEEHDSLMObservations.observations.observationBody.modifierExtension","","extensions
user contentmodifiers","",0,*,"","Y","Y","Extension {[]} {[]}
","Extensions that cannot be ignored even if unrecognized","May be used to represent additional information that is not part of the basic definition of the element and that modifies the understanding of the element in which it is contained and/or the understanding of the containing element's descendants. Usually modifier elements provide negation or qualification. To make the use of extensions safe and manageable, there is a strict set of governance applied to the definition and use of extensions. Though any implementer can define an extension, there is a set of requirements that SHALL be met as part of the definition of the extension. Applications processing a resource are required to check for modifier extensions.

Modifier extensions SHALL NOT change the meaning of any elements on Resource or DomainResource (including cannot change the meaning of modifierExtension itself).","There can be no stigma associated with the use of extensions by any application, project, or standard - regardless of the institution or jurisdiction that uses or defines the extensions.  The use of extensions is what allows the FHIR specification to retain a core level of simplicity for everyone.","Modifier extensions allow for extensions that *cannot* be safely ignored to be clearly distinguished from the vast majority of extensions which can be safely ignored.  This promotes interoperability by eliminating the need for implementers to prohibit the presence of extensions. For further information, see the [definition of modifier extensions](http://hl7.org/fhir/R4/extensibility.html#modifierExtension).","","","","","","","",,,,,"",,,,"BackboneElement.modifierExtension",0,*,"","ele-1:All FHIR elements must have a @value or children {hasValue() or (children().count() > id.count())}
ext-1:Must have either extensions or value[x], not both {extension.exists() != value.exists()}"
"SEEHDSLMObservations.observations.observationBody.rivId","SEEHDSLMObservations.observations.observationBody.rivId","","","",1,1,"","","","https://fhir.inera.se/ig/ehds-tk/StructureDefinition/SEEHDSRivIITypeHealthcondBasic2 {[]} {[]}
","Identitet för observationen","Identitet för observationen. Identiteten ska garanterat vara unik inom vårdgivaren.","","","","","","","","","",,,,,"",,,,"SEEHDSLMObservations.observations.observationBody.rivId",1,1,"",""
"SEEHDSLMObservations.observations.observationBody.registrationTime","SEEHDSLMObservations.observations.observationBody.registrationTime","","","",1,1,"","","","https://fhir.inera.se/ig/ehds-tk/StructureDefinition/SEEHDSRivTimeStamp {[]} {[]}
","Dokumentationstidpunkt — när uppgiften registrerades i journalen.","Kan skilja sig från signeringstidpunkt (som återfinns i header).
Format enligt XSD (TimeStampType): ÅÅÅÅMMDDttmmss.","","","","","","","","","",,,,,"",,,,"SEEHDSLMObservations.observations.observationBody.registrationTime",1,1,"",""
"SEEHDSLMObservations.observations.observationBody.type","SEEHDSLMObservations.observations.observationBody.type","","","",0,1,"","","","https://fhir.inera.se/ig/ehds-tk/StructureDefinition/SEEHDSRivCVTypeHealthcondBasic2 {[]} {[]}
","NI 2017 (Observation.typ)","Kod för den typ av observation som avses i de fall detta inte framgår av attributet värde. Ett exempel på typ är ""längd mätt utan skor"" där attributet värde håller information om resultatet av mätningen, exempelvis 174 cm. Ett annat exempel är typen ”huvuddiagnos” där attributet värde håller information om den specifika diagnosen, exempelvis ”hypertoni” eller diagnoskoden.","","","","","","","","","",,,,,"",,,,"SEEHDSLMObservations.observations.observationBody.type",0,1,"",""
"SEEHDSLMObservations.observations.observationBody.value","SEEHDSLMObservations.observations.observationBody.value","","","",1,1,"","","","BackboneElement {[]} {[]}
","NI 2017 (Observation.värde)","Angivelse av värde som alltid representerar det faktiska observerade hälsotillståndet. Exempelvis så skulle observationens typ [type] kunna motsvara ""huvuddiagnos”, vilket innebär att attributet värde håller den huvudsakliga diagnosen. Ett annat exempel är ""längd mätt utan skor"" och då innehåller attributet värde resultatet av mätningen, exempelvis 158 cm. Om observationen avser ett måltillstånd motsvarar attributet värde det resultat man önskar uppnå för att målet ska uppfyllas. Notera att även observationer vars representation dokumenteras som fritext använder attributet värde. Se ValueANYType i avsnitt 6.1.2.2.16.","","","","","","","","","",,,,,"",,,,"SEEHDSLMObservations.observations.observationBody.value",1,1,"","ele-1:All FHIR elements must have a @value or children {hasValue() or (children().count() > id.count())}
"
"SEEHDSLMObservations.observations.observationBody.value.id","SEEHDSLMObservations.observations.observationBody.value.id","","","",0,1,"","","","string {[]} {[]}
","Unique id for inter-element referencing","Unique id for the element within a resource (for internal references). This may be any string value that does not contain spaces.","","","","","","","","","",,,,,"",,,,"Element.id",0,1,"",""
"SEEHDSLMObservations.observations.observationBody.value.extension","SEEHDSLMObservations.observations.observationBody.value.extension","","extensions
user content","",0,*,"","","","Extension {[]} {[]}
","Additional content defined by implementations","May be used to represent additional information that is not part of the basic definition of the element. To make the use of extensions safe and manageable, there is a strict set of governance  applied to the definition and use of extensions. Though any implementer can define an extension, there is a set of requirements that SHALL be met as part of the definition of the extension.","There can be no stigma associated with the use of extensions by any application, project, or standard - regardless of the institution or jurisdiction that uses or defines the extensions.  The use of extensions is what allows the FHIR specification to retain a core level of simplicity for everyone.","","","","","","","","",,,,,"","value:url}
","Extensions are always sliced by (at least) url",,"open","Element.extension",0,*,"","ele-1:All FHIR elements must have a @value or children {hasValue() or (children().count() > id.count())}
ext-1:Must have either extensions or value[x], not both {extension.exists() != value.exists()}"
"SEEHDSLMObservations.observations.observationBody.value.modifierExtension","SEEHDSLMObservations.observations.observationBody.value.modifierExtension","","extensions
user contentmodifiers","",0,*,"","Y","Y","Extension {[]} {[]}
","Extensions that cannot be ignored even if unrecognized","May be used to represent additional information that is not part of the basic definition of the element and that modifies the understanding of the element in which it is contained and/or the understanding of the containing element's descendants. Usually modifier elements provide negation or qualification. To make the use of extensions safe and manageable, there is a strict set of governance applied to the definition and use of extensions. Though any implementer can define an extension, there is a set of requirements that SHALL be met as part of the definition of the extension. Applications processing a resource are required to check for modifier extensions.

Modifier extensions SHALL NOT change the meaning of any elements on Resource or DomainResource (including cannot change the meaning of modifierExtension itself).","There can be no stigma associated with the use of extensions by any application, project, or standard - regardless of the institution or jurisdiction that uses or defines the extensions.  The use of extensions is what allows the FHIR specification to retain a core level of simplicity for everyone.","Modifier extensions allow for extensions that *cannot* be safely ignored to be clearly distinguished from the vast majority of extensions which can be safely ignored.  This promotes interoperability by eliminating the need for implementers to prohibit the presence of extensions. For further information, see the [definition of modifier extensions](http://hl7.org/fhir/R4/extensibility.html#modifierExtension).","","","","","","","",,,,,"",,,,"BackboneElement.modifierExtension",0,*,"","ele-1:All FHIR elements must have a @value or children {hasValue() or (children().count() > id.count())}
ext-1:Must have either extensions or value[x], not both {extension.exists() != value.exists()}"
"SEEHDSLMObservations.observations.observationBody.value.cv","SEEHDSLMObservations.observations.observationBody.value.cv","","","",0,1,"","","","https://fhir.inera.se/ig/ehds-tk/StructureDefinition/SEEHDSRivCVTypeHealthcondBasic2 {[]} {[]}
","Kodat värde","Kodat värde. I fallet med observationer kan det exempelvis vara en diagnoskod enligt ICD-10 eller ett kliniskt fynd enligt Snomed CT.","","","","","","","","","",,,,,"",,,,"SEEHDSLMObservations.observations.observationBody.value.cv",0,1,"",""
"SEEHDSLMObservations.observations.observationBody.value.pq","SEEHDSLMObservations.observations.observationBody.value.pq","","","",0,1,"","","","https://fhir.inera.se/ig/ehds-tk/StructureDefinition/SEEHDSRivPQTypeHealthcondBasic2 {[]} {[]}
","Värde som är resultatet av att någontings fysiskt uppmätts eller räknats, exempelvis 187 cm, 8 tabletter …","Värde som är resultatet av att någontings fysiskt uppmätts eller räknats, exempelvis 187 cm, 8 tabletter eller 37,8 °C.","","","","","","","","","",,,,,"",,,,"SEEHDSLMObservations.observations.observationBody.value.pq",0,1,"",""
"SEEHDSLMObservations.observations.observationBody.value.ivlPq","SEEHDSLMObservations.observations.observationBody.value.ivlPq","","","",0,1,"","","","https://fhir.inera.se/ig/ehds-tk/StructureDefinition/SEEHDSRivPQIntervalTypeHealthcondBasic2 {[]} {[]}
","Intervall av värden som är resultatet av att någontings fysiskt uppmätts eller räknats, exempelvis 187-190 …","Intervall av värden som är resultatet av att någontings fysiskt uppmätts eller räknats, exempelvis 187-190 cm, 8-10 tabletter eller 37,1-37,8 °C.","","","","","","","","","",,,,,"",,,,"SEEHDSLMObservations.observations.observationBody.value.ivlPq",0,1,"",""
"SEEHDSLMObservations.observations.observationBody.value.ts","SEEHDSLMObservations.observations.observationBody.value.ts","","","",0,1,"","","","https://fhir.inera.se/ig/ehds-tk/StructureDefinition/SEEHDSRivPartialTimeStampTypeHealthcondBasic2 {[]} {[]}
","Tidpunkt där precisionen kan varieras utifrån behov","Tidpunkt där precisionen kan varieras utifrån behov. Notera att det föredragna sättet att ange tiden för en observation vanligtvis är att i attributet värde (observations/observationBody/value) ange vad som observerats och i attributet tid (observations/observationBody/time) ange när.","","","","","","","","","",,,,,"",,,,"SEEHDSLMObservations.observations.observationBody.value.ts",0,1,"",""
"SEEHDSLMObservations.observations.observationBody.value.ivlTs","SEEHDSLMObservations.observations.observationBody.value.ivlTs","","","",0,1,"","","","BackboneElement {[]} {[]}
","Tidsintervall där precisionen kan varieras utifrån behov","Tidsintervall där precisionen kan varieras utifrån behov. Tidpunkt där precisionen kan varieras utifrån behov. Notera att det föredragna sättet att ange tiden för en observation vanligtvis är att i attributet värde (observations/observationBody/value) ange vad som observerats och i attributet tid (observations/observationBody/time) ange när.","","","","","","","","","",,,,,"",,,,"SEEHDSLMObservations.observations.observationBody.value.ivlTs",0,1,"","ele-1:All FHIR elements must have a @value or children {hasValue() or (children().count() > id.count())}
"
"SEEHDSLMObservations.observations.observationBody.value.ivlTs.id","SEEHDSLMObservations.observations.observationBody.value.ivlTs.id","","","",0,1,"","","","string {[]} {[]}
","Unique id for inter-element referencing","Unique id for the element within a resource (for internal references). This may be any string value that does not contain spaces.","","","","","","","","","",,,,,"",,,,"Element.id",0,1,"",""
"SEEHDSLMObservations.observations.observationBody.value.ivlTs.extension","SEEHDSLMObservations.observations.observationBody.value.ivlTs.extension","","extensions
user content","",0,*,"","","","Extension {[]} {[]}
","Additional content defined by implementations","May be used to represent additional information that is not part of the basic definition of the element. To make the use of extensions safe and manageable, there is a strict set of governance  applied to the definition and use of extensions. Though any implementer can define an extension, there is a set of requirements that SHALL be met as part of the definition of the extension.","There can be no stigma associated with the use of extensions by any application, project, or standard - regardless of the institution or jurisdiction that uses or defines the extensions.  The use of extensions is what allows the FHIR specification to retain a core level of simplicity for everyone.","","","","","","","","",,,,,"","value:url}
","Extensions are always sliced by (at least) url",,"open","Element.extension",0,*,"","ele-1:All FHIR elements must have a @value or children {hasValue() or (children().count() > id.count())}
ext-1:Must have either extensions or value[x], not both {extension.exists() != value.exists()}"
"SEEHDSLMObservations.observations.observationBody.value.ivlTs.modifierExtension","SEEHDSLMObservations.observations.observationBody.value.ivlTs.modifierExtension","","extensions
user contentmodifiers","",0,*,"","Y","Y","Extension {[]} {[]}
","Extensions that cannot be ignored even if unrecognized","May be used to represent additional information that is not part of the basic definition of the element and that modifies the understanding of the element in which it is contained and/or the understanding of the containing element's descendants. Usually modifier elements provide negation or qualification. To make the use of extensions safe and manageable, there is a strict set of governance applied to the definition and use of extensions. Though any implementer can define an extension, there is a set of requirements that SHALL be met as part of the definition of the extension. Applications processing a resource are required to check for modifier extensions.

Modifier extensions SHALL NOT change the meaning of any elements on Resource or DomainResource (including cannot change the meaning of modifierExtension itself).","There can be no stigma associated with the use of extensions by any application, project, or standard - regardless of the institution or jurisdiction that uses or defines the extensions.  The use of extensions is what allows the FHIR specification to retain a core level of simplicity for everyone.","Modifier extensions allow for extensions that *cannot* be safely ignored to be clearly distinguished from the vast majority of extensions which can be safely ignored.  This promotes interoperability by eliminating the need for implementers to prohibit the presence of extensions. For further information, see the [definition of modifier extensions](http://hl7.org/fhir/R4/extensibility.html#modifierExtension).","","","","","","","",,,,,"",,,,"BackboneElement.modifierExtension",0,*,"","ele-1:All FHIR elements must have a @value or children {hasValue() or (children().count() > id.count())}
ext-1:Must have either extensions or value[x], not both {extension.exists() != value.exists()}"
"SEEHDSLMObservations.observations.observationBody.value.ivlTs.start","SEEHDSLMObservations.observations.observationBody.value.ivlTs.start","","","",0,1,"","","","https://fhir.inera.se/ig/ehds-tk/StructureDefinition/SEEHDSRivPartialTimeStampTypeHealthcondBasic2 {[]} {[]}
","YYYY, YYYYMM, YYYYMMDD, YYYYMMDDhh, YYYYMMDDhhmm, YYYYMMDDhhmmss","YYYY, YYYYMM, YYYYMMDD, YYYYMMDDhh, YYYYMMDDhhmm, YYYYMMDDhhmmss","","","","","","","","","",,,,,"",,,,"SEEHDSLMObservations.observations.observationBody.value.ivlTs.start",0,1,"",""
"SEEHDSLMObservations.observations.observationBody.value.ivlTs.end","SEEHDSLMObservations.observations.observationBody.value.ivlTs.end","","","",0,1,"","","","https://fhir.inera.se/ig/ehds-tk/StructureDefinition/SEEHDSRivPartialTimeStampTypeHealthcondBasic2 {[]} {[]}
","YYYY, YYYYMM, YYYYMMDD, YYYYMMDDhh, YYYYMMDDhhmm, YYYYMMDDhhmmss","YYYY, YYYYMM, YYYYMMDD, YYYYMMDDhh, YYYYMMDDhhmm, YYYYMMDDhhmmss","","","","","","","","","",,,,,"",,,,"SEEHDSLMObservations.observations.observationBody.value.ivlTs.end",0,1,"",""
"SEEHDSLMObservations.observations.observationBody.value.st","SEEHDSLMObservations.observations.observationBody.value.st","","","",0,1,"","","","https://fhir.inera.se/ig/ehds-tk/StructureDefinition/SEEHDSRivString {[]} {[]}
","Textuell beskrivning","Textuell beskrivning.","","","","","","","","","",,,,,"",,,,"SEEHDSLMObservations.observations.observationBody.value.st",0,1,"",""
"SEEHDSLMObservations.observations.observationBody.value.int","SEEHDSLMObservations.observations.observationBody.value.int","","","",0,1,"","","","https://fhir.inera.se/ig/ehds-tk/StructureDefinition/SEEHDSRivInteger {[]} {[]}
","Heltal","Heltal. Ska användas då något klassificerats numeriskt på en skattningsskala, exempelvis 1 poäng på Apgarskalan för Grimaser, reflex, retbarhet. Denna typ ska inte användas för numeriska värden som är ett resultat av att någonting fysiskt uppmätts eller räknats (exempelvis antal tabletter). Fysiskt uppmätta eller räknade värden ska istället dokumenteras med typen pq.","","","","","","","","","",,,,,"",,,,"SEEHDSLMObservations.observations.observationBody.value.int",0,1,"",""
"SEEHDSLMObservations.observations.observationBody.scale","SEEHDSLMObservations.observations.observationBody.scale","","","",0,1,"","","","https://fhir.inera.se/ig/ehds-tk/StructureDefinition/SEEHDSRivCVTypeHealthcondBasic2 {[]} {[]}
","NI 2017 (Observation.skala) — den mätskala som värdet är uppmätt på.","Två huvudtyper: nominalskala (kategorisk) och ordinalskala (rangordnad).
Exempel: AUDIT-skalan (0-40 poäng) eller AB0-blodgruppsystemet.
CVType-regler (TKB): displayName är 1..1 (obligatorisk om fältet anges).","","","","","","","","","",,,,,"",,,,"SEEHDSLMObservations.observations.observationBody.scale",0,1,"",""
"SEEHDSLMObservations.observations.observationBody.status","SEEHDSLMObservations.observations.observationBody.status","","","",1,1,"","","","https://fhir.inera.se/ig/ehds-tk/StructureDefinition/SEEHDSRivCVTypeHealthcondBasic2 {[]} {[]}
","NI 2017 (Observation.status)Kod för observationens status, exempelvis för att dokumentera om det tillstånd …","NI 2017 (Observation.status)Kod för observationens status, exempelvis för att dokumentera om det tillstånd som beskrivs har funnits eller är ett potentiellt tillstånd. En instans av klassen observation kan inte byta status. Om man exempelvis vill dokumentera ett måltillstånd som senare uppfylls så dokumenteras detta som två instanser av klassen observation, en med status måltillstånd och en med status observerat. Koder för status för observation tillhandahålls av Socialstyrelsen som ett urval ur Snomed CT samt som bilaga till NI 2017 [R5]. Snomed CT urvals-id är 56431000052106. Vilka koder som ingår i urvalet söks fram i IHTSDO SNOMED CT Browser [R7]. Om koder utanför urvalet behöver användas ska detta göras i samråd med Socialstyrelsen.","","","","","","","","","",,,,,"",,,,"SEEHDSLMObservations.observations.observationBody.status",1,1,"",""
"SEEHDSLMObservations.observations.observationBody.targetSite","SEEHDSLMObservations.observations.observationBody.targetSite","","","",0,*,"","","","https://fhir.inera.se/ig/ehds-tk/StructureDefinition/SEEHDSRivCVTypeHealthcondBasic2 {[]} {[]}
","NI 2017 (Observation.lokalisation) — lokalisation för observationen.","Används för att beskriva vad observationen avser gällande anatomi, funktion eller system.
Kan beskriva lateralitet, organs position, orientering i relation till kroppen etc.
Används endast om value inte innefattar tillräcklig information om lokalisation.","","","","","","","","","",,,,,"",,,,"SEEHDSLMObservations.observations.observationBody.targetSite",0,*,"",""
"SEEHDSLMObservations.observations.observationBody.description","SEEHDSLMObservations.observations.observationBody.description","","","",0,1,"","","","https://fhir.inera.se/ig/ehds-tk/StructureDefinition/SEEHDSRivString {[]} {[]}
","NI 2017 (Observation.beskrivning) — textuell beskrivning som komplement till value.","Används som komplement till value i de fall ytterligare textuell beskrivning krävs.
OBS: Om observationen ENDAST består av fritext ska denna anges i value/st.","","","","","","","","","",,,,,"",,,,"SEEHDSLMObservations.observations.observationBody.description",0,1,"",""
"SEEHDSLMObservations.observations.observationBody.time","SEEHDSLMObservations.observations.observationBody.time","","","",0,1,"","","","BackboneElement {[]} {[]}
","NI 2017 (Observation.tid) — tidpunkt eller tidsintervall för observationen (TimeType).","Angivelse av den tid då det som observerats faktiskt förekom eller förväntas förekomma.
Skiljer sig från registrationTime (dokumentationstidpunkt).","","","","","","","","","",,,,,"",,,,"SEEHDSLMObservations.observations.observationBody.time",0,1,"","ele-1:All FHIR elements must have a @value or children {hasValue() or (children().count() > id.count())}
"
"SEEHDSLMObservations.observations.observationBody.time.id","SEEHDSLMObservations.observations.observationBody.time.id","","","",0,1,"","","","string {[]} {[]}
","Unique id for inter-element referencing","Unique id for the element within a resource (for internal references). This may be any string value that does not contain spaces.","","","","","","","","","",,,,,"",,,,"Element.id",0,1,"",""
"SEEHDSLMObservations.observations.observationBody.time.extension","SEEHDSLMObservations.observations.observationBody.time.extension","","extensions
user content","",0,*,"","","","Extension {[]} {[]}
","Additional content defined by implementations","May be used to represent additional information that is not part of the basic definition of the element. To make the use of extensions safe and manageable, there is a strict set of governance  applied to the definition and use of extensions. Though any implementer can define an extension, there is a set of requirements that SHALL be met as part of the definition of the extension.","There can be no stigma associated with the use of extensions by any application, project, or standard - regardless of the institution or jurisdiction that uses or defines the extensions.  The use of extensions is what allows the FHIR specification to retain a core level of simplicity for everyone.","","","","","","","","",,,,,"","value:url}
","Extensions are always sliced by (at least) url",,"open","Element.extension",0,*,"","ele-1:All FHIR elements must have a @value or children {hasValue() or (children().count() > id.count())}
ext-1:Must have either extensions or value[x], not both {extension.exists() != value.exists()}"
"SEEHDSLMObservations.observations.observationBody.time.modifierExtension","SEEHDSLMObservations.observations.observationBody.time.modifierExtension","","extensions
user contentmodifiers","",0,*,"","Y","Y","Extension {[]} {[]}
","Extensions that cannot be ignored even if unrecognized","May be used to represent additional information that is not part of the basic definition of the element and that modifies the understanding of the element in which it is contained and/or the understanding of the containing element's descendants. Usually modifier elements provide negation or qualification. To make the use of extensions safe and manageable, there is a strict set of governance applied to the definition and use of extensions. Though any implementer can define an extension, there is a set of requirements that SHALL be met as part of the definition of the extension. Applications processing a resource are required to check for modifier extensions.

Modifier extensions SHALL NOT change the meaning of any elements on Resource or DomainResource (including cannot change the meaning of modifierExtension itself).","There can be no stigma associated with the use of extensions by any application, project, or standard - regardless of the institution or jurisdiction that uses or defines the extensions.  The use of extensions is what allows the FHIR specification to retain a core level of simplicity for everyone.","Modifier extensions allow for extensions that *cannot* be safely ignored to be clearly distinguished from the vast majority of extensions which can be safely ignored.  This promotes interoperability by eliminating the need for implementers to prohibit the presence of extensions. For further information, see the [definition of modifier extensions](http://hl7.org/fhir/R4/extensibility.html#modifierExtension).","","","","","","","",,,,,"",,,,"BackboneElement.modifierExtension",0,*,"","ele-1:All FHIR elements must have a @value or children {hasValue() or (children().count() > id.count())}
ext-1:Must have either extensions or value[x], not both {extension.exists() != value.exists()}"
"SEEHDSLMObservations.observations.observationBody.time.ts","SEEHDSLMObservations.observations.observationBody.time.ts","","","",0,1,"","","","https://fhir.inera.se/ig/ehds-tk/StructureDefinition/SEEHDSRivPartialTimeStampTypeHealthcondBasic2 {[]} {[]}
","Tidpunkt med variabel precision.","Format: YYYY | YYYYMM | YYYYMMDD | YYYYMMDDhh | YYYYMMDDhhmm | YYYYMMDDhhmmss.
Se OBS-001 (beslutad mappning i FHIR).","","","","","","","","","",,,,,"",,,,"SEEHDSLMObservations.observations.observationBody.time.ts",0,1,"",""
"SEEHDSLMObservations.observations.observationBody.time.ivlTs","SEEHDSLMObservations.observations.observationBody.time.ivlTs","","","",0,1,"","","","BackboneElement {[]} {[]}
","Tidsintervall med variabel precision (RIV-TA: ivl_ts).","Villkor: Minst ett av start och end måste anges per TKB.","","","","","","","","","",,,,,"",,,,"SEEHDSLMObservations.observations.observationBody.time.ivlTs",0,1,"","ele-1:All FHIR elements must have a @value or children {hasValue() or (children().count() > id.count())}
"
"SEEHDSLMObservations.observations.observationBody.time.ivlTs.id","SEEHDSLMObservations.observations.observationBody.time.ivlTs.id","","","",0,1,"","","","string {[]} {[]}
","Unique id for inter-element referencing","Unique id for the element within a resource (for internal references). This may be any string value that does not contain spaces.","","","","","","","","","",,,,,"",,,,"Element.id",0,1,"",""
"SEEHDSLMObservations.observations.observationBody.time.ivlTs.extension","SEEHDSLMObservations.observations.observationBody.time.ivlTs.extension","","extensions
user content","",0,*,"","","","Extension {[]} {[]}
","Additional content defined by implementations","May be used to represent additional information that is not part of the basic definition of the element. To make the use of extensions safe and manageable, there is a strict set of governance  applied to the definition and use of extensions. Though any implementer can define an extension, there is a set of requirements that SHALL be met as part of the definition of the extension.","There can be no stigma associated with the use of extensions by any application, project, or standard - regardless of the institution or jurisdiction that uses or defines the extensions.  The use of extensions is what allows the FHIR specification to retain a core level of simplicity for everyone.","","","","","","","","",,,,,"","value:url}
","Extensions are always sliced by (at least) url",,"open","Element.extension",0,*,"","ele-1:All FHIR elements must have a @value or children {hasValue() or (children().count() > id.count())}
ext-1:Must have either extensions or value[x], not both {extension.exists() != value.exists()}"
"SEEHDSLMObservations.observations.observationBody.time.ivlTs.modifierExtension","SEEHDSLMObservations.observations.observationBody.time.ivlTs.modifierExtension","","extensions
user contentmodifiers","",0,*,"","Y","Y","Extension {[]} {[]}
","Extensions that cannot be ignored even if unrecognized","May be used to represent additional information that is not part of the basic definition of the element and that modifies the understanding of the element in which it is contained and/or the understanding of the containing element's descendants. Usually modifier elements provide negation or qualification. To make the use of extensions safe and manageable, there is a strict set of governance applied to the definition and use of extensions. Though any implementer can define an extension, there is a set of requirements that SHALL be met as part of the definition of the extension. Applications processing a resource are required to check for modifier extensions.

Modifier extensions SHALL NOT change the meaning of any elements on Resource or DomainResource (including cannot change the meaning of modifierExtension itself).","There can be no stigma associated with the use of extensions by any application, project, or standard - regardless of the institution or jurisdiction that uses or defines the extensions.  The use of extensions is what allows the FHIR specification to retain a core level of simplicity for everyone.","Modifier extensions allow for extensions that *cannot* be safely ignored to be clearly distinguished from the vast majority of extensions which can be safely ignored.  This promotes interoperability by eliminating the need for implementers to prohibit the presence of extensions. For further information, see the [definition of modifier extensions](http://hl7.org/fhir/R4/extensibility.html#modifierExtension).","","","","","","","",,,,,"",,,,"BackboneElement.modifierExtension",0,*,"","ele-1:All FHIR elements must have a @value or children {hasValue() or (children().count() > id.count())}
ext-1:Must have either extensions or value[x], not both {extension.exists() != value.exists()}"
"SEEHDSLMObservations.observations.observationBody.time.ivlTs.start","SEEHDSLMObservations.observations.observationBody.time.ivlTs.start","","","",0,1,"","","","https://fhir.inera.se/ig/ehds-tk/StructureDefinition/SEEHDSRivPartialTimeStampTypeHealthcondBasic2 {[]} {[]}
","YYYY, YYYYMM, YYYYMMDD, YYYYMMDDhh, YYYYMMDDhhmm, YYYYMMDDhhmmss","YYYY, YYYYMM, YYYYMMDD, YYYYMMDDhh, YYYYMMDDhhmm, YYYYMMDDhhmmss","","","","","","","","","",,,,,"",,,,"SEEHDSLMObservations.observations.observationBody.time.ivlTs.start",0,1,"",""
"SEEHDSLMObservations.observations.observationBody.time.ivlTs.end","SEEHDSLMObservations.observations.observationBody.time.ivlTs.end","","","",0,1,"","","","https://fhir.inera.se/ig/ehds-tk/StructureDefinition/SEEHDSRivPartialTimeStampTypeHealthcondBasic2 {[]} {[]}
","YYYY, YYYYMM, YYYYMMDD, YYYYMMDDhh, YYYYMMDDhhmm, YYYYMMDDhhmmss","YYYY, YYYYMM, YYYYMMDD, YYYYMMDDhh, YYYYMMDDhhmm, YYYYMMDDhhmmss","","","","","","","","","",,,,,"",,,,"SEEHDSLMObservations.observations.observationBody.time.ivlTs.end",0,1,"",""
"SEEHDSLMObservations.observations.observationBody.valueNegation","SEEHDSLMObservations.observations.observationBody.valueNegation","","","",1,1,"","","","https://fhir.inera.se/ig/ehds-tk/StructureDefinition/SEEHDSRivBoolean {[]} {[]}
","NI 2017 (Observation.negation) — negerar betydelsen av value.","Normalvärde: false (positiv utsaga).
true = man har letat efter ett visst tillstånd och konstaterat att det inte föreligger.","","","","","","","","","",,,,,"",,,,"SEEHDSLMObservations.observations.observationBody.valueNegation",1,1,"",""
"SEEHDSLMObservations.observations.observationBody.patient","SEEHDSLMObservations.observations.observationBody.patient","","","",1,1,"","","","BackboneElement {[]} {[]}
","Den patient som observationen avser (PatientInformationType).","Motsvarar klassen Patient i NI 2017. Se PatientInformationType.","","","","","","","","","",,,,,"",,,,"SEEHDSLMObservations.observations.observationBody.patient",1,1,"","ele-1:All FHIR elements must have a @value or children {hasValue() or (children().count() > id.count())}
"
"SEEHDSLMObservations.observations.observationBody.patient.id","SEEHDSLMObservations.observations.observationBody.patient.id","","","",0,1,"","","","string {[]} {[]}
","Unique id for inter-element referencing","Unique id for the element within a resource (for internal references). This may be any string value that does not contain spaces.","","","","","","","","","",,,,,"",,,,"Element.id",0,1,"",""
"SEEHDSLMObservations.observations.observationBody.patient.extension","SEEHDSLMObservations.observations.observationBody.patient.extension","","extensions
user content","",0,*,"","","","Extension {[]} {[]}
","Additional content defined by implementations","May be used to represent additional information that is not part of the basic definition of the element. To make the use of extensions safe and manageable, there is a strict set of governance  applied to the definition and use of extensions. Though any implementer can define an extension, there is a set of requirements that SHALL be met as part of the definition of the extension.","There can be no stigma associated with the use of extensions by any application, project, or standard - regardless of the institution or jurisdiction that uses or defines the extensions.  The use of extensions is what allows the FHIR specification to retain a core level of simplicity for everyone.","","","","","","","","",,,,,"","value:url}
","Extensions are always sliced by (at least) url",,"open","Element.extension",0,*,"","ele-1:All FHIR elements must have a @value or children {hasValue() or (children().count() > id.count())}
ext-1:Must have either extensions or value[x], not both {extension.exists() != value.exists()}"
"SEEHDSLMObservations.observations.observationBody.patient.modifierExtension","SEEHDSLMObservations.observations.observationBody.patient.modifierExtension","","extensions
user contentmodifiers","",0,*,"","Y","Y","Extension {[]} {[]}
","Extensions that cannot be ignored even if unrecognized","May be used to represent additional information that is not part of the basic definition of the element and that modifies the understanding of the element in which it is contained and/or the understanding of the containing element's descendants. Usually modifier elements provide negation or qualification. To make the use of extensions safe and manageable, there is a strict set of governance applied to the definition and use of extensions. Though any implementer can define an extension, there is a set of requirements that SHALL be met as part of the definition of the extension. Applications processing a resource are required to check for modifier extensions.

Modifier extensions SHALL NOT change the meaning of any elements on Resource or DomainResource (including cannot change the meaning of modifierExtension itself).","There can be no stigma associated with the use of extensions by any application, project, or standard - regardless of the institution or jurisdiction that uses or defines the extensions.  The use of extensions is what allows the FHIR specification to retain a core level of simplicity for everyone.","Modifier extensions allow for extensions that *cannot* be safely ignored to be clearly distinguished from the vast majority of extensions which can be safely ignored.  This promotes interoperability by eliminating the need for implementers to prohibit the presence of extensions. For further information, see the [definition of modifier extensions](http://hl7.org/fhir/R4/extensibility.html#modifierExtension).","","","","","","","",,,,,"",,,,"BackboneElement.modifierExtension",0,*,"","ele-1:All FHIR elements must have a @value or children {hasValue() or (children().count() > id.count())}
ext-1:Must have either extensions or value[x], not both {extension.exists() != value.exists()}"
"SEEHDSLMObservations.observations.observationBody.patient.rivId","SEEHDSLMObservations.observations.observationBody.patient.rivId","","","",0,1,"","","","https://fhir.inera.se/ig/ehds-tk/StructureDefinition/SEEHDSRivIITypeHealthcondBasic2 {[]} {[]}
","NI 2017 (Patient.id)","Angivelse av identitetsbeteckning för patientrollen. Denna identitet används då patienten inte kan eller bör identifieras med ett person-id (personnummer eller samordningsnummer). Identitetsbeteckningen på patient är vanligtvis ett reservnummer. En person kan ha flera instanser av klassen patient och dessa kan ha olika id. Observera att det är obligatoriskt att ange antingen person-id på person eller id på patient. Nationell reservidentitet är den enda typ av reservnummer som tillåts i denna tjänst. Denna ska anges med 12 tecken utan avskiljare. Se [R9] för mer information om nationell reservidentitet.","","","","","","","","","",,,,,"",,,,"SEEHDSLMObservations.observations.observationBody.patient.rivId",0,1,"",""
"SEEHDSLMObservations.observations.observationBody.patient.person","SEEHDSLMObservations.observations.observationBody.patient.person","","","",1,1,"","","","BackboneElement {[]} {[]}
","Uppgifter om den person som har rollen som patient (PersonType).","Se övrig regel 3 (avsnitt 6.1.3.3). Inkluderar id, givenName, surname, gender,
dateOfBirth, confidentialityIndicator m.m.","","","","","","","","","",,,,,"",,,,"SEEHDSLMObservations.observations.observationBody.patient.person",1,1,"","ele-1:All FHIR elements must have a @value or children {hasValue() or (children().count() > id.count())}
"
"SEEHDSLMObservations.observations.observationBody.patient.person.id","SEEHDSLMObservations.observations.observationBody.patient.person.id","","","",0,1,"","","","string {[]} {[]}
","Unique id for inter-element referencing","Unique id for the element within a resource (for internal references). This may be any string value that does not contain spaces.","","","","","","","","","",,,,,"",,,,"Element.id",0,1,"",""
"SEEHDSLMObservations.observations.observationBody.patient.person.extension","SEEHDSLMObservations.observations.observationBody.patient.person.extension","","extensions
user content","",0,*,"","","","Extension {[]} {[]}
","Additional content defined by implementations","May be used to represent additional information that is not part of the basic definition of the element. To make the use of extensions safe and manageable, there is a strict set of governance  applied to the definition and use of extensions. Though any implementer can define an extension, there is a set of requirements that SHALL be met as part of the definition of the extension.","There can be no stigma associated with the use of extensions by any application, project, or standard - regardless of the institution or jurisdiction that uses or defines the extensions.  The use of extensions is what allows the FHIR specification to retain a core level of simplicity for everyone.","","","","","","","","",,,,,"","value:url}
","Extensions are always sliced by (at least) url",,"open","Element.extension",0,*,"","ele-1:All FHIR elements must have a @value or children {hasValue() or (children().count() > id.count())}
ext-1:Must have either extensions or value[x], not both {extension.exists() != value.exists()}"
"SEEHDSLMObservations.observations.observationBody.patient.person.modifierExtension","SEEHDSLMObservations.observations.observationBody.patient.person.modifierExtension","","extensions
user contentmodifiers","",0,*,"","Y","Y","Extension {[]} {[]}
","Extensions that cannot be ignored even if unrecognized","May be used to represent additional information that is not part of the basic definition of the element and that modifies the understanding of the element in which it is contained and/or the understanding of the containing element's descendants. Usually modifier elements provide negation or qualification. To make the use of extensions safe and manageable, there is a strict set of governance applied to the definition and use of extensions. Though any implementer can define an extension, there is a set of requirements that SHALL be met as part of the definition of the extension. Applications processing a resource are required to check for modifier extensions.

Modifier extensions SHALL NOT change the meaning of any elements on Resource or DomainResource (including cannot change the meaning of modifierExtension itself).","There can be no stigma associated with the use of extensions by any application, project, or standard - regardless of the institution or jurisdiction that uses or defines the extensions.  The use of extensions is what allows the FHIR specification to retain a core level of simplicity for everyone.","Modifier extensions allow for extensions that *cannot* be safely ignored to be clearly distinguished from the vast majority of extensions which can be safely ignored.  This promotes interoperability by eliminating the need for implementers to prohibit the presence of extensions. For further information, see the [definition of modifier extensions](http://hl7.org/fhir/R4/extensibility.html#modifierExtension).","","","","","","","",,,,,"",,,,"BackboneElement.modifierExtension",0,*,"","ele-1:All FHIR elements must have a @value or children {hasValue() or (children().count() > id.count())}
ext-1:Must have either extensions or value[x], not both {extension.exists() != value.exists()}"
"SEEHDSLMObservations.observations.observationBody.patient.person.rivId","SEEHDSLMObservations.observations.observationBody.patient.person.rivId","","","",0,1,"","","","https://fhir.inera.se/ig/ehds-tk/StructureDefinition/SEEHDSRivIITypeHealthcondBasic2 {[]} {[]}
","Id för personen i form av personnummer eller samordningsnummer","Id för personen i form av personnummer eller samordningsnummer. Skall anges med 12 tecken utan avskiljare.","","","","","","","","","",,,,,"",,,,"SEEHDSLMObservations.observations.observationBody.patient.person.rivId",0,1,"",""
"SEEHDSLMObservations.observations.observationBody.patient.person.givenName","SEEHDSLMObservations.observations.observationBody.patient.person.givenName","","","",0,*,"","","","https://fhir.inera.se/ig/ehds-tk/StructureDefinition/SEEHDSRivString {[]} {[]}
","NI 2017 (Person.förnamn).","NI 2017 (Person.förnamn) Angivelse av förnamn, som är en persons givna namn och inkluderar tilltalsnamn.","","","","","","","","","",,,,,"",,,,"SEEHDSLMObservations.observations.observationBody.patient.person.givenName",0,*,"",""
"SEEHDSLMObservations.observations.observationBody.patient.person.middleSurname","SEEHDSLMObservations.observations.observationBody.patient.person.middleSurname","","","",0,1,"","","","https://fhir.inera.se/ig/ehds-tk/StructureDefinition/SEEHDSRivString {[]} {[]}
","NI 2017 (Person.mellannamn).","NI 2017 (Person.mellannamn) Angivelse av mellannamn, som är ett namn som kan bäras för att visa gemenskap med en förälder eller en make som bär detta namn som efternamn. Man kan också bära ett eget tidigare efternamn som mellannamn om man bytt till makes eller registrerade partners efternamn.","","","","","","","","","",,,,,"",,,,"SEEHDSLMObservations.observations.observationBody.patient.person.middleSurname",0,1,"",""
"SEEHDSLMObservations.observations.observationBody.patient.person.surname","SEEHDSLMObservations.observations.observationBody.patient.person.surname","","","",0,1,"","","","https://fhir.inera.se/ig/ehds-tk/StructureDefinition/SEEHDSRivString {[]} {[]}
","NI 2017 (Person.efternamn).","NI 2017 (Person.efternamn) Angivelse av efternamn, som är en persons familjenamn eller släktnamn.","","","","","","","","","",,,,,"",,,,"SEEHDSLMObservations.observations.observationBody.patient.person.surname",0,1,"",""
"SEEHDSLMObservations.observations.observationBody.patient.person.givenNameMarker","SEEHDSLMObservations.observations.observationBody.patient.person.givenNameMarker","","","",0,1,"","","","https://fhir.inera.se/ig/ehds-tk/StructureDefinition/SEEHDSRivInteger {[]} {[]}
","NI 2017 (Person.tilltalsnamnsmarkering). Giltiga värden: 10-99.","NI 2017 (Person.tilltalsnamnsmarkering) Angivelse av tilltalsnamnsmarkering, som används för att markera vilket av de angivna förnamnen som är personens tilltalsnamn. Giltiga värden är 10-99 där den första siffran anger vilket av de angivna förnamnen som är tilltalsnamnet (1 motsvarar första namnet osv.) och den andra siffran anger det eventuella andra tilltalsnamnet om dubbelnamn är aktuellt. Om inte är den andra siffran 0.","","","","","","","","","",,,,,"",,,,"SEEHDSLMObservations.observations.observationBody.patient.person.givenNameMarker",0,1,"",""
"SEEHDSLMObservations.observations.observationBody.patient.person.gender","SEEHDSLMObservations.observations.observationBody.patient.person.gender","","","",0,1,"","","","https://fhir.inera.se/ig/ehds-tk/StructureDefinition/SEEHDSRivCVTypeHealthcondBasic2 {[]} {[]}
","NI 2017 (Person.kön). KV Kön OID: 1.2.752.129.2.2.1.1.","Koder: 0=okänt, 1=man, 2=kvinna, 9=ej tillämpligt.
CVType-begränsning: originalText är förbjudet (0..0) för könsfältet per TKB.","","","","","","","","","",,,,,"",,,,"SEEHDSLMObservations.observations.observationBody.patient.person.gender",0,1,"",""
"SEEHDSLMObservations.observations.observationBody.patient.person.dateOfBirth","SEEHDSLMObservations.observations.observationBody.patient.person.dateOfBirth","","","",0,1,"","","","https://fhir.inera.se/ig/ehds-tk/StructureDefinition/SEEHDSRivDate {[]} {[]}
","NI 2017 (Person.födelsedatum). Format ÅÅÅÅMMDD.","NI 2017 (Person.födelsedatum) Angivelse av vilket datum personen är född. Ett datum på formatet ÅÅÅÅMMDD. Observera att det är födelsedatumet och inte personnumret.
Format enligt XSD (DateType): ÅÅÅÅMMDD.","","","","","","","","","",,,,,"",,,,"SEEHDSLMObservations.observations.observationBody.patient.person.dateOfBirth",0,1,"",""
"SEEHDSLMObservations.observations.observationBody.patient.person.confidentialityIndicator","SEEHDSLMObservations.observations.observationBody.patient.person.confidentialityIndicator","","","",1,1,"","","","https://fhir.inera.se/ig/ehds-tk/StructureDefinition/SEEHDSRivBoolean {[]} {[]}
","NI 2017 (Person.sekretessmarkering). Defaultvärde: false.","NI 2017 (Person.sekretessmarkering) Angivelse av sekretessmarkering enligt Skatteverket. Defaultvärde är ”false”. Defaultvärdet ska automatiskt användas om inget annat värde anges.","","","","","","","","","",,,,,"",,,,"SEEHDSLMObservations.observations.observationBody.patient.person.confidentialityIndicator",1,1,"",""
"SEEHDSLMObservations.observations.observationBody.patient.person.maritalStatus","SEEHDSLMObservations.observations.observationBody.patient.person.maritalStatus","","","",0,1,"","","","https://fhir.inera.se/ig/ehds-tk/StructureDefinition/SEEHDSRivCVTypeHealthcondBasic2 {[]} {[]}
","NI 2017 (Person.civilstånd).","NI 2017 (Person.civilstånd) Angivelse av personens civilstånd.","","","","","","","","","",,,,,"",,,,"SEEHDSLMObservations.observations.observationBody.patient.person.maritalStatus",0,1,"",""
"SEEHDSLMObservations.observations.observationBody.patient.person.address","SEEHDSLMObservations.observations.observationBody.patient.person.address","","","",0,*,"","","","BackboneElement {[]} {[]}
","NI 2017 (Person.adress). Se AddressType.","NI 2017 (Person.adress) Angivelse av adressinformation för fysisk plats för en person, exempelvis bostadsadress eller tillfällig adress. Se AddressType i avsnitt 6.1.2.2.14.","","","","","","","","","",,,,,"",,,,"SEEHDSLMObservations.observations.observationBody.patient.person.address",0,*,"","ele-1:All FHIR elements must have a @value or children {hasValue() or (children().count() > id.count())}
"
"SEEHDSLMObservations.observations.observationBody.patient.person.address.id","SEEHDSLMObservations.observations.observationBody.patient.person.address.id","","","",0,1,"","","","string {[]} {[]}
","Unique id for inter-element referencing","Unique id for the element within a resource (for internal references). This may be any string value that does not contain spaces.","","","","","","","","","",,,,,"",,,,"Element.id",0,1,"",""
"SEEHDSLMObservations.observations.observationBody.patient.person.address.extension","SEEHDSLMObservations.observations.observationBody.patient.person.address.extension","","extensions
user content","",0,*,"","","","Extension {[]} {[]}
","Additional content defined by implementations","May be used to represent additional information that is not part of the basic definition of the element. To make the use of extensions safe and manageable, there is a strict set of governance  applied to the definition and use of extensions. Though any implementer can define an extension, there is a set of requirements that SHALL be met as part of the definition of the extension.","There can be no stigma associated with the use of extensions by any application, project, or standard - regardless of the institution or jurisdiction that uses or defines the extensions.  The use of extensions is what allows the FHIR specification to retain a core level of simplicity for everyone.","","","","","","","","",,,,,"","value:url}
","Extensions are always sliced by (at least) url",,"open","Element.extension",0,*,"","ele-1:All FHIR elements must have a @value or children {hasValue() or (children().count() > id.count())}
ext-1:Must have either extensions or value[x], not both {extension.exists() != value.exists()}"
"SEEHDSLMObservations.observations.observationBody.patient.person.address.modifierExtension","SEEHDSLMObservations.observations.observationBody.patient.person.address.modifierExtension","","extensions
user contentmodifiers","",0,*,"","Y","Y","Extension {[]} {[]}
","Extensions that cannot be ignored even if unrecognized","May be used to represent additional information that is not part of the basic definition of the element and that modifies the understanding of the element in which it is contained and/or the understanding of the containing element's descendants. Usually modifier elements provide negation or qualification. To make the use of extensions safe and manageable, there is a strict set of governance applied to the definition and use of extensions. Though any implementer can define an extension, there is a set of requirements that SHALL be met as part of the definition of the extension. Applications processing a resource are required to check for modifier extensions.

Modifier extensions SHALL NOT change the meaning of any elements on Resource or DomainResource (including cannot change the meaning of modifierExtension itself).","There can be no stigma associated with the use of extensions by any application, project, or standard - regardless of the institution or jurisdiction that uses or defines the extensions.  The use of extensions is what allows the FHIR specification to retain a core level of simplicity for everyone.","Modifier extensions allow for extensions that *cannot* be safely ignored to be clearly distinguished from the vast majority of extensions which can be safely ignored.  This promotes interoperability by eliminating the need for implementers to prohibit the presence of extensions. For further information, see the [definition of modifier extensions](http://hl7.org/fhir/R4/extensibility.html#modifierExtension).","","","","","","","",,,,,"",,,,"BackboneElement.modifierExtension",0,*,"","ele-1:All FHIR elements must have a @value or children {hasValue() or (children().count() > id.count())}
ext-1:Must have either extensions or value[x], not both {extension.exists() != value.exists()}"
"SEEHDSLMObservations.observations.observationBody.patient.person.address.use","SEEHDSLMObservations.observations.observationBody.patient.person.address.use","","","",0,1,"","","","https://fhir.inera.se/ig/ehds-tk/StructureDefinition/SEEHDSRivString {[]} {[]}
","Om flera adresser anges skiljs de åt via sin användningskod","Om flera adresser anges skiljs de åt via sin användningskod. Den primära/default adressen anges alltid utan användningskod. Möjliga värden: PHYS = Fysisk besöksadress H = Hemadress HV = Semesteradress WP = Adress till arbetsplats TMP = Tillfällig adress När det inte finns en adress med användningskod som matchar syftet med adressanvändningen, väljs den primära adressen.
Tillåtna värden enligt XSD: PHYS, H, HV, WP, TMP.","","","","","","","","","",,,,,"",,,,"SEEHDSLMObservations.observations.observationBody.patient.person.address.use",0,1,"",""
"SEEHDSLMObservations.observations.observationBody.patient.person.address.part","SEEHDSLMObservations.observations.observationBody.patient.person.address.part","","","",1,*,"","","","BackboneElement {[]} {[]}
","Del av adress, exempelvis gatuadress eller postnummer","Del av adress, exempelvis gatuadress eller postnummer.","","","","","","","","","",,,,,"",,,,"SEEHDSLMObservations.observations.observationBody.patient.person.address.part",1,*,"","ele-1:All FHIR elements must have a @value or children {hasValue() or (children().count() > id.count())}
"
"SEEHDSLMObservations.observations.observationBody.patient.person.address.part.id","SEEHDSLMObservations.observations.observationBody.patient.person.address.part.id","","","",0,1,"","","","string {[]} {[]}
","Unique id for inter-element referencing","Unique id for the element within a resource (for internal references). This may be any string value that does not contain spaces.","","","","","","","","","",,,,,"",,,,"Element.id",0,1,"",""
"SEEHDSLMObservations.observations.observationBody.patient.person.address.part.extension","SEEHDSLMObservations.observations.observationBody.patient.person.address.part.extension","","extensions
user content","",0,*,"","","","Extension {[]} {[]}
","Additional content defined by implementations","May be used to represent additional information that is not part of the basic definition of the element. To make the use of extensions safe and manageable, there is a strict set of governance  applied to the definition and use of extensions. Though any implementer can define an extension, there is a set of requirements that SHALL be met as part of the definition of the extension.","There can be no stigma associated with the use of extensions by any application, project, or standard - regardless of the institution or jurisdiction that uses or defines the extensions.  The use of extensions is what allows the FHIR specification to retain a core level of simplicity for everyone.","","","","","","","","",,,,,"","value:url}
","Extensions are always sliced by (at least) url",,"open","Element.extension",0,*,"","ele-1:All FHIR elements must have a @value or children {hasValue() or (children().count() > id.count())}
ext-1:Must have either extensions or value[x], not both {extension.exists() != value.exists()}"
"SEEHDSLMObservations.observations.observationBody.patient.person.address.part.modifierExtension","SEEHDSLMObservations.observations.observationBody.patient.person.address.part.modifierExtension","","extensions
user contentmodifiers","",0,*,"","Y","Y","Extension {[]} {[]}
","Extensions that cannot be ignored even if unrecognized","May be used to represent additional information that is not part of the basic definition of the element and that modifies the understanding of the element in which it is contained and/or the understanding of the containing element's descendants. Usually modifier elements provide negation or qualification. To make the use of extensions safe and manageable, there is a strict set of governance applied to the definition and use of extensions. Though any implementer can define an extension, there is a set of requirements that SHALL be met as part of the definition of the extension. Applications processing a resource are required to check for modifier extensions.

Modifier extensions SHALL NOT change the meaning of any elements on Resource or DomainResource (including cannot change the meaning of modifierExtension itself).","There can be no stigma associated with the use of extensions by any application, project, or standard - regardless of the institution or jurisdiction that uses or defines the extensions.  The use of extensions is what allows the FHIR specification to retain a core level of simplicity for everyone.","Modifier extensions allow for extensions that *cannot* be safely ignored to be clearly distinguished from the vast majority of extensions which can be safely ignored.  This promotes interoperability by eliminating the need for implementers to prohibit the presence of extensions. For further information, see the [definition of modifier extensions](http://hl7.org/fhir/R4/extensibility.html#modifierExtension).","","","","","","","",,,,,"",,,,"BackboneElement.modifierExtension",0,*,"","ele-1:All FHIR elements must have a @value or children {hasValue() or (children().count() > id.count())}
ext-1:Must have either extensions or value[x], not both {extension.exists() != value.exists()}"
"SEEHDSLMObservations.observations.observationBody.patient.person.address.part.value","SEEHDSLMObservations.observations.observationBody.patient.person.address.part.value","","","",1,1,"","","","https://fhir.inera.se/ig/ehds-tk/StructureDefinition/SEEHDSRivString {[]} {[]}
","value","value","","","","","","","","","",,,,,"",,,,"SEEHDSLMObservations.observations.observationBody.patient.person.address.part.value",1,1,"",""
"SEEHDSLMObservations.observations.observationBody.patient.person.address.part.type","SEEHDSLMObservations.observations.observationBody.patient.person.address.part.type","","","",0,1,"","","","https://fhir.inera.se/ig/ehds-tk/StructureDefinition/SEEHDSRivString {[]} {[]}
","type","Tillåtna värden enligt XSD: SAL, CAR, CEN, CNT, CPA, CTY, ZIP, POB, PRE.","","","","","","","","","",,,,,"",,,,"SEEHDSLMObservations.observations.observationBody.patient.person.address.part.type",0,1,"",""
"SEEHDSLMObservations.observations.observationBody.patient.person.electronicAddress","SEEHDSLMObservations.observations.observationBody.patient.person.electronicAddress","","","",0,*,"","","","BackboneElement {[]} {[]}
","NI 2017 (Person.elektroniskAdress). Se TelType.","NI 2017 (Person.elektroniskAdress) Angivelse av elektronisk adressinformation som en person har. Här avses även telefonnummer. Exempel är telefonnummer eller e-postadress. Se TelType i avsnitt 6.1.2.2.15.","","","","","","","","","",,,,,"",,,,"SEEHDSLMObservations.observations.observationBody.patient.person.electronicAddress",0,*,"","ele-1:All FHIR elements must have a @value or children {hasValue() or (children().count() > id.count())}
"
"SEEHDSLMObservations.observations.observationBody.patient.person.electronicAddress.id","SEEHDSLMObservations.observations.observationBody.patient.person.electronicAddress.id","","","",0,1,"","","","string {[]} {[]}
","Unique id for inter-element referencing","Unique id for the element within a resource (for internal references). This may be any string value that does not contain spaces.","","","","","","","","","",,,,,"",,,,"Element.id",0,1,"",""
"SEEHDSLMObservations.observations.observationBody.patient.person.electronicAddress.extension","SEEHDSLMObservations.observations.observationBody.patient.person.electronicAddress.extension","","extensions
user content","",0,*,"","","","Extension {[]} {[]}
","Additional content defined by implementations","May be used to represent additional information that is not part of the basic definition of the element. To make the use of extensions safe and manageable, there is a strict set of governance  applied to the definition and use of extensions. Though any implementer can define an extension, there is a set of requirements that SHALL be met as part of the definition of the extension.","There can be no stigma associated with the use of extensions by any application, project, or standard - regardless of the institution or jurisdiction that uses or defines the extensions.  The use of extensions is what allows the FHIR specification to retain a core level of simplicity for everyone.","","","","","","","","",,,,,"","value:url}
","Extensions are always sliced by (at least) url",,"open","Element.extension",0,*,"","ele-1:All FHIR elements must have a @value or children {hasValue() or (children().count() > id.count())}
ext-1:Must have either extensions or value[x], not both {extension.exists() != value.exists()}"
"SEEHDSLMObservations.observations.observationBody.patient.person.electronicAddress.modifierExtension","SEEHDSLMObservations.observations.observationBody.patient.person.electronicAddress.modifierExtension","","extensions
user contentmodifiers","",0,*,"","Y","Y","Extension {[]} {[]}
","Extensions that cannot be ignored even if unrecognized","May be used to represent additional information that is not part of the basic definition of the element and that modifies the understanding of the element in which it is contained and/or the understanding of the containing element's descendants. Usually modifier elements provide negation or qualification. To make the use of extensions safe and manageable, there is a strict set of governance applied to the definition and use of extensions. Though any implementer can define an extension, there is a set of requirements that SHALL be met as part of the definition of the extension. Applications processing a resource are required to check for modifier extensions.

Modifier extensions SHALL NOT change the meaning of any elements on Resource or DomainResource (including cannot change the meaning of modifierExtension itself).","There can be no stigma associated with the use of extensions by any application, project, or standard - regardless of the institution or jurisdiction that uses or defines the extensions.  The use of extensions is what allows the FHIR specification to retain a core level of simplicity for everyone.","Modifier extensions allow for extensions that *cannot* be safely ignored to be clearly distinguished from the vast majority of extensions which can be safely ignored.  This promotes interoperability by eliminating the need for implementers to prohibit the presence of extensions. For further information, see the [definition of modifier extensions](http://hl7.org/fhir/R4/extensibility.html#modifierExtension).","","","","","","","",,,,,"",,,,"BackboneElement.modifierExtension",0,*,"","ele-1:All FHIR elements must have a @value or children {hasValue() or (children().count() > id.count())}
ext-1:Must have either extensions or value[x], not both {extension.exists() != value.exists()}"
"SEEHDSLMObservations.observations.observationBody.patient.person.electronicAddress.value","SEEHDSLMObservations.observations.observationBody.patient.person.electronicAddress.value","","","",1,1,"","","","https://fhir.inera.se/ig/ehds-tk/StructureDefinition/SEEHDSRivAnyURI {[]} {[]}
","Elektronisk adress, t.ex.","Elektronisk adress, t.ex. e-mail eller telefonnummer. Anges i form av en URI inklusive prefix som anger protokoll. Telefonnummer anges med prefixet ”tel:”, e-mailadresser med ”mailto:” och webbsidor med ”http:” eller ”https:”. Exempel: value=”tel:+46702353535” value=”mailto:lars@gmail.com” value=”http://www.1177.se”","","","","","","","","","",,,,,"",,,,"SEEHDSLMObservations.observations.observationBody.patient.person.electronicAddress.value",1,1,"",""
"SEEHDSLMObservations.observations.observationBody.patient.person.electronicAddress.capabilities","SEEHDSLMObservations.observations.observationBody.patient.person.electronicAddress.capabilities","","","",0,*,"","","","https://fhir.inera.se/ig/ehds-tk/StructureDefinition/SEEHDSRivString {[]} {[]}
","Kan användas för telefonnummer för att ange om numret har möjlighet att ta emot röstsamtal, fax eller SMS","Kan användas för telefonnummer för att ange om numret har möjlighet att ta emot röstsamtal, fax eller SMS. Möjliga värden: voice = Numret kan ta emot röstsamtal fax = Numret kan ta emot fax sms = Numret kan ta emot SMS
Tillåtna värden enligt XSD: voice, fax, sms.","","","","","","","","","",,,,,"",,,,"SEEHDSLMObservations.observations.observationBody.patient.person.electronicAddress.capabilities",0,*,"",""
"SEEHDSLMObservations.observations.observationBody.patient.person.electronicAddress.use","SEEHDSLMObservations.observations.observationBody.patient.person.electronicAddress.use","","","",0,*,"","","","https://fhir.inera.se/ig/ehds-tk/StructureDefinition/SEEHDSRivString {[]} {[]}
","Om flera elektroniska adresser anges skiljs de åt via sin användningskod","Om flera elektroniska adresser anges skiljs de åt via sin användningskod. Möjliga värden: H = Används i hemmet/privat HV = Används under semester WP = Används på arbetet/i tjänsten TMP = Används tillfälligt
Tillåtna värden enligt XSD: H, HV, WP, TMP.","","","","","","","","","",,,,,"",,,,"SEEHDSLMObservations.observations.observationBody.patient.person.electronicAddress.use",0,*,"",""
"SEEHDSLMObservations.observations.observationBody.patient.address","SEEHDSLMObservations.observations.observationBody.patient.address","","","",0,*,"","","","BackboneElement {[]} {[]}
","NI 2017 (Patient.adress). Särskild kallelseadress etc. Se AddressType.","NI 2017 (Patient.adress) Angivelse av adressinformation för fysisk plats som en person har i sin roll som patient, exempelvis särskild kallelseadress. Se AddressType i avsnitt 6.1.2.2.14.","","","","","","","","","",,,,,"",,,,"SEEHDSLMObservations.observations.observationBody.patient.address",0,*,"","ele-1:All FHIR elements must have a @value or children {hasValue() or (children().count() > id.count())}
"
"SEEHDSLMObservations.observations.observationBody.patient.address.id","SEEHDSLMObservations.observations.observationBody.patient.address.id","","","",0,1,"","","","string {[]} {[]}
","Unique id for inter-element referencing","Unique id for the element within a resource (for internal references). This may be any string value that does not contain spaces.","","","","","","","","","",,,,,"",,,,"Element.id",0,1,"",""
"SEEHDSLMObservations.observations.observationBody.patient.address.extension","SEEHDSLMObservations.observations.observationBody.patient.address.extension","","extensions
user content","",0,*,"","","","Extension {[]} {[]}
","Additional content defined by implementations","May be used to represent additional information that is not part of the basic definition of the element. To make the use of extensions safe and manageable, there is a strict set of governance  applied to the definition and use of extensions. Though any implementer can define an extension, there is a set of requirements that SHALL be met as part of the definition of the extension.","There can be no stigma associated with the use of extensions by any application, project, or standard - regardless of the institution or jurisdiction that uses or defines the extensions.  The use of extensions is what allows the FHIR specification to retain a core level of simplicity for everyone.","","","","","","","","",,,,,"","value:url}
","Extensions are always sliced by (at least) url",,"open","Element.extension",0,*,"","ele-1:All FHIR elements must have a @value or children {hasValue() or (children().count() > id.count())}
ext-1:Must have either extensions or value[x], not both {extension.exists() != value.exists()}"
"SEEHDSLMObservations.observations.observationBody.patient.address.modifierExtension","SEEHDSLMObservations.observations.observationBody.patient.address.modifierExtension","","extensions
user contentmodifiers","",0,*,"","Y","Y","Extension {[]} {[]}
","Extensions that cannot be ignored even if unrecognized","May be used to represent additional information that is not part of the basic definition of the element and that modifies the understanding of the element in which it is contained and/or the understanding of the containing element's descendants. Usually modifier elements provide negation or qualification. To make the use of extensions safe and manageable, there is a strict set of governance applied to the definition and use of extensions. Though any implementer can define an extension, there is a set of requirements that SHALL be met as part of the definition of the extension. Applications processing a resource are required to check for modifier extensions.

Modifier extensions SHALL NOT change the meaning of any elements on Resource or DomainResource (including cannot change the meaning of modifierExtension itself).","There can be no stigma associated with the use of extensions by any application, project, or standard - regardless of the institution or jurisdiction that uses or defines the extensions.  The use of extensions is what allows the FHIR specification to retain a core level of simplicity for everyone.","Modifier extensions allow for extensions that *cannot* be safely ignored to be clearly distinguished from the vast majority of extensions which can be safely ignored.  This promotes interoperability by eliminating the need for implementers to prohibit the presence of extensions. For further information, see the [definition of modifier extensions](http://hl7.org/fhir/R4/extensibility.html#modifierExtension).","","","","","","","",,,,,"",,,,"BackboneElement.modifierExtension",0,*,"","ele-1:All FHIR elements must have a @value or children {hasValue() or (children().count() > id.count())}
ext-1:Must have either extensions or value[x], not both {extension.exists() != value.exists()}"
"SEEHDSLMObservations.observations.observationBody.patient.address.use","SEEHDSLMObservations.observations.observationBody.patient.address.use","","","",0,1,"","","","https://fhir.inera.se/ig/ehds-tk/StructureDefinition/SEEHDSRivString {[]} {[]}
","Om flera adresser anges skiljs de åt via sin användningskod","Om flera adresser anges skiljs de åt via sin användningskod. Den primära/default adressen anges alltid utan användningskod. Möjliga värden: PHYS = Fysisk besöksadress H = Hemadress HV = Semesteradress WP = Adress till arbetsplats TMP = Tillfällig adress När det inte finns en adress med användningskod som matchar syftet med adressanvändningen, väljs den primära adressen.
Tillåtna värden enligt XSD: PHYS, H, HV, WP, TMP.","","","","","","","","","",,,,,"",,,,"SEEHDSLMObservations.observations.observationBody.patient.address.use",0,1,"",""
"SEEHDSLMObservations.observations.observationBody.patient.address.part","SEEHDSLMObservations.observations.observationBody.patient.address.part","","","",1,*,"","","","BackboneElement {[]} {[]}
","Del av adress, exempelvis gatuadress eller postnummer","Del av adress, exempelvis gatuadress eller postnummer.","","","","","","","","","",,,,,"",,,,"SEEHDSLMObservations.observations.observationBody.patient.address.part",1,*,"","ele-1:All FHIR elements must have a @value or children {hasValue() or (children().count() > id.count())}
"
"SEEHDSLMObservations.observations.observationBody.patient.address.part.id","SEEHDSLMObservations.observations.observationBody.patient.address.part.id","","","",0,1,"","","","string {[]} {[]}
","Unique id for inter-element referencing","Unique id for the element within a resource (for internal references). This may be any string value that does not contain spaces.","","","","","","","","","",,,,,"",,,,"Element.id",0,1,"",""
"SEEHDSLMObservations.observations.observationBody.patient.address.part.extension","SEEHDSLMObservations.observations.observationBody.patient.address.part.extension","","extensions
user content","",0,*,"","","","Extension {[]} {[]}
","Additional content defined by implementations","May be used to represent additional information that is not part of the basic definition of the element. To make the use of extensions safe and manageable, there is a strict set of governance  applied to the definition and use of extensions. Though any implementer can define an extension, there is a set of requirements that SHALL be met as part of the definition of the extension.","There can be no stigma associated with the use of extensions by any application, project, or standard - regardless of the institution or jurisdiction that uses or defines the extensions.  The use of extensions is what allows the FHIR specification to retain a core level of simplicity for everyone.","","","","","","","","",,,,,"","value:url}
","Extensions are always sliced by (at least) url",,"open","Element.extension",0,*,"","ele-1:All FHIR elements must have a @value or children {hasValue() or (children().count() > id.count())}
ext-1:Must have either extensions or value[x], not both {extension.exists() != value.exists()}"
"SEEHDSLMObservations.observations.observationBody.patient.address.part.modifierExtension","SEEHDSLMObservations.observations.observationBody.patient.address.part.modifierExtension","","extensions
user contentmodifiers","",0,*,"","Y","Y","Extension {[]} {[]}
","Extensions that cannot be ignored even if unrecognized","May be used to represent additional information that is not part of the basic definition of the element and that modifies the understanding of the element in which it is contained and/or the understanding of the containing element's descendants. Usually modifier elements provide negation or qualification. To make the use of extensions safe and manageable, there is a strict set of governance applied to the definition and use of extensions. Though any implementer can define an extension, there is a set of requirements that SHALL be met as part of the definition of the extension. Applications processing a resource are required to check for modifier extensions.

Modifier extensions SHALL NOT change the meaning of any elements on Resource or DomainResource (including cannot change the meaning of modifierExtension itself).","There can be no stigma associated with the use of extensions by any application, project, or standard - regardless of the institution or jurisdiction that uses or defines the extensions.  The use of extensions is what allows the FHIR specification to retain a core level of simplicity for everyone.","Modifier extensions allow for extensions that *cannot* be safely ignored to be clearly distinguished from the vast majority of extensions which can be safely ignored.  This promotes interoperability by eliminating the need for implementers to prohibit the presence of extensions. For further information, see the [definition of modifier extensions](http://hl7.org/fhir/R4/extensibility.html#modifierExtension).","","","","","","","",,,,,"",,,,"BackboneElement.modifierExtension",0,*,"","ele-1:All FHIR elements must have a @value or children {hasValue() or (children().count() > id.count())}
ext-1:Must have either extensions or value[x], not both {extension.exists() != value.exists()}"
"SEEHDSLMObservations.observations.observationBody.patient.address.part.value","SEEHDSLMObservations.observations.observationBody.patient.address.part.value","","","",1,1,"","","","https://fhir.inera.se/ig/ehds-tk/StructureDefinition/SEEHDSRivString {[]} {[]}
","value","value","","","","","","","","","",,,,,"",,,,"SEEHDSLMObservations.observations.observationBody.patient.address.part.value",1,1,"",""
"SEEHDSLMObservations.observations.observationBody.patient.address.part.type","SEEHDSLMObservations.observations.observationBody.patient.address.part.type","","","",0,1,"","","","https://fhir.inera.se/ig/ehds-tk/StructureDefinition/SEEHDSRivString {[]} {[]}
","type","Tillåtna värden enligt XSD: SAL, CAR, CEN, CNT, CPA, CTY, ZIP, POB, PRE.","","","","","","","","","",,,,,"",,,,"SEEHDSLMObservations.observations.observationBody.patient.address.part.type",0,1,"",""
"SEEHDSLMObservations.observations.observationBody.patient.electronicAddress","SEEHDSLMObservations.observations.observationBody.patient.electronicAddress","","","",0,*,"","","","BackboneElement {[]} {[]}
","NI 2017 (Patient.elektroniskAdress). Exempelvis telefon till telemedicinutrustning. Se TelType.","NI 2017 (Patient.elektroniskAdress) Angivelse av elektronisk adressinformation som en person har i sin roll som patient. Här avses även telefonnummer. Exempel är särskilt telefonnummer till telemedicinutrustning. Se TelType i avsnitt 6.1.2.2.15.","","","","","","","","","",,,,,"",,,,"SEEHDSLMObservations.observations.observationBody.patient.electronicAddress",0,*,"","ele-1:All FHIR elements must have a @value or children {hasValue() or (children().count() > id.count())}
"
"SEEHDSLMObservations.observations.observationBody.patient.electronicAddress.id","SEEHDSLMObservations.observations.observationBody.patient.electronicAddress.id","","","",0,1,"","","","string {[]} {[]}
","Unique id for inter-element referencing","Unique id for the element within a resource (for internal references). This may be any string value that does not contain spaces.","","","","","","","","","",,,,,"",,,,"Element.id",0,1,"",""
"SEEHDSLMObservations.observations.observationBody.patient.electronicAddress.extension","SEEHDSLMObservations.observations.observationBody.patient.electronicAddress.extension","","extensions
user content","",0,*,"","","","Extension {[]} {[]}
","Additional content defined by implementations","May be used to represent additional information that is not part of the basic definition of the element. To make the use of extensions safe and manageable, there is a strict set of governance  applied to the definition and use of extensions. Though any implementer can define an extension, there is a set of requirements that SHALL be met as part of the definition of the extension.","There can be no stigma associated with the use of extensions by any application, project, or standard - regardless of the institution or jurisdiction that uses or defines the extensions.  The use of extensions is what allows the FHIR specification to retain a core level of simplicity for everyone.","","","","","","","","",,,,,"","value:url}
","Extensions are always sliced by (at least) url",,"open","Element.extension",0,*,"","ele-1:All FHIR elements must have a @value or children {hasValue() or (children().count() > id.count())}
ext-1:Must have either extensions or value[x], not both {extension.exists() != value.exists()}"
"SEEHDSLMObservations.observations.observationBody.patient.electronicAddress.modifierExtension","SEEHDSLMObservations.observations.observationBody.patient.electronicAddress.modifierExtension","","extensions
user contentmodifiers","",0,*,"","Y","Y","Extension {[]} {[]}
","Extensions that cannot be ignored even if unrecognized","May be used to represent additional information that is not part of the basic definition of the element and that modifies the understanding of the element in which it is contained and/or the understanding of the containing element's descendants. Usually modifier elements provide negation or qualification. To make the use of extensions safe and manageable, there is a strict set of governance applied to the definition and use of extensions. Though any implementer can define an extension, there is a set of requirements that SHALL be met as part of the definition of the extension. Applications processing a resource are required to check for modifier extensions.

Modifier extensions SHALL NOT change the meaning of any elements on Resource or DomainResource (including cannot change the meaning of modifierExtension itself).","There can be no stigma associated with the use of extensions by any application, project, or standard - regardless of the institution or jurisdiction that uses or defines the extensions.  The use of extensions is what allows the FHIR specification to retain a core level of simplicity for everyone.","Modifier extensions allow for extensions that *cannot* be safely ignored to be clearly distinguished from the vast majority of extensions which can be safely ignored.  This promotes interoperability by eliminating the need for implementers to prohibit the presence of extensions. For further information, see the [definition of modifier extensions](http://hl7.org/fhir/R4/extensibility.html#modifierExtension).","","","","","","","",,,,,"",,,,"BackboneElement.modifierExtension",0,*,"","ele-1:All FHIR elements must have a @value or children {hasValue() or (children().count() > id.count())}
ext-1:Must have either extensions or value[x], not both {extension.exists() != value.exists()}"
"SEEHDSLMObservations.observations.observationBody.patient.electronicAddress.value","SEEHDSLMObservations.observations.observationBody.patient.electronicAddress.value","","","",1,1,"","","","https://fhir.inera.se/ig/ehds-tk/StructureDefinition/SEEHDSRivAnyURI {[]} {[]}
","Elektronisk adress, t.ex.","Elektronisk adress, t.ex. e-mail eller telefonnummer. Anges i form av en URI inklusive prefix som anger protokoll. Telefonnummer anges med prefixet ”tel:”, e-mailadresser med ”mailto:” och webbsidor med ”http:” eller ”https:”. Exempel: value=”tel:+46702353535” value=”mailto:lars@gmail.com” value=”http://www.1177.se”","","","","","","","","","",,,,,"",,,,"SEEHDSLMObservations.observations.observationBody.patient.electronicAddress.value",1,1,"",""
"SEEHDSLMObservations.observations.observationBody.patient.electronicAddress.capabilities","SEEHDSLMObservations.observations.observationBody.patient.electronicAddress.capabilities","","","",0,*,"","","","https://fhir.inera.se/ig/ehds-tk/StructureDefinition/SEEHDSRivString {[]} {[]}
","Kan användas för telefonnummer för att ange om numret har möjlighet att ta emot röstsamtal, fax eller SMS","Kan användas för telefonnummer för att ange om numret har möjlighet att ta emot röstsamtal, fax eller SMS. Möjliga värden: voice = Numret kan ta emot röstsamtal fax = Numret kan ta emot fax sms = Numret kan ta emot SMS
Tillåtna värden enligt XSD: voice, fax, sms.","","","","","","","","","",,,,,"",,,,"SEEHDSLMObservations.observations.observationBody.patient.electronicAddress.capabilities",0,*,"",""
"SEEHDSLMObservations.observations.observationBody.patient.electronicAddress.use","SEEHDSLMObservations.observations.observationBody.patient.electronicAddress.use","","","",0,*,"","","","https://fhir.inera.se/ig/ehds-tk/StructureDefinition/SEEHDSRivString {[]} {[]}
","Om flera elektroniska adresser anges skiljs de åt via sin användningskod","Om flera elektroniska adresser anges skiljs de åt via sin användningskod. Möjliga värden: H = Används i hemmet/privat HV = Används under semester WP = Används på arbetet/i tjänsten TMP = Används tillfälligt
Tillåtna värden enligt XSD: H, HV, WP, TMP.","","","","","","","","","",,,,,"",,,,"SEEHDSLMObservations.observations.observationBody.patient.electronicAddress.use",0,*,"",""
"SEEHDSLMObservations.observations.observationBody.participation","SEEHDSLMObservations.observations.observationBody.participation","","","",0,*,"","","","BackboneElement {[]} {[]}
","Deltagare i observationen (ParticipationType).","Kan vara hälso- och sjukvårdspersonal, patienten, annan person, organisation,
plats eller resurs.
En och endast en av: healthcareProfessional, patient, otherPerson, locationRole,
resource, organisation.
Motsvarar klassen Deltagande i NI 2017.","","","","","","","","","",,,,,"",,,,"SEEHDSLMObservations.observations.observationBody.participation",0,*,"","ele-1:All FHIR elements must have a @value or children {hasValue() or (children().count() > id.count())}
"
"SEEHDSLMObservations.observations.observationBody.participation.id","SEEHDSLMObservations.observations.observationBody.participation.id","","","",0,1,"","","","string {[]} {[]}
","Unique id for inter-element referencing","Unique id for the element within a resource (for internal references). This may be any string value that does not contain spaces.","","","","","","","","","",,,,,"",,,,"Element.id",0,1,"",""
"SEEHDSLMObservations.observations.observationBody.participation.extension","SEEHDSLMObservations.observations.observationBody.participation.extension","","extensions
user content","",0,*,"","","","Extension {[]} {[]}
","Additional content defined by implementations","May be used to represent additional information that is not part of the basic definition of the element. To make the use of extensions safe and manageable, there is a strict set of governance  applied to the definition and use of extensions. Though any implementer can define an extension, there is a set of requirements that SHALL be met as part of the definition of the extension.","There can be no stigma associated with the use of extensions by any application, project, or standard - regardless of the institution or jurisdiction that uses or defines the extensions.  The use of extensions is what allows the FHIR specification to retain a core level of simplicity for everyone.","","","","","","","","",,,,,"","value:url}
","Extensions are always sliced by (at least) url",,"open","Element.extension",0,*,"","ele-1:All FHIR elements must have a @value or children {hasValue() or (children().count() > id.count())}
ext-1:Must have either extensions or value[x], not both {extension.exists() != value.exists()}"
"SEEHDSLMObservations.observations.observationBody.participation.modifierExtension","SEEHDSLMObservations.observations.observationBody.participation.modifierExtension","","extensions
user contentmodifiers","",0,*,"","Y","Y","Extension {[]} {[]}
","Extensions that cannot be ignored even if unrecognized","May be used to represent additional information that is not part of the basic definition of the element and that modifies the understanding of the element in which it is contained and/or the understanding of the containing element's descendants. Usually modifier elements provide negation or qualification. To make the use of extensions safe and manageable, there is a strict set of governance applied to the definition and use of extensions. Though any implementer can define an extension, there is a set of requirements that SHALL be met as part of the definition of the extension. Applications processing a resource are required to check for modifier extensions.

Modifier extensions SHALL NOT change the meaning of any elements on Resource or DomainResource (including cannot change the meaning of modifierExtension itself).","There can be no stigma associated with the use of extensions by any application, project, or standard - regardless of the institution or jurisdiction that uses or defines the extensions.  The use of extensions is what allows the FHIR specification to retain a core level of simplicity for everyone.","Modifier extensions allow for extensions that *cannot* be safely ignored to be clearly distinguished from the vast majority of extensions which can be safely ignored.  This promotes interoperability by eliminating the need for implementers to prohibit the presence of extensions. For further information, see the [definition of modifier extensions](http://hl7.org/fhir/R4/extensibility.html#modifierExtension).","","","","","","","",,,,,"",,,,"BackboneElement.modifierExtension",0,*,"","ele-1:All FHIR elements must have a @value or children {hasValue() or (children().count() > id.count())}
ext-1:Must have either extensions or value[x], not both {extension.exists() != value.exists()}"
"SEEHDSLMObservations.observations.observationBody.participation.type","SEEHDSLMObservations.observations.observationBody.participation.type","","","",1,1,"","","","https://fhir.inera.se/ig/ehds-tk/StructureDefinition/SEEHDSRivCVTypeHealthcondBasic2 {[]} {[]}
","Typ av deltagande","Typ av deltagande. Detta beskriver på vilket sätt en deltagare deltagit i observationen. Kan exempelvis vara utförare, vittne eller ansvarig. Koder för deltagandetyp tillhandahålls av Socialstyrelsen som ett urval ur Snomed CT samt som bilaga till NI 2017 [R5]. Snomed CT urvals-id är 53351000052100. Vilka koder som ingår i urvalet söks fram i IHTSDO SNOMED CT Browser [R7]. Om koder utanför urvalet behöver användas ska detta göras i samråd med Socialstyrelsen.","","","","","","","","","",,,,,"",,,,"SEEHDSLMObservations.observations.observationBody.participation.type",1,1,"",""
"SEEHDSLMObservations.observations.observationBody.participation.time","SEEHDSLMObservations.observations.observationBody.participation.time","","","",0,1,"","","","BackboneElement {[]} {[]}
","Tidpunkt för deltagandet om den skiljer sig från observationens tid. Se TimeType.","Om tiden för deltagandet inte överensstämmer med tiden för observationen (observations/observationBody/time) kan detta fält ange när den specifika deltagaren deltog i observationen. Se TimeType i avsnitt 6.1.2.2.18.","","","","","","","","","",,,,,"",,,,"SEEHDSLMObservations.observations.observationBody.participation.time",0,1,"","ele-1:All FHIR elements must have a @value or children {hasValue() or (children().count() > id.count())}
"
"SEEHDSLMObservations.observations.observationBody.participation.time.id","SEEHDSLMObservations.observations.observationBody.participation.time.id","","","",0,1,"","","","string {[]} {[]}
","Unique id for inter-element referencing","Unique id for the element within a resource (for internal references). This may be any string value that does not contain spaces.","","","","","","","","","",,,,,"",,,,"Element.id",0,1,"",""
"SEEHDSLMObservations.observations.observationBody.participation.time.extension","SEEHDSLMObservations.observations.observationBody.participation.time.extension","","extensions
user content","",0,*,"","","","Extension {[]} {[]}
","Additional content defined by implementations","May be used to represent additional information that is not part of the basic definition of the element. To make the use of extensions safe and manageable, there is a strict set of governance  applied to the definition and use of extensions. Though any implementer can define an extension, there is a set of requirements that SHALL be met as part of the definition of the extension.","There can be no stigma associated with the use of extensions by any application, project, or standard - regardless of the institution or jurisdiction that uses or defines the extensions.  The use of extensions is what allows the FHIR specification to retain a core level of simplicity for everyone.","","","","","","","","",,,,,"","value:url}
","Extensions are always sliced by (at least) url",,"open","Element.extension",0,*,"","ele-1:All FHIR elements must have a @value or children {hasValue() or (children().count() > id.count())}
ext-1:Must have either extensions or value[x], not both {extension.exists() != value.exists()}"
"SEEHDSLMObservations.observations.observationBody.participation.time.modifierExtension","SEEHDSLMObservations.observations.observationBody.participation.time.modifierExtension","","extensions
user contentmodifiers","",0,*,"","Y","Y","Extension {[]} {[]}
","Extensions that cannot be ignored even if unrecognized","May be used to represent additional information that is not part of the basic definition of the element and that modifies the understanding of the element in which it is contained and/or the understanding of the containing element's descendants. Usually modifier elements provide negation or qualification. To make the use of extensions safe and manageable, there is a strict set of governance applied to the definition and use of extensions. Though any implementer can define an extension, there is a set of requirements that SHALL be met as part of the definition of the extension. Applications processing a resource are required to check for modifier extensions.

Modifier extensions SHALL NOT change the meaning of any elements on Resource or DomainResource (including cannot change the meaning of modifierExtension itself).","There can be no stigma associated with the use of extensions by any application, project, or standard - regardless of the institution or jurisdiction that uses or defines the extensions.  The use of extensions is what allows the FHIR specification to retain a core level of simplicity for everyone.","Modifier extensions allow for extensions that *cannot* be safely ignored to be clearly distinguished from the vast majority of extensions which can be safely ignored.  This promotes interoperability by eliminating the need for implementers to prohibit the presence of extensions. For further information, see the [definition of modifier extensions](http://hl7.org/fhir/R4/extensibility.html#modifierExtension).","","","","","","","",,,,,"",,,,"BackboneElement.modifierExtension",0,*,"","ele-1:All FHIR elements must have a @value or children {hasValue() or (children().count() > id.count())}
ext-1:Must have either extensions or value[x], not both {extension.exists() != value.exists()}"
"SEEHDSLMObservations.observations.observationBody.participation.time.ts","SEEHDSLMObservations.observations.observationBody.participation.time.ts","","","",0,1,"","","","https://fhir.inera.se/ig/ehds-tk/StructureDefinition/SEEHDSRivPartialTimeStampTypeHealthcondBasic2 {[]} {[]}
","Tidpunkt där precisionen kan varieras utifrån behov","Tidpunkt där precisionen kan varieras utifrån behov.","","","","","","","","","",,,,,"",,,,"SEEHDSLMObservations.observations.observationBody.participation.time.ts",0,1,"",""
"SEEHDSLMObservations.observations.observationBody.participation.time.ivlTs","SEEHDSLMObservations.observations.observationBody.participation.time.ivlTs","","","",0,1,"","","","BackboneElement {[]} {[]}
","Tidsintervall där precisionen kan varieras utifrån behov","Tidsintervall där precisionen kan varieras utifrån behov.","","","","","","","","","",,,,,"",,,,"SEEHDSLMObservations.observations.observationBody.participation.time.ivlTs",0,1,"","ele-1:All FHIR elements must have a @value or children {hasValue() or (children().count() > id.count())}
"
"SEEHDSLMObservations.observations.observationBody.participation.time.ivlTs.id","SEEHDSLMObservations.observations.observationBody.participation.time.ivlTs.id","","","",0,1,"","","","string {[]} {[]}
","Unique id for inter-element referencing","Unique id for the element within a resource (for internal references). This may be any string value that does not contain spaces.","","","","","","","","","",,,,,"",,,,"Element.id",0,1,"",""
"SEEHDSLMObservations.observations.observationBody.participation.time.ivlTs.extension","SEEHDSLMObservations.observations.observationBody.participation.time.ivlTs.extension","","extensions
user content","",0,*,"","","","Extension {[]} {[]}
","Additional content defined by implementations","May be used to represent additional information that is not part of the basic definition of the element. To make the use of extensions safe and manageable, there is a strict set of governance  applied to the definition and use of extensions. Though any implementer can define an extension, there is a set of requirements that SHALL be met as part of the definition of the extension.","There can be no stigma associated with the use of extensions by any application, project, or standard - regardless of the institution or jurisdiction that uses or defines the extensions.  The use of extensions is what allows the FHIR specification to retain a core level of simplicity for everyone.","","","","","","","","",,,,,"","value:url}
","Extensions are always sliced by (at least) url",,"open","Element.extension",0,*,"","ele-1:All FHIR elements must have a @value or children {hasValue() or (children().count() > id.count())}
ext-1:Must have either extensions or value[x], not both {extension.exists() != value.exists()}"
"SEEHDSLMObservations.observations.observationBody.participation.time.ivlTs.modifierExtension","SEEHDSLMObservations.observations.observationBody.participation.time.ivlTs.modifierExtension","","extensions
user contentmodifiers","",0,*,"","Y","Y","Extension {[]} {[]}
","Extensions that cannot be ignored even if unrecognized","May be used to represent additional information that is not part of the basic definition of the element and that modifies the understanding of the element in which it is contained and/or the understanding of the containing element's descendants. Usually modifier elements provide negation or qualification. To make the use of extensions safe and manageable, there is a strict set of governance applied to the definition and use of extensions. Though any implementer can define an extension, there is a set of requirements that SHALL be met as part of the definition of the extension. Applications processing a resource are required to check for modifier extensions.

Modifier extensions SHALL NOT change the meaning of any elements on Resource or DomainResource (including cannot change the meaning of modifierExtension itself).","There can be no stigma associated with the use of extensions by any application, project, or standard - regardless of the institution or jurisdiction that uses or defines the extensions.  The use of extensions is what allows the FHIR specification to retain a core level of simplicity for everyone.","Modifier extensions allow for extensions that *cannot* be safely ignored to be clearly distinguished from the vast majority of extensions which can be safely ignored.  This promotes interoperability by eliminating the need for implementers to prohibit the presence of extensions. For further information, see the [definition of modifier extensions](http://hl7.org/fhir/R4/extensibility.html#modifierExtension).","","","","","","","",,,,,"",,,,"BackboneElement.modifierExtension",0,*,"","ele-1:All FHIR elements must have a @value or children {hasValue() or (children().count() > id.count())}
ext-1:Must have either extensions or value[x], not both {extension.exists() != value.exists()}"
"SEEHDSLMObservations.observations.observationBody.participation.time.ivlTs.start","SEEHDSLMObservations.observations.observationBody.participation.time.ivlTs.start","","","",0,1,"","","","https://fhir.inera.se/ig/ehds-tk/StructureDefinition/SEEHDSRivPartialTimeStampTypeHealthcondBasic2 {[]} {[]}
","YYYY, YYYYMM, YYYYMMDD, YYYYMMDDhh, YYYYMMDDhhmm, YYYYMMDDhhmmss","YYYY, YYYYMM, YYYYMMDD, YYYYMMDDhh, YYYYMMDDhhmm, YYYYMMDDhhmmss","","","","","","","","","",,,,,"",,,,"SEEHDSLMObservations.observations.observationBody.participation.time.ivlTs.start",0,1,"",""
"SEEHDSLMObservations.observations.observationBody.participation.time.ivlTs.end","SEEHDSLMObservations.observations.observationBody.participation.time.ivlTs.end","","","",0,1,"","","","https://fhir.inera.se/ig/ehds-tk/StructureDefinition/SEEHDSRivPartialTimeStampTypeHealthcondBasic2 {[]} {[]}
","YYYY, YYYYMM, YYYYMMDD, YYYYMMDDhh, YYYYMMDDhhmm, YYYYMMDDhhmmss","YYYY, YYYYMM, YYYYMMDD, YYYYMMDDhh, YYYYMMDDhhmm, YYYYMMDDhhmmss","","","","","","","","","",,,,,"",,,,"SEEHDSLMObservations.observations.observationBody.participation.time.ivlTs.end",0,1,"",""
"SEEHDSLMObservations.observations.observationBody.participation.healthcareProfessional","SEEHDSLMObservations.observations.observationBody.participation.healthcareProfessional","","","",0,1,"","","","BackboneElement {[]} {[]}
","Hälso- och sjukvårdspersonal (HealthcareProfessionalType).","Fält: id (HSA-id), person (PersonType), jobCode (befattning, 0..1),
license (legitimation, 0..*), specialistQualification (specialistkompetens, 0..*),
organisation (1..1), address (0..*), electronicAddress (0..*).","","","","","","","","","",,,,,"",,,,"SEEHDSLMObservations.observations.observationBody.participation.healthcareProfessional",0,1,"","ele-1:All FHIR elements must have a @value or children {hasValue() or (children().count() > id.count())}
"
"SEEHDSLMObservations.observations.observationBody.participation.healthcareProfessional.id","SEEHDSLMObservations.observations.observationBody.participation.healthcareProfessional.id","","","",0,1,"","","","string {[]} {[]}
","Unique id for inter-element referencing","Unique id for the element within a resource (for internal references). This may be any string value that does not contain spaces.","","","","","","","","","",,,,,"",,,,"Element.id",0,1,"",""
"SEEHDSLMObservations.observations.observationBody.participation.healthcareProfessional.extension","SEEHDSLMObservations.observations.observationBody.participation.healthcareProfessional.extension","","extensions
user content","",0,*,"","","","Extension {[]} {[]}
","Additional content defined by implementations","May be used to represent additional information that is not part of the basic definition of the element. To make the use of extensions safe and manageable, there is a strict set of governance  applied to the definition and use of extensions. Though any implementer can define an extension, there is a set of requirements that SHALL be met as part of the definition of the extension.","There can be no stigma associated with the use of extensions by any application, project, or standard - regardless of the institution or jurisdiction that uses or defines the extensions.  The use of extensions is what allows the FHIR specification to retain a core level of simplicity for everyone.","","","","","","","","",,,,,"","value:url}
","Extensions are always sliced by (at least) url",,"open","Element.extension",0,*,"","ele-1:All FHIR elements must have a @value or children {hasValue() or (children().count() > id.count())}
ext-1:Must have either extensions or value[x], not both {extension.exists() != value.exists()}"
"SEEHDSLMObservations.observations.observationBody.participation.healthcareProfessional.modifierExtension","SEEHDSLMObservations.observations.observationBody.participation.healthcareProfessional.modifierExtension","","extensions
user contentmodifiers","",0,*,"","Y","Y","Extension {[]} {[]}
","Extensions that cannot be ignored even if unrecognized","May be used to represent additional information that is not part of the basic definition of the element and that modifies the understanding of the element in which it is contained and/or the understanding of the containing element's descendants. Usually modifier elements provide negation or qualification. To make the use of extensions safe and manageable, there is a strict set of governance applied to the definition and use of extensions. Though any implementer can define an extension, there is a set of requirements that SHALL be met as part of the definition of the extension. Applications processing a resource are required to check for modifier extensions.

Modifier extensions SHALL NOT change the meaning of any elements on Resource or DomainResource (including cannot change the meaning of modifierExtension itself).","There can be no stigma associated with the use of extensions by any application, project, or standard - regardless of the institution or jurisdiction that uses or defines the extensions.  The use of extensions is what allows the FHIR specification to retain a core level of simplicity for everyone.","Modifier extensions allow for extensions that *cannot* be safely ignored to be clearly distinguished from the vast majority of extensions which can be safely ignored.  This promotes interoperability by eliminating the need for implementers to prohibit the presence of extensions. For further information, see the [definition of modifier extensions](http://hl7.org/fhir/R4/extensibility.html#modifierExtension).","","","","","","","",,,,,"",,,,"BackboneElement.modifierExtension",0,*,"","ele-1:All FHIR elements must have a @value or children {hasValue() or (children().count() > id.count())}
ext-1:Must have either extensions or value[x], not both {extension.exists() != value.exists()}"
"SEEHDSLMObservations.observations.observationBody.participation.healthcareProfessional.rivId","SEEHDSLMObservations.observations.observationBody.participation.healthcareProfessional.rivId","","","",0,1,"","","","https://fhir.inera.se/ig/ehds-tk/StructureDefinition/SEEHDSRivIITypeHealthcondBasic2 {[]} {[]}
","Hälso- och sjukvårdspersonalens HSA-id","Hälso- och sjukvårdspersonalens HSA-id.","","","","","","","","","",,,,,"",,,,"SEEHDSLMObservations.observations.observationBody.participation.healthcareProfessional.rivId",0,1,"",""
"SEEHDSLMObservations.observations.observationBody.participation.healthcareProfessional.person","SEEHDSLMObservations.observations.observationBody.participation.healthcareProfessional.person","","","",1,1,"","","","BackboneElement {[]} {[]}
","Uppgifter om personen. Se PersonType.","Uppgifter om den person som har rollen som hälso- och sjukvårdspersonal. Se övrig regel 3, avsnitt 6.1.3.3. Se PersonType i avsnitt 6.1.2.2.8.","","","","","","","","","",,,,,"",,,,"SEEHDSLMObservations.observations.observationBody.participation.healthcareProfessional.person",1,1,"","ele-1:All FHIR elements must have a @value or children {hasValue() or (children().count() > id.count())}
"
"SEEHDSLMObservations.observations.observationBody.participation.healthcareProfessional.person.id","SEEHDSLMObservations.observations.observationBody.participation.healthcareProfessional.person.id","","","",0,1,"","","","string {[]} {[]}
","Unique id for inter-element referencing","Unique id for the element within a resource (for internal references). This may be any string value that does not contain spaces.","","","","","","","","","",,,,,"",,,,"Element.id",0,1,"",""
"SEEHDSLMObservations.observations.observationBody.participation.healthcareProfessional.person.extension","SEEHDSLMObservations.observations.observationBody.participation.healthcareProfessional.person.extension","","extensions
user content","",0,*,"","","","Extension {[]} {[]}
","Additional content defined by implementations","May be used to represent additional information that is not part of the basic definition of the element. To make the use of extensions safe and manageable, there is a strict set of governance  applied to the definition and use of extensions. Though any implementer can define an extension, there is a set of requirements that SHALL be met as part of the definition of the extension.","There can be no stigma associated with the use of extensions by any application, project, or standard - regardless of the institution or jurisdiction that uses or defines the extensions.  The use of extensions is what allows the FHIR specification to retain a core level of simplicity for everyone.","","","","","","","","",,,,,"","value:url}
","Extensions are always sliced by (at least) url",,"open","Element.extension",0,*,"","ele-1:All FHIR elements must have a @value or children {hasValue() or (children().count() > id.count())}
ext-1:Must have either extensions or value[x], not both {extension.exists() != value.exists()}"
"SEEHDSLMObservations.observations.observationBody.participation.healthcareProfessional.person.modifierExtension","SEEHDSLMObservations.observations.observationBody.participation.healthcareProfessional.person.modifierExtension","","extensions
user contentmodifiers","",0,*,"","Y","Y","Extension {[]} {[]}
","Extensions that cannot be ignored even if unrecognized","May be used to represent additional information that is not part of the basic definition of the element and that modifies the understanding of the element in which it is contained and/or the understanding of the containing element's descendants. Usually modifier elements provide negation or qualification. To make the use of extensions safe and manageable, there is a strict set of governance applied to the definition and use of extensions. Though any implementer can define an extension, there is a set of requirements that SHALL be met as part of the definition of the extension. Applications processing a resource are required to check for modifier extensions.

Modifier extensions SHALL NOT change the meaning of any elements on Resource or DomainResource (including cannot change the meaning of modifierExtension itself).","There can be no stigma associated with the use of extensions by any application, project, or standard - regardless of the institution or jurisdiction that uses or defines the extensions.  The use of extensions is what allows the FHIR specification to retain a core level of simplicity for everyone.","Modifier extensions allow for extensions that *cannot* be safely ignored to be clearly distinguished from the vast majority of extensions which can be safely ignored.  This promotes interoperability by eliminating the need for implementers to prohibit the presence of extensions. For further information, see the [definition of modifier extensions](http://hl7.org/fhir/R4/extensibility.html#modifierExtension).","","","","","","","",,,,,"",,,,"BackboneElement.modifierExtension",0,*,"","ele-1:All FHIR elements must have a @value or children {hasValue() or (children().count() > id.count())}
ext-1:Must have either extensions or value[x], not both {extension.exists() != value.exists()}"
"SEEHDSLMObservations.observations.observationBody.participation.healthcareProfessional.person.rivId","SEEHDSLMObservations.observations.observationBody.participation.healthcareProfessional.person.rivId","","","",0,1,"","","","https://fhir.inera.se/ig/ehds-tk/StructureDefinition/SEEHDSRivIITypeHealthcondBasic2 {[]} {[]}
","Id för personen i form av personnummer eller samordningsnummer","Id för personen i form av personnummer eller samordningsnummer. Skall anges med 12 tecken utan avskiljare.","","","","","","","","","",,,,,"",,,,"SEEHDSLMObservations.observations.observationBody.participation.healthcareProfessional.person.rivId",0,1,"",""
"SEEHDSLMObservations.observations.observationBody.participation.healthcareProfessional.person.givenName","SEEHDSLMObservations.observations.observationBody.participation.healthcareProfessional.person.givenName","","","",0,*,"","","","https://fhir.inera.se/ig/ehds-tk/StructureDefinition/SEEHDSRivString {[]} {[]}
","NI 2017 (Person.förnamn)","Angivelse av förnamn, som är en persons givna namn och inkluderar tilltalsnamn.","","","","","","","","","",,,,,"",,,,"SEEHDSLMObservations.observations.observationBody.participation.healthcareProfessional.person.givenName",0,*,"",""
"SEEHDSLMObservations.observations.observationBody.participation.healthcareProfessional.person.middleSurname","SEEHDSLMObservations.observations.observationBody.participation.healthcareProfessional.person.middleSurname","","","",0,1,"","","","https://fhir.inera.se/ig/ehds-tk/StructureDefinition/SEEHDSRivString {[]} {[]}
","NI 2017 (Person.mellannamn)","Angivelse av mellannamn, som är ett namn som kan bäras för att visa gemenskap med en förälder eller en make som bär detta namn som efternamn. Man kan också bära ett eget tidigare efternamn som mellannamn om man bytt till makes eller registrerade partners efternamn.","","","","","","","","","",,,,,"",,,,"SEEHDSLMObservations.observations.observationBody.participation.healthcareProfessional.person.middleSurname",0,1,"",""
"SEEHDSLMObservations.observations.observationBody.participation.healthcareProfessional.person.surname","SEEHDSLMObservations.observations.observationBody.participation.healthcareProfessional.person.surname","","","",0,1,"","","","https://fhir.inera.se/ig/ehds-tk/StructureDefinition/SEEHDSRivString {[]} {[]}
","NI 2017 (Person.efternamn)","Angivelse av efternamn, som är en persons familjenamn eller släktnamn.","","","","","","","","","",,,,,"",,,,"SEEHDSLMObservations.observations.observationBody.participation.healthcareProfessional.person.surname",0,1,"",""
"SEEHDSLMObservations.observations.observationBody.participation.healthcareProfessional.person.givenNameMarker","SEEHDSLMObservations.observations.observationBody.participation.healthcareProfessional.person.givenNameMarker","","","",0,1,"","","","https://fhir.inera.se/ig/ehds-tk/StructureDefinition/SEEHDSRivInteger {[]} {[]}
","NI 2017 (Person.tilltalsnamnsmarkering)","Angivelse av tilltalsnamnsmarkering, som används för att markera vilket av de angivna förnamnen som är personens tilltalsnamn. Giltiga värden är 10-99 där den första siffran anger vilket av de angivna förnamnen som är tilltalsnamnet (1 motsvarar första namnet osv.) och den andra siffran anger det eventuella andra tilltalsnamnet om dubbelnamn är aktuellt. Om inte är den andra siffran 0.","","","","","","","","","",,,,,"",,,,"SEEHDSLMObservations.observations.observationBody.participation.healthcareProfessional.person.givenNameMarker",0,1,"",""
"SEEHDSLMObservations.observations.observationBody.participation.healthcareProfessional.person.gender","SEEHDSLMObservations.observations.observationBody.participation.healthcareProfessional.person.gender","","","",0,1,"","","","https://fhir.inera.se/ig/ehds-tk/StructureDefinition/SEEHDSRivCVTypeHealthcondBasic2 {[]} {[]}
","NI 2017 (Person.kön)","Angivelse av vilket kön personen har enligt folkbokföringen.","","","","","","","","","",,,,,"",,,,"SEEHDSLMObservations.observations.observationBody.participation.healthcareProfessional.person.gender",0,1,"",""
"SEEHDSLMObservations.observations.observationBody.participation.healthcareProfessional.person.dateOfBirth","SEEHDSLMObservations.observations.observationBody.participation.healthcareProfessional.person.dateOfBirth","","","",0,1,"","","","https://fhir.inera.se/ig/ehds-tk/StructureDefinition/SEEHDSRivDate {[]} {[]}
","NI 2017 (Person.födelsedatum)","Angivelse av vilket datum personen är född. Ett datum på formatet ÅÅÅÅMMDD. Observera att det är födelsedatumet och inte personnumret.
Format enligt XSD (DateType): ÅÅÅÅMMDD.","","","","","","","","","",,,,,"",,,,"SEEHDSLMObservations.observations.observationBody.participation.healthcareProfessional.person.dateOfBirth",0,1,"",""
"SEEHDSLMObservations.observations.observationBody.participation.healthcareProfessional.person.confidentialityIndicator","SEEHDSLMObservations.observations.observationBody.participation.healthcareProfessional.person.confidentialityIndicator","","","",1,1,"","","","https://fhir.inera.se/ig/ehds-tk/StructureDefinition/SEEHDSRivBoolean {[]} {[]}
","NI 2017 (Person.sekretessmarkering)","Angivelse av sekretessmarkering enligt Skatteverket. Defaultvärde är ”false”. Defaultvärdet ska automatiskt användas om inget annat värde anges.","","","","","","","","","",,,,,"",,,,"SEEHDSLMObservations.observations.observationBody.participation.healthcareProfessional.person.confidentialityIndicator",1,1,"",""
"SEEHDSLMObservations.observations.observationBody.participation.healthcareProfessional.person.maritalStatus","SEEHDSLMObservations.observations.observationBody.participation.healthcareProfessional.person.maritalStatus","","","",0,1,"","","","https://fhir.inera.se/ig/ehds-tk/StructureDefinition/SEEHDSRivCVTypeHealthcondBasic2 {[]} {[]}
","NI 2017 (Person.civilstånd)","Angivelse av personens civilstånd.","","","","","","","","","",,,,,"",,,,"SEEHDSLMObservations.observations.observationBody.participation.healthcareProfessional.person.maritalStatus",0,1,"",""
"SEEHDSLMObservations.observations.observationBody.participation.healthcareProfessional.person.address","SEEHDSLMObservations.observations.observationBody.participation.healthcareProfessional.person.address","","","",0,*,"","","","BackboneElement {[]} {[]}
","NI 2017 (Person.adress)","Angivelse av adressinformation för fysisk plats för en person, exempelvis bostadsadress eller tillfällig adress. Se AddressType i avsnitt 6.1.2.2.14.","","","","","","","","","",,,,,"",,,,"SEEHDSLMObservations.observations.observationBody.participation.healthcareProfessional.person.address",0,*,"","ele-1:All FHIR elements must have a @value or children {hasValue() or (children().count() > id.count())}
"
"SEEHDSLMObservations.observations.observationBody.participation.healthcareProfessional.person.address.id","SEEHDSLMObservations.observations.observationBody.participation.healthcareProfessional.person.address.id","","","",0,1,"","","","string {[]} {[]}
","Unique id for inter-element referencing","Unique id for the element within a resource (for internal references). This may be any string value that does not contain spaces.","","","","","","","","","",,,,,"",,,,"Element.id",0,1,"",""
"SEEHDSLMObservations.observations.observationBody.participation.healthcareProfessional.person.address.extension","SEEHDSLMObservations.observations.observationBody.participation.healthcareProfessional.person.address.extension","","extensions
user content","",0,*,"","","","Extension {[]} {[]}
","Additional content defined by implementations","May be used to represent additional information that is not part of the basic definition of the element. To make the use of extensions safe and manageable, there is a strict set of governance  applied to the definition and use of extensions. Though any implementer can define an extension, there is a set of requirements that SHALL be met as part of the definition of the extension.","There can be no stigma associated with the use of extensions by any application, project, or standard - regardless of the institution or jurisdiction that uses or defines the extensions.  The use of extensions is what allows the FHIR specification to retain a core level of simplicity for everyone.","","","","","","","","",,,,,"","value:url}
","Extensions are always sliced by (at least) url",,"open","Element.extension",0,*,"","ele-1:All FHIR elements must have a @value or children {hasValue() or (children().count() > id.count())}
ext-1:Must have either extensions or value[x], not both {extension.exists() != value.exists()}"
"SEEHDSLMObservations.observations.observationBody.participation.healthcareProfessional.person.address.modifierExtension","SEEHDSLMObservations.observations.observationBody.participation.healthcareProfessional.person.address.modifierExtension","","extensions
user contentmodifiers","",0,*,"","Y","Y","Extension {[]} {[]}
","Extensions that cannot be ignored even if unrecognized","May be used to represent additional information that is not part of the basic definition of the element and that modifies the understanding of the element in which it is contained and/or the understanding of the containing element's descendants. Usually modifier elements provide negation or qualification. To make the use of extensions safe and manageable, there is a strict set of governance applied to the definition and use of extensions. Though any implementer can define an extension, there is a set of requirements that SHALL be met as part of the definition of the extension. Applications processing a resource are required to check for modifier extensions.

Modifier extensions SHALL NOT change the meaning of any elements on Resource or DomainResource (including cannot change the meaning of modifierExtension itself).","There can be no stigma associated with the use of extensions by any application, project, or standard - regardless of the institution or jurisdiction that uses or defines the extensions.  The use of extensions is what allows the FHIR specification to retain a core level of simplicity for everyone.","Modifier extensions allow for extensions that *cannot* be safely ignored to be clearly distinguished from the vast majority of extensions which can be safely ignored.  This promotes interoperability by eliminating the need for implementers to prohibit the presence of extensions. For further information, see the [definition of modifier extensions](http://hl7.org/fhir/R4/extensibility.html#modifierExtension).","","","","","","","",,,,,"",,,,"BackboneElement.modifierExtension",0,*,"","ele-1:All FHIR elements must have a @value or children {hasValue() or (children().count() > id.count())}
ext-1:Must have either extensions or value[x], not both {extension.exists() != value.exists()}"
"SEEHDSLMObservations.observations.observationBody.participation.healthcareProfessional.person.address.use","SEEHDSLMObservations.observations.observationBody.participation.healthcareProfessional.person.address.use","","","",0,1,"","","","https://fhir.inera.se/ig/ehds-tk/StructureDefinition/SEEHDSRivString {[]} {[]}
","Om flera adresser anges skiljs de åt via sin användningskod","Om flera adresser anges skiljs de åt via sin användningskod. Den primära/default adressen anges alltid utan användningskod. Möjliga värden: PHYS = Fysisk besöksadress H = Hemadress HV = Semesteradress WP = Adress till arbetsplats TMP = Tillfällig adress När det inte finns en adress med användningskod som matchar syftet med adressanvändningen, väljs den primära adressen.
Tillåtna värden enligt XSD: PHYS, H, HV, WP, TMP.","","","","","","","","","",,,,,"",,,,"SEEHDSLMObservations.observations.observationBody.participation.healthcareProfessional.person.address.use",0,1,"",""
"SEEHDSLMObservations.observations.observationBody.participation.healthcareProfessional.person.address.part","SEEHDSLMObservations.observations.observationBody.participation.healthcareProfessional.person.address.part","","","",1,*,"","","","BackboneElement {[]} {[]}
","Del av adress, exempelvis gatuadress eller postnummer","Del av adress, exempelvis gatuadress eller postnummer.","","","","","","","","","",,,,,"",,,,"SEEHDSLMObservations.observations.observationBody.participation.healthcareProfessional.person.address.part",1,*,"","ele-1:All FHIR elements must have a @value or children {hasValue() or (children().count() > id.count())}
"
"SEEHDSLMObservations.observations.observationBody.participation.healthcareProfessional.person.address.part.id","SEEHDSLMObservations.observations.observationBody.participation.healthcareProfessional.person.address.part.id","","","",0,1,"","","","string {[]} {[]}
","Unique id for inter-element referencing","Unique id for the element within a resource (for internal references). This may be any string value that does not contain spaces.","","","","","","","","","",,,,,"",,,,"Element.id",0,1,"",""
"SEEHDSLMObservations.observations.observationBody.participation.healthcareProfessional.person.address.part.extension","SEEHDSLMObservations.observations.observationBody.participation.healthcareProfessional.person.address.part.extension","","extensions
user content","",0,*,"","","","Extension {[]} {[]}
","Additional content defined by implementations","May be used to represent additional information that is not part of the basic definition of the element. To make the use of extensions safe and manageable, there is a strict set of governance  applied to the definition and use of extensions. Though any implementer can define an extension, there is a set of requirements that SHALL be met as part of the definition of the extension.","There can be no stigma associated with the use of extensions by any application, project, or standard - regardless of the institution or jurisdiction that uses or defines the extensions.  The use of extensions is what allows the FHIR specification to retain a core level of simplicity for everyone.","","","","","","","","",,,,,"","value:url}
","Extensions are always sliced by (at least) url",,"open","Element.extension",0,*,"","ele-1:All FHIR elements must have a @value or children {hasValue() or (children().count() > id.count())}
ext-1:Must have either extensions or value[x], not both {extension.exists() != value.exists()}"
"SEEHDSLMObservations.observations.observationBody.participation.healthcareProfessional.person.address.part.modifierExtension","SEEHDSLMObservations.observations.observationBody.participation.healthcareProfessional.person.address.part.modifierExtension","","extensions
user contentmodifiers","",0,*,"","Y","Y","Extension {[]} {[]}
","Extensions that cannot be ignored even if unrecognized","May be used to represent additional information that is not part of the basic definition of the element and that modifies the understanding of the element in which it is contained and/or the understanding of the containing element's descendants. Usually modifier elements provide negation or qualification. To make the use of extensions safe and manageable, there is a strict set of governance applied to the definition and use of extensions. Though any implementer can define an extension, there is a set of requirements that SHALL be met as part of the definition of the extension. Applications processing a resource are required to check for modifier extensions.

Modifier extensions SHALL NOT change the meaning of any elements on Resource or DomainResource (including cannot change the meaning of modifierExtension itself).","There can be no stigma associated with the use of extensions by any application, project, or standard - regardless of the institution or jurisdiction that uses or defines the extensions.  The use of extensions is what allows the FHIR specification to retain a core level of simplicity for everyone.","Modifier extensions allow for extensions that *cannot* be safely ignored to be clearly distinguished from the vast majority of extensions which can be safely ignored.  This promotes interoperability by eliminating the need for implementers to prohibit the presence of extensions. For further information, see the [definition of modifier extensions](http://hl7.org/fhir/R4/extensibility.html#modifierExtension).","","","","","","","",,,,,"",,,,"BackboneElement.modifierExtension",0,*,"","ele-1:All FHIR elements must have a @value or children {hasValue() or (children().count() > id.count())}
ext-1:Must have either extensions or value[x], not both {extension.exists() != value.exists()}"
"SEEHDSLMObservations.observations.observationBody.participation.healthcareProfessional.person.address.part.value","SEEHDSLMObservations.observations.observationBody.participation.healthcareProfessional.person.address.part.value","","","",1,1,"","","","https://fhir.inera.se/ig/ehds-tk/StructureDefinition/SEEHDSRivString {[]} {[]}
","value","value","","","","","","","","","",,,,,"",,,,"SEEHDSLMObservations.observations.observationBody.participation.healthcareProfessional.person.address.part.value",1,1,"",""
"SEEHDSLMObservations.observations.observationBody.participation.healthcareProfessional.person.address.part.type","SEEHDSLMObservations.observations.observationBody.participation.healthcareProfessional.person.address.part.type","","","",0,1,"","","","https://fhir.inera.se/ig/ehds-tk/StructureDefinition/SEEHDSRivString {[]} {[]}
","type","Tillåtna värden enligt XSD: SAL, CAR, CEN, CNT, CPA, CTY, ZIP, POB, PRE.","","","","","","","","","",,,,,"",,,,"SEEHDSLMObservations.observations.observationBody.participation.healthcareProfessional.person.address.part.type",0,1,"",""
"SEEHDSLMObservations.observations.observationBody.participation.healthcareProfessional.person.electronicAddress","SEEHDSLMObservations.observations.observationBody.participation.healthcareProfessional.person.electronicAddress","","","",0,*,"","","","BackboneElement {[]} {[]}
","NI 2017 (Person.elektroniskAdress)","Angivelse av elektronisk adressinformation som en person har. Här avses även telefonnummer. Exempel är telefonnummer eller e-postadress. Se TelType i avsnitt 6.1.2.2.15.","","","","","","","","","",,,,,"",,,,"SEEHDSLMObservations.observations.observationBody.participation.healthcareProfessional.person.electronicAddress",0,*,"","ele-1:All FHIR elements must have a @value or children {hasValue() or (children().count() > id.count())}
"
"SEEHDSLMObservations.observations.observationBody.participation.healthcareProfessional.person.electronicAddress.id","SEEHDSLMObservations.observations.observationBody.participation.healthcareProfessional.person.electronicAddress.id","","","",0,1,"","","","string {[]} {[]}
","Unique id for inter-element referencing","Unique id for the element within a resource (for internal references). This may be any string value that does not contain spaces.","","","","","","","","","",,,,,"",,,,"Element.id",0,1,"",""
"SEEHDSLMObservations.observations.observationBody.participation.healthcareProfessional.person.electronicAddress.extension","SEEHDSLMObservations.observations.observationBody.participation.healthcareProfessional.person.electronicAddress.extension","","extensions
user content","",0,*,"","","","Extension {[]} {[]}
","Additional content defined by implementations","May be used to represent additional information that is not part of the basic definition of the element. To make the use of extensions safe and manageable, there is a strict set of governance  applied to the definition and use of extensions. Though any implementer can define an extension, there is a set of requirements that SHALL be met as part of the definition of the extension.","There can be no stigma associated with the use of extensions by any application, project, or standard - regardless of the institution or jurisdiction that uses or defines the extensions.  The use of extensions is what allows the FHIR specification to retain a core level of simplicity for everyone.","","","","","","","","",,,,,"","value:url}
","Extensions are always sliced by (at least) url",,"open","Element.extension",0,*,"","ele-1:All FHIR elements must have a @value or children {hasValue() or (children().count() > id.count())}
ext-1:Must have either extensions or value[x], not both {extension.exists() != value.exists()}"
"SEEHDSLMObservations.observations.observationBody.participation.healthcareProfessional.person.electronicAddress.modifierExtension","SEEHDSLMObservations.observations.observationBody.participation.healthcareProfessional.person.electronicAddress.modifierExtension","","extensions
user contentmodifiers","",0,*,"","Y","Y","Extension {[]} {[]}
","Extensions that cannot be ignored even if unrecognized","May be used to represent additional information that is not part of the basic definition of the element and that modifies the understanding of the element in which it is contained and/or the understanding of the containing element's descendants. Usually modifier elements provide negation or qualification. To make the use of extensions safe and manageable, there is a strict set of governance applied to the definition and use of extensions. Though any implementer can define an extension, there is a set of requirements that SHALL be met as part of the definition of the extension. Applications processing a resource are required to check for modifier extensions.

Modifier extensions SHALL NOT change the meaning of any elements on Resource or DomainResource (including cannot change the meaning of modifierExtension itself).","There can be no stigma associated with the use of extensions by any application, project, or standard - regardless of the institution or jurisdiction that uses or defines the extensions.  The use of extensions is what allows the FHIR specification to retain a core level of simplicity for everyone.","Modifier extensions allow for extensions that *cannot* be safely ignored to be clearly distinguished from the vast majority of extensions which can be safely ignored.  This promotes interoperability by eliminating the need for implementers to prohibit the presence of extensions. For further information, see the [definition of modifier extensions](http://hl7.org/fhir/R4/extensibility.html#modifierExtension).","","","","","","","",,,,,"",,,,"BackboneElement.modifierExtension",0,*,"","ele-1:All FHIR elements must have a @value or children {hasValue() or (children().count() > id.count())}
ext-1:Must have either extensions or value[x], not both {extension.exists() != value.exists()}"
"SEEHDSLMObservations.observations.observationBody.participation.healthcareProfessional.person.electronicAddress.value","SEEHDSLMObservations.observations.observationBody.participation.healthcareProfessional.person.electronicAddress.value","","","",1,1,"","","","https://fhir.inera.se/ig/ehds-tk/StructureDefinition/SEEHDSRivAnyURI {[]} {[]}
","Elektronisk adress, t.ex.","Elektronisk adress, t.ex. e-mail eller telefonnummer. Anges i form av en URI inklusive prefix som anger protokoll. Telefonnummer anges med prefixet ”tel:”, e-mailadresser med ”mailto:” och webbsidor med ”http:” eller ”https:”. Exempel: value=”tel:+46702353535” value=”mailto:lars@gmail.com” value=”http://www.1177.se”","","","","","","","","","",,,,,"",,,,"SEEHDSLMObservations.observations.observationBody.participation.healthcareProfessional.person.electronicAddress.value",1,1,"",""
"SEEHDSLMObservations.observations.observationBody.participation.healthcareProfessional.person.electronicAddress.capabilities","SEEHDSLMObservations.observations.observationBody.participation.healthcareProfessional.person.electronicAddress.capabilities","","","",0,*,"","","","https://fhir.inera.se/ig/ehds-tk/StructureDefinition/SEEHDSRivString {[]} {[]}
","Kan användas för telefonnummer för att ange om numret har möjlighet att ta emot röstsamtal, fax eller SMS","Kan användas för telefonnummer för att ange om numret har möjlighet att ta emot röstsamtal, fax eller SMS. Möjliga värden: voice = Numret kan ta emot röstsamtal fax = Numret kan ta emot fax sms = Numret kan ta emot SMS
Tillåtna värden enligt XSD: voice, fax, sms.","","","","","","","","","",,,,,"",,,,"SEEHDSLMObservations.observations.observationBody.participation.healthcareProfessional.person.electronicAddress.capabilities",0,*,"",""
"SEEHDSLMObservations.observations.observationBody.participation.healthcareProfessional.person.electronicAddress.use","SEEHDSLMObservations.observations.observationBody.participation.healthcareProfessional.person.electronicAddress.use","","","",0,*,"","","","https://fhir.inera.se/ig/ehds-tk/StructureDefinition/SEEHDSRivString {[]} {[]}
","Om flera elektroniska adresser anges skiljs de åt via sin användningskod","Om flera elektroniska adresser anges skiljs de åt via sin användningskod. Möjliga värden: H = Används i hemmet/privat HV = Används under semester WP = Används på arbetet/i tjänsten TMP = Används tillfälligt
Tillåtna värden enligt XSD: H, HV, WP, TMP.","","","","","","","","","",,,,,"",,,,"SEEHDSLMObservations.observations.observationBody.participation.healthcareProfessional.person.electronicAddress.use",0,*,"",""
"SEEHDSLMObservations.observations.observationBody.participation.healthcareProfessional.jobCode","SEEHDSLMObservations.observations.observationBody.participation.healthcareProfessional.jobCode","","","",0,1,"","","","https://fhir.inera.se/ig/ehds-tk/StructureDefinition/SEEHDSRivCVTypeHealthcondBasic2 {[]} {[]}
","NI 2017 (Hälso- och sjukvårdspersonal.befattning). 0..1 pga tillgänglighet i källsystem.","NI 2017 (Hälso- och sjukvårdspersonal.befattning) Kod för den befattning en hälso- och sjukvårdspersonal har i ett visst uppdrag i en organisation inom hälso- och sjukvård. En befattning avser ställning i en verksamhet som innebär vissa befogenheter och ett visst ansvar. Hälso- och sjukvårdspersonal.befattning är obligatoriskt enligt NI men har kardinalitet 0..1 i tjänstekontrakt eftersom det inte är säkert att information om befattning finns tillgänglig i producentsystemet.","","","","","","","","","",,,,,"",,,,"SEEHDSLMObservations.observations.observationBody.participation.healthcareProfessional.jobCode",0,1,"",""
"SEEHDSLMObservations.observations.observationBody.participation.healthcareProfessional.license","SEEHDSLMObservations.observations.observationBody.participation.healthcareProfessional.license","","","",0,*,"","","","https://fhir.inera.se/ig/ehds-tk/StructureDefinition/SEEHDSRivCVTypeHealthcondBasic2 {[]} {[]}
","NI 2017 (Hälso- och sjukvårdspersonal.legitimation).","NI 2017 (Hälso- och sjukvårdspersonal.legitimation) Kod för den legitimation inom hälso- och sjukvård som avses.","","","","","","","","","",,,,,"",,,,"SEEHDSLMObservations.observations.observationBody.participation.healthcareProfessional.license",0,*,"",""
"SEEHDSLMObservations.observations.observationBody.participation.healthcareProfessional.specialistQualification","SEEHDSLMObservations.observations.observationBody.participation.healthcareProfessional.specialistQualification","","","",0,*,"","","","https://fhir.inera.se/ig/ehds-tk/StructureDefinition/SEEHDSRivCVTypeHealthcondBasic2 {[]} {[]}
","NI 2017 (Hälso- och sjukvårdspersonal.specialistkompetens).","NI 2017 (Hälso- och sjukvårdspersonal.specialistkompetens) Angivelse av kod för kompetens inom en medicinsk specialitet som en läkare har.","","","","","","","","","",,,,,"",,,,"SEEHDSLMObservations.observations.observationBody.participation.healthcareProfessional.specialistQualification",0,*,"",""
"SEEHDSLMObservations.observations.observationBody.participation.healthcareProfessional.organisation","SEEHDSLMObservations.observations.observationBody.participation.healthcareProfessional.organisation","","","",1,1,"","","","BackboneElement {[]} {[]}
","Organisation för uppdraget. Se OrganisationType.","Organization som hälso- och sjukvårdspersonal har uppdrag för. Se OrganisationType i avsnitt 6.1.2.2.13.","","","","","","","","","",,,,,"",,,,"SEEHDSLMObservations.observations.observationBody.participation.healthcareProfessional.organisation",1,1,"","ele-1:All FHIR elements must have a @value or children {hasValue() or (children().count() > id.count())}
"
"SEEHDSLMObservations.observations.observationBody.participation.healthcareProfessional.organisation.id","SEEHDSLMObservations.observations.observationBody.participation.healthcareProfessional.organisation.id","","","",0,1,"","","","string {[]} {[]}
","Unique id for inter-element referencing","Unique id for the element within a resource (for internal references). This may be any string value that does not contain spaces.","","","","","","","","","",,,,,"",,,,"Element.id",0,1,"",""
"SEEHDSLMObservations.observations.observationBody.participation.healthcareProfessional.organisation.extension","SEEHDSLMObservations.observations.observationBody.participation.healthcareProfessional.organisation.extension","","extensions
user content","",0,*,"","","","Extension {[]} {[]}
","Additional content defined by implementations","May be used to represent additional information that is not part of the basic definition of the element. To make the use of extensions safe and manageable, there is a strict set of governance  applied to the definition and use of extensions. Though any implementer can define an extension, there is a set of requirements that SHALL be met as part of the definition of the extension.","There can be no stigma associated with the use of extensions by any application, project, or standard - regardless of the institution or jurisdiction that uses or defines the extensions.  The use of extensions is what allows the FHIR specification to retain a core level of simplicity for everyone.","","","","","","","","",,,,,"","value:url}
","Extensions are always sliced by (at least) url",,"open","Element.extension",0,*,"","ele-1:All FHIR elements must have a @value or children {hasValue() or (children().count() > id.count())}
ext-1:Must have either extensions or value[x], not both {extension.exists() != value.exists()}"
"SEEHDSLMObservations.observations.observationBody.participation.healthcareProfessional.organisation.modifierExtension","SEEHDSLMObservations.observations.observationBody.participation.healthcareProfessional.organisation.modifierExtension","","extensions
user contentmodifiers","",0,*,"","Y","Y","Extension {[]} {[]}
","Extensions that cannot be ignored even if unrecognized","May be used to represent additional information that is not part of the basic definition of the element and that modifies the understanding of the element in which it is contained and/or the understanding of the containing element's descendants. Usually modifier elements provide negation or qualification. To make the use of extensions safe and manageable, there is a strict set of governance applied to the definition and use of extensions. Though any implementer can define an extension, there is a set of requirements that SHALL be met as part of the definition of the extension. Applications processing a resource are required to check for modifier extensions.

Modifier extensions SHALL NOT change the meaning of any elements on Resource or DomainResource (including cannot change the meaning of modifierExtension itself).","There can be no stigma associated with the use of extensions by any application, project, or standard - regardless of the institution or jurisdiction that uses or defines the extensions.  The use of extensions is what allows the FHIR specification to retain a core level of simplicity for everyone.","Modifier extensions allow for extensions that *cannot* be safely ignored to be clearly distinguished from the vast majority of extensions which can be safely ignored.  This promotes interoperability by eliminating the need for implementers to prohibit the presence of extensions. For further information, see the [definition of modifier extensions](http://hl7.org/fhir/R4/extensibility.html#modifierExtension).","","","","","","","",,,,,"",,,,"BackboneElement.modifierExtension",0,*,"","ele-1:All FHIR elements must have a @value or children {hasValue() or (children().count() > id.count())}
ext-1:Must have either extensions or value[x], not both {extension.exists() != value.exists()}"
"SEEHDSLMObservations.observations.observationBody.participation.healthcareProfessional.organisation.rivId","SEEHDSLMObservations.observations.observationBody.participation.healthcareProfessional.organisation.rivId","","","",0,1,"","","","https://fhir.inera.se/ig/ehds-tk/StructureDefinition/SEEHDSRivIITypeHealthcondBasic2 {[]} {[]}
","Id för organisation","Id för organisation. Vanligtvis HSA-id.","","","","","","","","","",,,,,"",,,,"SEEHDSLMObservations.observations.observationBody.participation.healthcareProfessional.organisation.rivId",0,1,"",""
"SEEHDSLMObservations.observations.observationBody.participation.healthcareProfessional.organisation.type","SEEHDSLMObservations.observations.observationBody.participation.healthcareProfessional.organisation.type","","","",0,1,"","","","https://fhir.inera.se/ig/ehds-tk/StructureDefinition/SEEHDSRivCVTypeHealthcondBasic2 {[]} {[]}
","N1 2017 (Organisation.typ)","Kod för vilken typ av organisation som avses, exempelvis vårdgivare eller vårdenhet. Ger också möjlighet att ange exempelvis socialtjänst eller annan myndighet.","","","","","","","","","",,,,,"",,,,"SEEHDSLMObservations.observations.observationBody.participation.healthcareProfessional.organisation.type",0,1,"",""
"SEEHDSLMObservations.observations.observationBody.participation.healthcareProfessional.organisation.name","SEEHDSLMObservations.observations.observationBody.participation.healthcareProfessional.organisation.name","","","",0,1,"","","","https://fhir.inera.se/ig/ehds-tk/StructureDefinition/SEEHDSRivString {[]} {[]}
","Organisationens namn","Organisationens namn","","","","","","","","","",,,,,"",,,,"SEEHDSLMObservations.observations.observationBody.participation.healthcareProfessional.organisation.name",0,1,"",""
"SEEHDSLMObservations.observations.observationBody.participation.healthcareProfessional.organisation.address","SEEHDSLMObservations.observations.observationBody.participation.healthcareProfessional.organisation.address","","","",0,*,"","","","BackboneElement {[]} {[]}
","NI 2017 (Organisation.adress)","Angivelse av adressinformation för fysisk plats till organisation, exempelvis besöksadress eller fakturaadress. Se AddressType i avsnitt 6.1.2.2.14.","","","","","","","","","",,,,,"",,,,"SEEHDSLMObservations.observations.observationBody.participation.healthcareProfessional.organisation.address",0,*,"","ele-1:All FHIR elements must have a @value or children {hasValue() or (children().count() > id.count())}
"
"SEEHDSLMObservations.observations.observationBody.participation.healthcareProfessional.organisation.address.id","SEEHDSLMObservations.observations.observationBody.participation.healthcareProfessional.organisation.address.id","","","",0,1,"","","","string {[]} {[]}
","Unique id for inter-element referencing","Unique id for the element within a resource (for internal references). This may be any string value that does not contain spaces.","","","","","","","","","",,,,,"",,,,"Element.id",0,1,"",""
"SEEHDSLMObservations.observations.observationBody.participation.healthcareProfessional.organisation.address.extension","SEEHDSLMObservations.observations.observationBody.participation.healthcareProfessional.organisation.address.extension","","extensions
user content","",0,*,"","","","Extension {[]} {[]}
","Additional content defined by implementations","May be used to represent additional information that is not part of the basic definition of the element. To make the use of extensions safe and manageable, there is a strict set of governance  applied to the definition and use of extensions. Though any implementer can define an extension, there is a set of requirements that SHALL be met as part of the definition of the extension.","There can be no stigma associated with the use of extensions by any application, project, or standard - regardless of the institution or jurisdiction that uses or defines the extensions.  The use of extensions is what allows the FHIR specification to retain a core level of simplicity for everyone.","","","","","","","","",,,,,"","value:url}
","Extensions are always sliced by (at least) url",,"open","Element.extension",0,*,"","ele-1:All FHIR elements must have a @value or children {hasValue() or (children().count() > id.count())}
ext-1:Must have either extensions or value[x], not both {extension.exists() != value.exists()}"
"SEEHDSLMObservations.observations.observationBody.participation.healthcareProfessional.organisation.address.modifierExtension","SEEHDSLMObservations.observations.observationBody.participation.healthcareProfessional.organisation.address.modifierExtension","","extensions
user contentmodifiers","",0,*,"","Y","Y","Extension {[]} {[]}
","Extensions that cannot be ignored even if unrecognized","May be used to represent additional information that is not part of the basic definition of the element and that modifies the understanding of the element in which it is contained and/or the understanding of the containing element's descendants. Usually modifier elements provide negation or qualification. To make the use of extensions safe and manageable, there is a strict set of governance applied to the definition and use of extensions. Though any implementer can define an extension, there is a set of requirements that SHALL be met as part of the definition of the extension. Applications processing a resource are required to check for modifier extensions.

Modifier extensions SHALL NOT change the meaning of any elements on Resource or DomainResource (including cannot change the meaning of modifierExtension itself).","There can be no stigma associated with the use of extensions by any application, project, or standard - regardless of the institution or jurisdiction that uses or defines the extensions.  The use of extensions is what allows the FHIR specification to retain a core level of simplicity for everyone.","Modifier extensions allow for extensions that *cannot* be safely ignored to be clearly distinguished from the vast majority of extensions which can be safely ignored.  This promotes interoperability by eliminating the need for implementers to prohibit the presence of extensions. For further information, see the [definition of modifier extensions](http://hl7.org/fhir/R4/extensibility.html#modifierExtension).","","","","","","","",,,,,"",,,,"BackboneElement.modifierExtension",0,*,"","ele-1:All FHIR elements must have a @value or children {hasValue() or (children().count() > id.count())}
ext-1:Must have either extensions or value[x], not both {extension.exists() != value.exists()}"
"SEEHDSLMObservations.observations.observationBody.participation.healthcareProfessional.organisation.address.use","SEEHDSLMObservations.observations.observationBody.participation.healthcareProfessional.organisation.address.use","","","",0,1,"","","","https://fhir.inera.se/ig/ehds-tk/StructureDefinition/SEEHDSRivString {[]} {[]}
","Om flera adresser anges skiljs de åt via sin användningskod","Om flera adresser anges skiljs de åt via sin användningskod. Den primära/default adressen anges alltid utan användningskod. Möjliga värden: PHYS = Fysisk besöksadress H = Hemadress HV = Semesteradress WP = Adress till arbetsplats TMP = Tillfällig adress När det inte finns en adress med användningskod som matchar syftet med adressanvändningen, väljs den primära adressen.
Tillåtna värden enligt XSD: PHYS, H, HV, WP, TMP.","","","","","","","","","",,,,,"",,,,"SEEHDSLMObservations.observations.observationBody.participation.healthcareProfessional.organisation.address.use",0,1,"",""
"SEEHDSLMObservations.observations.observationBody.participation.healthcareProfessional.organisation.address.part","SEEHDSLMObservations.observations.observationBody.participation.healthcareProfessional.organisation.address.part","","","",1,*,"","","","BackboneElement {[]} {[]}
","Del av adress, exempelvis gatuadress eller postnummer","Del av adress, exempelvis gatuadress eller postnummer.","","","","","","","","","",,,,,"",,,,"SEEHDSLMObservations.observations.observationBody.participation.healthcareProfessional.organisation.address.part",1,*,"","ele-1:All FHIR elements must have a @value or children {hasValue() or (children().count() > id.count())}
"
"SEEHDSLMObservations.observations.observationBody.participation.healthcareProfessional.organisation.address.part.id","SEEHDSLMObservations.observations.observationBody.participation.healthcareProfessional.organisation.address.part.id","","","",0,1,"","","","string {[]} {[]}
","Unique id for inter-element referencing","Unique id for the element within a resource (for internal references). This may be any string value that does not contain spaces.","","","","","","","","","",,,,,"",,,,"Element.id",0,1,"",""
"SEEHDSLMObservations.observations.observationBody.participation.healthcareProfessional.organisation.address.part.extension","SEEHDSLMObservations.observations.observationBody.participation.healthcareProfessional.organisation.address.part.extension","","extensions
user content","",0,*,"","","","Extension {[]} {[]}
","Additional content defined by implementations","May be used to represent additional information that is not part of the basic definition of the element. To make the use of extensions safe and manageable, there is a strict set of governance  applied to the definition and use of extensions. Though any implementer can define an extension, there is a set of requirements that SHALL be met as part of the definition of the extension.","There can be no stigma associated with the use of extensions by any application, project, or standard - regardless of the institution or jurisdiction that uses or defines the extensions.  The use of extensions is what allows the FHIR specification to retain a core level of simplicity for everyone.","","","","","","","","",,,,,"","value:url}
","Extensions are always sliced by (at least) url",,"open","Element.extension",0,*,"","ele-1:All FHIR elements must have a @value or children {hasValue() or (children().count() > id.count())}
ext-1:Must have either extensions or value[x], not both {extension.exists() != value.exists()}"
"SEEHDSLMObservations.observations.observationBody.participation.healthcareProfessional.organisation.address.part.modifierExtension","SEEHDSLMObservations.observations.observationBody.participation.healthcareProfessional.organisation.address.part.modifierExtension","","extensions
user contentmodifiers","",0,*,"","Y","Y","Extension {[]} {[]}
","Extensions that cannot be ignored even if unrecognized","May be used to represent additional information that is not part of the basic definition of the element and that modifies the understanding of the element in which it is contained and/or the understanding of the containing element's descendants. Usually modifier elements provide negation or qualification. To make the use of extensions safe and manageable, there is a strict set of governance applied to the definition and use of extensions. Though any implementer can define an extension, there is a set of requirements that SHALL be met as part of the definition of the extension. Applications processing a resource are required to check for modifier extensions.

Modifier extensions SHALL NOT change the meaning of any elements on Resource or DomainResource (including cannot change the meaning of modifierExtension itself).","There can be no stigma associated with the use of extensions by any application, project, or standard - regardless of the institution or jurisdiction that uses or defines the extensions.  The use of extensions is what allows the FHIR specification to retain a core level of simplicity for everyone.","Modifier extensions allow for extensions that *cannot* be safely ignored to be clearly distinguished from the vast majority of extensions which can be safely ignored.  This promotes interoperability by eliminating the need for implementers to prohibit the presence of extensions. For further information, see the [definition of modifier extensions](http://hl7.org/fhir/R4/extensibility.html#modifierExtension).","","","","","","","",,,,,"",,,,"BackboneElement.modifierExtension",0,*,"","ele-1:All FHIR elements must have a @value or children {hasValue() or (children().count() > id.count())}
ext-1:Must have either extensions or value[x], not both {extension.exists() != value.exists()}"
"SEEHDSLMObservations.observations.observationBody.participation.healthcareProfessional.organisation.address.part.value","SEEHDSLMObservations.observations.observationBody.participation.healthcareProfessional.organisation.address.part.value","","","",1,1,"","","","https://fhir.inera.se/ig/ehds-tk/StructureDefinition/SEEHDSRivString {[]} {[]}
","value","value","","","","","","","","","",,,,,"",,,,"SEEHDSLMObservations.observations.observationBody.participation.healthcareProfessional.organisation.address.part.value",1,1,"",""
"SEEHDSLMObservations.observations.observationBody.participation.healthcareProfessional.organisation.address.part.type","SEEHDSLMObservations.observations.observationBody.participation.healthcareProfessional.organisation.address.part.type","","","",0,1,"","","","https://fhir.inera.se/ig/ehds-tk/StructureDefinition/SEEHDSRivString {[]} {[]}
","type","Tillåtna värden enligt XSD: SAL, CAR, CEN, CNT, CPA, CTY, ZIP, POB, PRE.","","","","","","","","","",,,,,"",,,,"SEEHDSLMObservations.observations.observationBody.participation.healthcareProfessional.organisation.address.part.type",0,1,"",""
"SEEHDSLMObservations.observations.observationBody.participation.healthcareProfessional.organisation.electronicAddress","SEEHDSLMObservations.observations.observationBody.participation.healthcareProfessional.organisation.electronicAddress","","","",0,*,"","","","BackboneElement {[]} {[]}
","NI 2017 (Organisation.elektroniskAdress)","Angivelse av elektronisk adressinformation till organisation. Här avses även telefonnummer. Exempel är telefonnummer till växel, e-postadress eller webbadress. Se TelType i avsnitt 6.1.2.2.15.","","","","","","","","","",,,,,"",,,,"SEEHDSLMObservations.observations.observationBody.participation.healthcareProfessional.organisation.electronicAddress",0,*,"","ele-1:All FHIR elements must have a @value or children {hasValue() or (children().count() > id.count())}
"
"SEEHDSLMObservations.observations.observationBody.participation.healthcareProfessional.organisation.electronicAddress.id","SEEHDSLMObservations.observations.observationBody.participation.healthcareProfessional.organisation.electronicAddress.id","","","",0,1,"","","","string {[]} {[]}
","Unique id for inter-element referencing","Unique id for the element within a resource (for internal references). This may be any string value that does not contain spaces.","","","","","","","","","",,,,,"",,,,"Element.id",0,1,"",""
"SEEHDSLMObservations.observations.observationBody.participation.healthcareProfessional.organisation.electronicAddress.extension","SEEHDSLMObservations.observations.observationBody.participation.healthcareProfessional.organisation.electronicAddress.extension","","extensions
user content","",0,*,"","","","Extension {[]} {[]}
","Additional content defined by implementations","May be used to represent additional information that is not part of the basic definition of the element. To make the use of extensions safe and manageable, there is a strict set of governance  applied to the definition and use of extensions. Though any implementer can define an extension, there is a set of requirements that SHALL be met as part of the definition of the extension.","There can be no stigma associated with the use of extensions by any application, project, or standard - regardless of the institution or jurisdiction that uses or defines the extensions.  The use of extensions is what allows the FHIR specification to retain a core level of simplicity for everyone.","","","","","","","","",,,,,"","value:url}
","Extensions are always sliced by (at least) url",,"open","Element.extension",0,*,"","ele-1:All FHIR elements must have a @value or children {hasValue() or (children().count() > id.count())}
ext-1:Must have either extensions or value[x], not both {extension.exists() != value.exists()}"
"SEEHDSLMObservations.observations.observationBody.participation.healthcareProfessional.organisation.electronicAddress.modifierExtension","SEEHDSLMObservations.observations.observationBody.participation.healthcareProfessional.organisation.electronicAddress.modifierExtension","","extensions
user contentmodifiers","",0,*,"","Y","Y","Extension {[]} {[]}
","Extensions that cannot be ignored even if unrecognized","May be used to represent additional information that is not part of the basic definition of the element and that modifies the understanding of the element in which it is contained and/or the understanding of the containing element's descendants. Usually modifier elements provide negation or qualification. To make the use of extensions safe and manageable, there is a strict set of governance applied to the definition and use of extensions. Though any implementer can define an extension, there is a set of requirements that SHALL be met as part of the definition of the extension. Applications processing a resource are required to check for modifier extensions.

Modifier extensions SHALL NOT change the meaning of any elements on Resource or DomainResource (including cannot change the meaning of modifierExtension itself).","There can be no stigma associated with the use of extensions by any application, project, or standard - regardless of the institution or jurisdiction that uses or defines the extensions.  The use of extensions is what allows the FHIR specification to retain a core level of simplicity for everyone.","Modifier extensions allow for extensions that *cannot* be safely ignored to be clearly distinguished from the vast majority of extensions which can be safely ignored.  This promotes interoperability by eliminating the need for implementers to prohibit the presence of extensions. For further information, see the [definition of modifier extensions](http://hl7.org/fhir/R4/extensibility.html#modifierExtension).","","","","","","","",,,,,"",,,,"BackboneElement.modifierExtension",0,*,"","ele-1:All FHIR elements must have a @value or children {hasValue() or (children().count() > id.count())}
ext-1:Must have either extensions or value[x], not both {extension.exists() != value.exists()}"
"SEEHDSLMObservations.observations.observationBody.participation.healthcareProfessional.organisation.electronicAddress.value","SEEHDSLMObservations.observations.observationBody.participation.healthcareProfessional.organisation.electronicAddress.value","","","",1,1,"","","","https://fhir.inera.se/ig/ehds-tk/StructureDefinition/SEEHDSRivAnyURI {[]} {[]}
","Elektronisk adress, t.ex.","Elektronisk adress, t.ex. e-mail eller telefonnummer. Anges i form av en URI inklusive prefix som anger protokoll. Telefonnummer anges med prefixet ”tel:”, e-mailadresser med ”mailto:” och webbsidor med ”http:” eller ”https:”. Exempel: value=”tel:+46702353535” value=”mailto:lars@gmail.com” value=”http://www.1177.se”","","","","","","","","","",,,,,"",,,,"SEEHDSLMObservations.observations.observationBody.participation.healthcareProfessional.organisation.electronicAddress.value",1,1,"",""
"SEEHDSLMObservations.observations.observationBody.participation.healthcareProfessional.organisation.electronicAddress.capabilities","SEEHDSLMObservations.observations.observationBody.participation.healthcareProfessional.organisation.electronicAddress.capabilities","","","",0,*,"","","","https://fhir.inera.se/ig/ehds-tk/StructureDefinition/SEEHDSRivString {[]} {[]}
","Kan användas för telefonnummer för att ange om numret har möjlighet att ta emot röstsamtal, fax eller SMS","Kan användas för telefonnummer för att ange om numret har möjlighet att ta emot röstsamtal, fax eller SMS. Möjliga värden: voice = Numret kan ta emot röstsamtal fax = Numret kan ta emot fax sms = Numret kan ta emot SMS
Tillåtna värden enligt XSD: voice, fax, sms.","","","","","","","","","",,,,,"",,,,"SEEHDSLMObservations.observations.observationBody.participation.healthcareProfessional.organisation.electronicAddress.capabilities",0,*,"",""
"SEEHDSLMObservations.observations.observationBody.participation.healthcareProfessional.organisation.electronicAddress.use","SEEHDSLMObservations.observations.observationBody.participation.healthcareProfessional.organisation.electronicAddress.use","","","",0,*,"","","","https://fhir.inera.se/ig/ehds-tk/StructureDefinition/SEEHDSRivString {[]} {[]}
","Om flera elektroniska adresser anges skiljs de åt via sin användningskod","Om flera elektroniska adresser anges skiljs de åt via sin användningskod. Möjliga värden: H = Används i hemmet/privat HV = Används under semester WP = Används på arbetet/i tjänsten TMP = Används tillfälligt
Tillåtna värden enligt XSD: H, HV, WP, TMP.","","","","","","","","","",,,,,"",,,,"SEEHDSLMObservations.observations.observationBody.participation.healthcareProfessional.organisation.electronicAddress.use",0,*,"",""
"SEEHDSLMObservations.observations.observationBody.participation.healthcareProfessional.address","SEEHDSLMObservations.observations.observationBody.participation.healthcareProfessional.address","","","",0,*,"","","","BackboneElement {[]} {[]}
","NI 2017 (Hälso- och sjukvårdspersonal.adress). Se AddressType.","NI 2017 (Hälso- och sjukvårdspersonal.adress) Angivelse av adressinformation för fysisk plats som en person har i sin roll som hälso- och sjukvårdspersonal i ett visst uppdrag i en organisation inom hälso- och sjukvård. Exempel är personlig besöksadress. Se AddressType i avsnitt 6.1.2.2.14.","","","","","","","","","",,,,,"",,,,"SEEHDSLMObservations.observations.observationBody.participation.healthcareProfessional.address",0,*,"","ele-1:All FHIR elements must have a @value or children {hasValue() or (children().count() > id.count())}
"
"SEEHDSLMObservations.observations.observationBody.participation.healthcareProfessional.address.id","SEEHDSLMObservations.observations.observationBody.participation.healthcareProfessional.address.id","","","",0,1,"","","","string {[]} {[]}
","Unique id for inter-element referencing","Unique id for the element within a resource (for internal references). This may be any string value that does not contain spaces.","","","","","","","","","",,,,,"",,,,"Element.id",0,1,"",""
"SEEHDSLMObservations.observations.observationBody.participation.healthcareProfessional.address.extension","SEEHDSLMObservations.observations.observationBody.participation.healthcareProfessional.address.extension","","extensions
user content","",0,*,"","","","Extension {[]} {[]}
","Additional content defined by implementations","May be used to represent additional information that is not part of the basic definition of the element. To make the use of extensions safe and manageable, there is a strict set of governance  applied to the definition and use of extensions. Though any implementer can define an extension, there is a set of requirements that SHALL be met as part of the definition of the extension.","There can be no stigma associated with the use of extensions by any application, project, or standard - regardless of the institution or jurisdiction that uses or defines the extensions.  The use of extensions is what allows the FHIR specification to retain a core level of simplicity for everyone.","","","","","","","","",,,,,"","value:url}
","Extensions are always sliced by (at least) url",,"open","Element.extension",0,*,"","ele-1:All FHIR elements must have a @value or children {hasValue() or (children().count() > id.count())}
ext-1:Must have either extensions or value[x], not both {extension.exists() != value.exists()}"
"SEEHDSLMObservations.observations.observationBody.participation.healthcareProfessional.address.modifierExtension","SEEHDSLMObservations.observations.observationBody.participation.healthcareProfessional.address.modifierExtension","","extensions
user contentmodifiers","",0,*,"","Y","Y","Extension {[]} {[]}
","Extensions that cannot be ignored even if unrecognized","May be used to represent additional information that is not part of the basic definition of the element and that modifies the understanding of the element in which it is contained and/or the understanding of the containing element's descendants. Usually modifier elements provide negation or qualification. To make the use of extensions safe and manageable, there is a strict set of governance applied to the definition and use of extensions. Though any implementer can define an extension, there is a set of requirements that SHALL be met as part of the definition of the extension. Applications processing a resource are required to check for modifier extensions.

Modifier extensions SHALL NOT change the meaning of any elements on Resource or DomainResource (including cannot change the meaning of modifierExtension itself).","There can be no stigma associated with the use of extensions by any application, project, or standard - regardless of the institution or jurisdiction that uses or defines the extensions.  The use of extensions is what allows the FHIR specification to retain a core level of simplicity for everyone.","Modifier extensions allow for extensions that *cannot* be safely ignored to be clearly distinguished from the vast majority of extensions which can be safely ignored.  This promotes interoperability by eliminating the need for implementers to prohibit the presence of extensions. For further information, see the [definition of modifier extensions](http://hl7.org/fhir/R4/extensibility.html#modifierExtension).","","","","","","","",,,,,"",,,,"BackboneElement.modifierExtension",0,*,"","ele-1:All FHIR elements must have a @value or children {hasValue() or (children().count() > id.count())}
ext-1:Must have either extensions or value[x], not both {extension.exists() != value.exists()}"
"SEEHDSLMObservations.observations.observationBody.participation.healthcareProfessional.address.use","SEEHDSLMObservations.observations.observationBody.participation.healthcareProfessional.address.use","","","",0,1,"","","","https://fhir.inera.se/ig/ehds-tk/StructureDefinition/SEEHDSRivString {[]} {[]}
","Om flera adresser anges skiljs de åt via sin användningskod","Om flera adresser anges skiljs de åt via sin användningskod. Den primära/default adressen anges alltid utan användningskod. Möjliga värden: PHYS = Fysisk besöksadress H = Hemadress HV = Semesteradress WP = Adress till arbetsplats TMP = Tillfällig adress När det inte finns en adress med användningskod som matchar syftet med adressanvändningen, väljs den primära adressen.
Tillåtna värden enligt XSD: PHYS, H, HV, WP, TMP.","","","","","","","","","",,,,,"",,,,"SEEHDSLMObservations.observations.observationBody.participation.healthcareProfessional.address.use",0,1,"",""
"SEEHDSLMObservations.observations.observationBody.participation.healthcareProfessional.address.part","SEEHDSLMObservations.observations.observationBody.participation.healthcareProfessional.address.part","","","",1,*,"","","","BackboneElement {[]} {[]}
","Del av adress, exempelvis gatuadress eller postnummer","Del av adress, exempelvis gatuadress eller postnummer.","","","","","","","","","",,,,,"",,,,"SEEHDSLMObservations.observations.observationBody.participation.healthcareProfessional.address.part",1,*,"","ele-1:All FHIR elements must have a @value or children {hasValue() or (children().count() > id.count())}
"
"SEEHDSLMObservations.observations.observationBody.participation.healthcareProfessional.address.part.id","SEEHDSLMObservations.observations.observationBody.participation.healthcareProfessional.address.part.id","","","",0,1,"","","","string {[]} {[]}
","Unique id for inter-element referencing","Unique id for the element within a resource (for internal references). This may be any string value that does not contain spaces.","","","","","","","","","",,,,,"",,,,"Element.id",0,1,"",""
"SEEHDSLMObservations.observations.observationBody.participation.healthcareProfessional.address.part.extension","SEEHDSLMObservations.observations.observationBody.participation.healthcareProfessional.address.part.extension","","extensions
user content","",0,*,"","","","Extension {[]} {[]}
","Additional content defined by implementations","May be used to represent additional information that is not part of the basic definition of the element. To make the use of extensions safe and manageable, there is a strict set of governance  applied to the definition and use of extensions. Though any implementer can define an extension, there is a set of requirements that SHALL be met as part of the definition of the extension.","There can be no stigma associated with the use of extensions by any application, project, or standard - regardless of the institution or jurisdiction that uses or defines the extensions.  The use of extensions is what allows the FHIR specification to retain a core level of simplicity for everyone.","","","","","","","","",,,,,"","value:url}
","Extensions are always sliced by (at least) url",,"open","Element.extension",0,*,"","ele-1:All FHIR elements must have a @value or children {hasValue() or (children().count() > id.count())}
ext-1:Must have either extensions or value[x], not both {extension.exists() != value.exists()}"
"SEEHDSLMObservations.observations.observationBody.participation.healthcareProfessional.address.part.modifierExtension","SEEHDSLMObservations.observations.observationBody.participation.healthcareProfessional.address.part.modifierExtension","","extensions
user contentmodifiers","",0,*,"","Y","Y","Extension {[]} {[]}
","Extensions that cannot be ignored even if unrecognized","May be used to represent additional information that is not part of the basic definition of the element and that modifies the understanding of the element in which it is contained and/or the understanding of the containing element's descendants. Usually modifier elements provide negation or qualification. To make the use of extensions safe and manageable, there is a strict set of governance applied to the definition and use of extensions. Though any implementer can define an extension, there is a set of requirements that SHALL be met as part of the definition of the extension. Applications processing a resource are required to check for modifier extensions.

Modifier extensions SHALL NOT change the meaning of any elements on Resource or DomainResource (including cannot change the meaning of modifierExtension itself).","There can be no stigma associated with the use of extensions by any application, project, or standard - regardless of the institution or jurisdiction that uses or defines the extensions.  The use of extensions is what allows the FHIR specification to retain a core level of simplicity for everyone.","Modifier extensions allow for extensions that *cannot* be safely ignored to be clearly distinguished from the vast majority of extensions which can be safely ignored.  This promotes interoperability by eliminating the need for implementers to prohibit the presence of extensions. For further information, see the [definition of modifier extensions](http://hl7.org/fhir/R4/extensibility.html#modifierExtension).","","","","","","","",,,,,"",,,,"BackboneElement.modifierExtension",0,*,"","ele-1:All FHIR elements must have a @value or children {hasValue() or (children().count() > id.count())}
ext-1:Must have either extensions or value[x], not both {extension.exists() != value.exists()}"
"SEEHDSLMObservations.observations.observationBody.participation.healthcareProfessional.address.part.value","SEEHDSLMObservations.observations.observationBody.participation.healthcareProfessional.address.part.value","","","",1,1,"","","","https://fhir.inera.se/ig/ehds-tk/StructureDefinition/SEEHDSRivString {[]} {[]}
","value","value","","","","","","","","","",,,,,"",,,,"SEEHDSLMObservations.observations.observationBody.participation.healthcareProfessional.address.part.value",1,1,"",""
"SEEHDSLMObservations.observations.observationBody.participation.healthcareProfessional.address.part.type","SEEHDSLMObservations.observations.observationBody.participation.healthcareProfessional.address.part.type","","","",0,1,"","","","https://fhir.inera.se/ig/ehds-tk/StructureDefinition/SEEHDSRivString {[]} {[]}
","type","Tillåtna värden enligt XSD: SAL, CAR, CEN, CNT, CPA, CTY, ZIP, POB, PRE.","","","","","","","","","",,,,,"",,,,"SEEHDSLMObservations.observations.observationBody.participation.healthcareProfessional.address.part.type",0,1,"",""
"SEEHDSLMObservations.observations.observationBody.participation.healthcareProfessional.electronicAddress","SEEHDSLMObservations.observations.observationBody.participation.healthcareProfessional.electronicAddress","","","",0,*,"","","","BackboneElement {[]} {[]}
","NI 2017 (Hälso- och sjukvårdspersonal.elektroniskAdress). Se TelType.","NI 2017 (Hälso- och sjukvårdspersonal.elektroniskAdress) Angivelse av elektronisk adressinformation som en person har i sin roll som hälso- och sjukvårdspersonal i ett visst uppdrag i en organisation inom hälso- och sjukvård. Här avses även telefonnummer. Exempel är direktnummer eller personlig e-postadress. Se TelType i avsnitt 6.1.2.2.15.","","","","","","","","","",,,,,"",,,,"SEEHDSLMObservations.observations.observationBody.participation.healthcareProfessional.electronicAddress",0,*,"","ele-1:All FHIR elements must have a @value or children {hasValue() or (children().count() > id.count())}
"
"SEEHDSLMObservations.observations.observationBody.participation.healthcareProfessional.electronicAddress.id","SEEHDSLMObservations.observations.observationBody.participation.healthcareProfessional.electronicAddress.id","","","",0,1,"","","","string {[]} {[]}
","Unique id for inter-element referencing","Unique id for the element within a resource (for internal references). This may be any string value that does not contain spaces.","","","","","","","","","",,,,,"",,,,"Element.id",0,1,"",""
"SEEHDSLMObservations.observations.observationBody.participation.healthcareProfessional.electronicAddress.extension","SEEHDSLMObservations.observations.observationBody.participation.healthcareProfessional.electronicAddress.extension","","extensions
user content","",0,*,"","","","Extension {[]} {[]}
","Additional content defined by implementations","May be used to represent additional information that is not part of the basic definition of the element. To make the use of extensions safe and manageable, there is a strict set of governance  applied to the definition and use of extensions. Though any implementer can define an extension, there is a set of requirements that SHALL be met as part of the definition of the extension.","There can be no stigma associated with the use of extensions by any application, project, or standard - regardless of the institution or jurisdiction that uses or defines the extensions.  The use of extensions is what allows the FHIR specification to retain a core level of simplicity for everyone.","","","","","","","","",,,,,"","value:url}
","Extensions are always sliced by (at least) url",,"open","Element.extension",0,*,"","ele-1:All FHIR elements must have a @value or children {hasValue() or (children().count() > id.count())}
ext-1:Must have either extensions or value[x], not both {extension.exists() != value.exists()}"
"SEEHDSLMObservations.observations.observationBody.participation.healthcareProfessional.electronicAddress.modifierExtension","SEEHDSLMObservations.observations.observationBody.participation.healthcareProfessional.electronicAddress.modifierExtension","","extensions
user contentmodifiers","",0,*,"","Y","Y","Extension {[]} {[]}
","Extensions that cannot be ignored even if unrecognized","May be used to represent additional information that is not part of the basic definition of the element and that modifies the understanding of the element in which it is contained and/or the understanding of the containing element's descendants. Usually modifier elements provide negation or qualification. To make the use of extensions safe and manageable, there is a strict set of governance applied to the definition and use of extensions. Though any implementer can define an extension, there is a set of requirements that SHALL be met as part of the definition of the extension. Applications processing a resource are required to check for modifier extensions.

Modifier extensions SHALL NOT change the meaning of any elements on Resource or DomainResource (including cannot change the meaning of modifierExtension itself).","There can be no stigma associated with the use of extensions by any application, project, or standard - regardless of the institution or jurisdiction that uses or defines the extensions.  The use of extensions is what allows the FHIR specification to retain a core level of simplicity for everyone.","Modifier extensions allow for extensions that *cannot* be safely ignored to be clearly distinguished from the vast majority of extensions which can be safely ignored.  This promotes interoperability by eliminating the need for implementers to prohibit the presence of extensions. For further information, see the [definition of modifier extensions](http://hl7.org/fhir/R4/extensibility.html#modifierExtension).","","","","","","","",,,,,"",,,,"BackboneElement.modifierExtension",0,*,"","ele-1:All FHIR elements must have a @value or children {hasValue() or (children().count() > id.count())}
ext-1:Must have either extensions or value[x], not both {extension.exists() != value.exists()}"
"SEEHDSLMObservations.observations.observationBody.participation.healthcareProfessional.electronicAddress.value","SEEHDSLMObservations.observations.observationBody.participation.healthcareProfessional.electronicAddress.value","","","",1,1,"","","","https://fhir.inera.se/ig/ehds-tk/StructureDefinition/SEEHDSRivAnyURI {[]} {[]}
","Elektronisk adress, t.ex.","Elektronisk adress, t.ex. e-mail eller telefonnummer. Anges i form av en URI inklusive prefix som anger protokoll. Telefonnummer anges med prefixet ”tel:”, e-mailadresser med ”mailto:” och webbsidor med ”http:” eller ”https:”. Exempel: value=”tel:+46702353535” value=”mailto:lars@gmail.com” value=”http://www.1177.se”","","","","","","","","","",,,,,"",,,,"SEEHDSLMObservations.observations.observationBody.participation.healthcareProfessional.electronicAddress.value",1,1,"",""
"SEEHDSLMObservations.observations.observationBody.participation.healthcareProfessional.electronicAddress.capabilities","SEEHDSLMObservations.observations.observationBody.participation.healthcareProfessional.electronicAddress.capabilities","","","",0,*,"","","","https://fhir.inera.se/ig/ehds-tk/StructureDefinition/SEEHDSRivString {[]} {[]}
","Kan användas för telefonnummer för att ange om numret har möjlighet att ta emot röstsamtal, fax eller SMS","Kan användas för telefonnummer för att ange om numret har möjlighet att ta emot röstsamtal, fax eller SMS. Möjliga värden: voice = Numret kan ta emot röstsamtal fax = Numret kan ta emot fax sms = Numret kan ta emot SMS
Tillåtna värden enligt XSD: voice, fax, sms.","","","","","","","","","",,,,,"",,,,"SEEHDSLMObservations.observations.observationBody.participation.healthcareProfessional.electronicAddress.capabilities",0,*,"",""
"SEEHDSLMObservations.observations.observationBody.participation.healthcareProfessional.electronicAddress.use","SEEHDSLMObservations.observations.observationBody.participation.healthcareProfessional.electronicAddress.use","","","",0,*,"","","","https://fhir.inera.se/ig/ehds-tk/StructureDefinition/SEEHDSRivString {[]} {[]}
","Om flera elektroniska adresser anges skiljs de åt via sin användningskod","Om flera elektroniska adresser anges skiljs de åt via sin användningskod. Möjliga värden: H = Används i hemmet/privat HV = Används under semester WP = Används på arbetet/i tjänsten TMP = Används tillfälligt
Tillåtna värden enligt XSD: H, HV, WP, TMP.","","","","","","","","","",,,,,"",,,,"SEEHDSLMObservations.observations.observationBody.participation.healthcareProfessional.electronicAddress.use",0,*,"",""
"SEEHDSLMObservations.observations.observationBody.participation.patient","SEEHDSLMObservations.observations.observationBody.participation.patient","","","",0,1,"","","","BackboneElement {[]} {[]}
","Patienten som deltagare (PatientInformationType) — ej som subjekt för observationen.","Patienten i det fall då patienten deltar på andra sätt än som subjekt för observationen. Se PatientInformationType i avsnitt 6.1.2.2.4.","","","","","","","","","",,,,,"",,,,"SEEHDSLMObservations.observations.observationBody.participation.patient",0,1,"","ele-1:All FHIR elements must have a @value or children {hasValue() or (children().count() > id.count())}
"
"SEEHDSLMObservations.observations.observationBody.participation.patient.id","SEEHDSLMObservations.observations.observationBody.participation.patient.id","","","",0,1,"","","","string {[]} {[]}
","Unique id for inter-element referencing","Unique id for the element within a resource (for internal references). This may be any string value that does not contain spaces.","","","","","","","","","",,,,,"",,,,"Element.id",0,1,"",""
"SEEHDSLMObservations.observations.observationBody.participation.patient.extension","SEEHDSLMObservations.observations.observationBody.participation.patient.extension","","extensions
user content","",0,*,"","","","Extension {[]} {[]}
","Additional content defined by implementations","May be used to represent additional information that is not part of the basic definition of the element. To make the use of extensions safe and manageable, there is a strict set of governance  applied to the definition and use of extensions. Though any implementer can define an extension, there is a set of requirements that SHALL be met as part of the definition of the extension.","There can be no stigma associated with the use of extensions by any application, project, or standard - regardless of the institution or jurisdiction that uses or defines the extensions.  The use of extensions is what allows the FHIR specification to retain a core level of simplicity for everyone.","","","","","","","","",,,,,"","value:url}
","Extensions are always sliced by (at least) url",,"open","Element.extension",0,*,"","ele-1:All FHIR elements must have a @value or children {hasValue() or (children().count() > id.count())}
ext-1:Must have either extensions or value[x], not both {extension.exists() != value.exists()}"
"SEEHDSLMObservations.observations.observationBody.participation.patient.modifierExtension","SEEHDSLMObservations.observations.observationBody.participation.patient.modifierExtension","","extensions
user contentmodifiers","",0,*,"","Y","Y","Extension {[]} {[]}
","Extensions that cannot be ignored even if unrecognized","May be used to represent additional information that is not part of the basic definition of the element and that modifies the understanding of the element in which it is contained and/or the understanding of the containing element's descendants. Usually modifier elements provide negation or qualification. To make the use of extensions safe and manageable, there is a strict set of governance applied to the definition and use of extensions. Though any implementer can define an extension, there is a set of requirements that SHALL be met as part of the definition of the extension. Applications processing a resource are required to check for modifier extensions.

Modifier extensions SHALL NOT change the meaning of any elements on Resource or DomainResource (including cannot change the meaning of modifierExtension itself).","There can be no stigma associated with the use of extensions by any application, project, or standard - regardless of the institution or jurisdiction that uses or defines the extensions.  The use of extensions is what allows the FHIR specification to retain a core level of simplicity for everyone.","Modifier extensions allow for extensions that *cannot* be safely ignored to be clearly distinguished from the vast majority of extensions which can be safely ignored.  This promotes interoperability by eliminating the need for implementers to prohibit the presence of extensions. For further information, see the [definition of modifier extensions](http://hl7.org/fhir/R4/extensibility.html#modifierExtension).","","","","","","","",,,,,"",,,,"BackboneElement.modifierExtension",0,*,"","ele-1:All FHIR elements must have a @value or children {hasValue() or (children().count() > id.count())}
ext-1:Must have either extensions or value[x], not both {extension.exists() != value.exists()}"
"SEEHDSLMObservations.observations.observationBody.participation.patient.rivId","SEEHDSLMObservations.observations.observationBody.participation.patient.rivId","","","",0,1,"","","","https://fhir.inera.se/ig/ehds-tk/StructureDefinition/SEEHDSRivIITypeHealthcondBasic2 {[]} {[]}
","NI 2017 (Patient.id)","Angivelse av identitetsbeteckning för patientrollen. Denna identitet används då patienten inte kan eller bör identifieras med ett person-id (personnummer eller samordningsnummer). Identitetsbeteckningen på patient är vanligtvis ett reservnummer. En person kan ha flera instanser av klassen patient och dessa kan ha olika id. Observera att det är obligatoriskt att ange antingen person-id på person eller id på patient. Nationell reservidentitet är den enda typ av reservnummer som tillåts i denna tjänst. Denna ska anges med 12 tecken utan avskiljare. Se [R9] för mer information om nationell reservidentitet.","","","","","","","","","",,,,,"",,,,"SEEHDSLMObservations.observations.observationBody.participation.patient.rivId",0,1,"",""
"SEEHDSLMObservations.observations.observationBody.participation.patient.person","SEEHDSLMObservations.observations.observationBody.participation.patient.person","","","",1,1,"","","","BackboneElement {[]} {[]}
","Uppgifter om den person som har rollen som patient","Uppgifter om den person som har rollen som patient. Se övrig regel 3, avsnitt 6.1.3.3. Se PersonType i avsnitt 6.1.2.2.6.","","","","","","","","","",,,,,"",,,,"SEEHDSLMObservations.observations.observationBody.participation.patient.person",1,1,"","ele-1:All FHIR elements must have a @value or children {hasValue() or (children().count() > id.count())}
"
"SEEHDSLMObservations.observations.observationBody.participation.patient.person.id","SEEHDSLMObservations.observations.observationBody.participation.patient.person.id","","","",0,1,"","","","string {[]} {[]}
","Unique id for inter-element referencing","Unique id for the element within a resource (for internal references). This may be any string value that does not contain spaces.","","","","","","","","","",,,,,"",,,,"Element.id",0,1,"",""
"SEEHDSLMObservations.observations.observationBody.participation.patient.person.extension","SEEHDSLMObservations.observations.observationBody.participation.patient.person.extension","","extensions
user content","",0,*,"","","","Extension {[]} {[]}
","Additional content defined by implementations","May be used to represent additional information that is not part of the basic definition of the element. To make the use of extensions safe and manageable, there is a strict set of governance  applied to the definition and use of extensions. Though any implementer can define an extension, there is a set of requirements that SHALL be met as part of the definition of the extension.","There can be no stigma associated with the use of extensions by any application, project, or standard - regardless of the institution or jurisdiction that uses or defines the extensions.  The use of extensions is what allows the FHIR specification to retain a core level of simplicity for everyone.","","","","","","","","",,,,,"","value:url}
","Extensions are always sliced by (at least) url",,"open","Element.extension",0,*,"","ele-1:All FHIR elements must have a @value or children {hasValue() or (children().count() > id.count())}
ext-1:Must have either extensions or value[x], not both {extension.exists() != value.exists()}"
"SEEHDSLMObservations.observations.observationBody.participation.patient.person.modifierExtension","SEEHDSLMObservations.observations.observationBody.participation.patient.person.modifierExtension","","extensions
user contentmodifiers","",0,*,"","Y","Y","Extension {[]} {[]}
","Extensions that cannot be ignored even if unrecognized","May be used to represent additional information that is not part of the basic definition of the element and that modifies the understanding of the element in which it is contained and/or the understanding of the containing element's descendants. Usually modifier elements provide negation or qualification. To make the use of extensions safe and manageable, there is a strict set of governance applied to the definition and use of extensions. Though any implementer can define an extension, there is a set of requirements that SHALL be met as part of the definition of the extension. Applications processing a resource are required to check for modifier extensions.

Modifier extensions SHALL NOT change the meaning of any elements on Resource or DomainResource (including cannot change the meaning of modifierExtension itself).","There can be no stigma associated with the use of extensions by any application, project, or standard - regardless of the institution or jurisdiction that uses or defines the extensions.  The use of extensions is what allows the FHIR specification to retain a core level of simplicity for everyone.","Modifier extensions allow for extensions that *cannot* be safely ignored to be clearly distinguished from the vast majority of extensions which can be safely ignored.  This promotes interoperability by eliminating the need for implementers to prohibit the presence of extensions. For further information, see the [definition of modifier extensions](http://hl7.org/fhir/R4/extensibility.html#modifierExtension).","","","","","","","",,,,,"",,,,"BackboneElement.modifierExtension",0,*,"","ele-1:All FHIR elements must have a @value or children {hasValue() or (children().count() > id.count())}
ext-1:Must have either extensions or value[x], not both {extension.exists() != value.exists()}"
"SEEHDSLMObservations.observations.observationBody.participation.patient.person.rivId","SEEHDSLMObservations.observations.observationBody.participation.patient.person.rivId","","","",0,1,"","","","https://fhir.inera.se/ig/ehds-tk/StructureDefinition/SEEHDSRivIITypeHealthcondBasic2 {[]} {[]}
","Id för personen i form av personnummer eller samordningsnummer","Id för personen i form av personnummer eller samordningsnummer. Skall anges med 12 tecken utan avskiljare.","","","","","","","","","",,,,,"",,,,"SEEHDSLMObservations.observations.observationBody.participation.patient.person.rivId",0,1,"",""
"SEEHDSLMObservations.observations.observationBody.participation.patient.person.givenName","SEEHDSLMObservations.observations.observationBody.participation.patient.person.givenName","","","",0,*,"","","","https://fhir.inera.se/ig/ehds-tk/StructureDefinition/SEEHDSRivString {[]} {[]}
","NI 2017 (Person.förnamn)","Angivelse av förnamn, som är en persons givna namn och inkluderar tilltalsnamn.","","","","","","","","","",,,,,"",,,,"SEEHDSLMObservations.observations.observationBody.participation.patient.person.givenName",0,*,"",""
"SEEHDSLMObservations.observations.observationBody.participation.patient.person.middleSurname","SEEHDSLMObservations.observations.observationBody.participation.patient.person.middleSurname","","","",0,1,"","","","https://fhir.inera.se/ig/ehds-tk/StructureDefinition/SEEHDSRivString {[]} {[]}
","NI 2017 (Person.mellannamn)","Angivelse av mellannamn, som är ett namn som kan bäras för att visa gemenskap med en förälder eller en make som bär detta namn som efternamn. Man kan också bära ett eget tidigare efternamn som mellannamn om man bytt till makes eller registrerade partners efternamn.","","","","","","","","","",,,,,"",,,,"SEEHDSLMObservations.observations.observationBody.participation.patient.person.middleSurname",0,1,"",""
"SEEHDSLMObservations.observations.observationBody.participation.patient.person.surname","SEEHDSLMObservations.observations.observationBody.participation.patient.person.surname","","","",0,1,"","","","https://fhir.inera.se/ig/ehds-tk/StructureDefinition/SEEHDSRivString {[]} {[]}
","NI 2017 (Person.efternamn)","Angivelse av efternamn, som är en persons familjenamn eller släktnamn.","","","","","","","","","",,,,,"",,,,"SEEHDSLMObservations.observations.observationBody.participation.patient.person.surname",0,1,"",""
"SEEHDSLMObservations.observations.observationBody.participation.patient.person.givenNameMarker","SEEHDSLMObservations.observations.observationBody.participation.patient.person.givenNameMarker","","","",0,1,"","","","https://fhir.inera.se/ig/ehds-tk/StructureDefinition/SEEHDSRivInteger {[]} {[]}
","NI 2017 (Person.tilltalsnamnsmarkering)","Angivelse av tilltalsnamnsmarkering, som används för att markera vilket av de angivna förnamnen som är personens tilltalsnamn. Giltiga värden är 10-99 där den första siffran anger vilket av de angivna förnamnen som är tilltalsnamnet (1 motsvarar första namnet osv.) och den andra siffran anger det eventuella andra tilltalsnamnet om dubbelnamn är aktuellt. Om inte är den andra siffran 0.","","","","","","","","","",,,,,"",,,,"SEEHDSLMObservations.observations.observationBody.participation.patient.person.givenNameMarker",0,1,"",""
"SEEHDSLMObservations.observations.observationBody.participation.patient.person.gender","SEEHDSLMObservations.observations.observationBody.participation.patient.person.gender","","","",0,1,"","","","https://fhir.inera.se/ig/ehds-tk/StructureDefinition/SEEHDSRivCVTypeHealthcondBasic2 {[]} {[]}
","NI 2017 (Person.kön)","Angivelse av vilket kön personen har enligt folkbokföringen.","","","","","","","","","",,,,,"",,,,"SEEHDSLMObservations.observations.observationBody.participation.patient.person.gender",0,1,"",""
"SEEHDSLMObservations.observations.observationBody.participation.patient.person.dateOfBirth","SEEHDSLMObservations.observations.observationBody.participation.patient.person.dateOfBirth","","","",0,1,"","","","https://fhir.inera.se/ig/ehds-tk/StructureDefinition/SEEHDSRivDate {[]} {[]}
","NI 2017 (Person.födelsedatum)","Angivelse av vilket datum personen är född. Ett datum på formatet ÅÅÅÅMMDD. Observera att det är födelsedatumet och inte personnumret.
Format enligt XSD (DateType): ÅÅÅÅMMDD.","","","","","","","","","",,,,,"",,,,"SEEHDSLMObservations.observations.observationBody.participation.patient.person.dateOfBirth",0,1,"",""
"SEEHDSLMObservations.observations.observationBody.participation.patient.person.confidentialityIndicator","SEEHDSLMObservations.observations.observationBody.participation.patient.person.confidentialityIndicator","","","",1,1,"","","","https://fhir.inera.se/ig/ehds-tk/StructureDefinition/SEEHDSRivBoolean {[]} {[]}
","NI 2017 (Person.sekretessmarkering)","Angivelse av sekretessmarkering enligt Skatteverket. Defaultvärde är ”false”. Defaultvärdet ska automatiskt användas om inget annat värde anges.","","","","","","","","","",,,,,"",,,,"SEEHDSLMObservations.observations.observationBody.participation.patient.person.confidentialityIndicator",1,1,"",""
"SEEHDSLMObservations.observations.observationBody.participation.patient.person.maritalStatus","SEEHDSLMObservations.observations.observationBody.participation.patient.person.maritalStatus","","","",0,1,"","","","https://fhir.inera.se/ig/ehds-tk/StructureDefinition/SEEHDSRivCVTypeHealthcondBasic2 {[]} {[]}
","NI 2017 (Person.civilstånd)","Angivelse av personens civilstånd.","","","","","","","","","",,,,,"",,,,"SEEHDSLMObservations.observations.observationBody.participation.patient.person.maritalStatus",0,1,"",""
"SEEHDSLMObservations.observations.observationBody.participation.patient.person.address","SEEHDSLMObservations.observations.observationBody.participation.patient.person.address","","","",0,*,"","","","BackboneElement {[]} {[]}
","NI 2017 (Person.adress)","Angivelse av adressinformation för fysisk plats för en person, exempelvis bostadsadress eller tillfällig adress. Se AddressType i avsnitt 6.1.2.2.14.","","","","","","","","","",,,,,"",,,,"SEEHDSLMObservations.observations.observationBody.participation.patient.person.address",0,*,"","ele-1:All FHIR elements must have a @value or children {hasValue() or (children().count() > id.count())}
"
"SEEHDSLMObservations.observations.observationBody.participation.patient.person.address.id","SEEHDSLMObservations.observations.observationBody.participation.patient.person.address.id","","","",0,1,"","","","string {[]} {[]}
","Unique id for inter-element referencing","Unique id for the element within a resource (for internal references). This may be any string value that does not contain spaces.","","","","","","","","","",,,,,"",,,,"Element.id",0,1,"",""
"SEEHDSLMObservations.observations.observationBody.participation.patient.person.address.extension","SEEHDSLMObservations.observations.observationBody.participation.patient.person.address.extension","","extensions
user content","",0,*,"","","","Extension {[]} {[]}
","Additional content defined by implementations","May be used to represent additional information that is not part of the basic definition of the element. To make the use of extensions safe and manageable, there is a strict set of governance  applied to the definition and use of extensions. Though any implementer can define an extension, there is a set of requirements that SHALL be met as part of the definition of the extension.","There can be no stigma associated with the use of extensions by any application, project, or standard - regardless of the institution or jurisdiction that uses or defines the extensions.  The use of extensions is what allows the FHIR specification to retain a core level of simplicity for everyone.","","","","","","","","",,,,,"","value:url}
","Extensions are always sliced by (at least) url",,"open","Element.extension",0,*,"","ele-1:All FHIR elements must have a @value or children {hasValue() or (children().count() > id.count())}
ext-1:Must have either extensions or value[x], not both {extension.exists() != value.exists()}"
"SEEHDSLMObservations.observations.observationBody.participation.patient.person.address.modifierExtension","SEEHDSLMObservations.observations.observationBody.participation.patient.person.address.modifierExtension","","extensions
user contentmodifiers","",0,*,"","Y","Y","Extension {[]} {[]}
","Extensions that cannot be ignored even if unrecognized","May be used to represent additional information that is not part of the basic definition of the element and that modifies the understanding of the element in which it is contained and/or the understanding of the containing element's descendants. Usually modifier elements provide negation or qualification. To make the use of extensions safe and manageable, there is a strict set of governance applied to the definition and use of extensions. Though any implementer can define an extension, there is a set of requirements that SHALL be met as part of the definition of the extension. Applications processing a resource are required to check for modifier extensions.

Modifier extensions SHALL NOT change the meaning of any elements on Resource or DomainResource (including cannot change the meaning of modifierExtension itself).","There can be no stigma associated with the use of extensions by any application, project, or standard - regardless of the institution or jurisdiction that uses or defines the extensions.  The use of extensions is what allows the FHIR specification to retain a core level of simplicity for everyone.","Modifier extensions allow for extensions that *cannot* be safely ignored to be clearly distinguished from the vast majority of extensions which can be safely ignored.  This promotes interoperability by eliminating the need for implementers to prohibit the presence of extensions. For further information, see the [definition of modifier extensions](http://hl7.org/fhir/R4/extensibility.html#modifierExtension).","","","","","","","",,,,,"",,,,"BackboneElement.modifierExtension",0,*,"","ele-1:All FHIR elements must have a @value or children {hasValue() or (children().count() > id.count())}
ext-1:Must have either extensions or value[x], not both {extension.exists() != value.exists()}"
"SEEHDSLMObservations.observations.observationBody.participation.patient.person.address.use","SEEHDSLMObservations.observations.observationBody.participation.patient.person.address.use","","","",0,1,"","","","https://fhir.inera.se/ig/ehds-tk/StructureDefinition/SEEHDSRivString {[]} {[]}
","Om flera adresser anges skiljs de åt via sin användningskod","Om flera adresser anges skiljs de åt via sin användningskod. Den primära/default adressen anges alltid utan användningskod. Möjliga värden: PHYS = Fysisk besöksadress H = Hemadress HV = Semesteradress WP = Adress till arbetsplats TMP = Tillfällig adress När det inte finns en adress med användningskod som matchar syftet med adressanvändningen, väljs den primära adressen.
Tillåtna värden enligt XSD: PHYS, H, HV, WP, TMP.","","","","","","","","","",,,,,"",,,,"SEEHDSLMObservations.observations.observationBody.participation.patient.person.address.use",0,1,"",""
"SEEHDSLMObservations.observations.observationBody.participation.patient.person.address.part","SEEHDSLMObservations.observations.observationBody.participation.patient.person.address.part","","","",1,*,"","","","BackboneElement {[]} {[]}
","Del av adress, exempelvis gatuadress eller postnummer","Del av adress, exempelvis gatuadress eller postnummer.","","","","","","","","","",,,,,"",,,,"SEEHDSLMObservations.observations.observationBody.participation.patient.person.address.part",1,*,"","ele-1:All FHIR elements must have a @value or children {hasValue() or (children().count() > id.count())}
"
"SEEHDSLMObservations.observations.observationBody.participation.patient.person.address.part.id","SEEHDSLMObservations.observations.observationBody.participation.patient.person.address.part.id","","","",0,1,"","","","string {[]} {[]}
","Unique id for inter-element referencing","Unique id for the element within a resource (for internal references). This may be any string value that does not contain spaces.","","","","","","","","","",,,,,"",,,,"Element.id",0,1,"",""
"SEEHDSLMObservations.observations.observationBody.participation.patient.person.address.part.extension","SEEHDSLMObservations.observations.observationBody.participation.patient.person.address.part.extension","","extensions
user content","",0,*,"","","","Extension {[]} {[]}
","Additional content defined by implementations","May be used to represent additional information that is not part of the basic definition of the element. To make the use of extensions safe and manageable, there is a strict set of governance  applied to the definition and use of extensions. Though any implementer can define an extension, there is a set of requirements that SHALL be met as part of the definition of the extension.","There can be no stigma associated with the use of extensions by any application, project, or standard - regardless of the institution or jurisdiction that uses or defines the extensions.  The use of extensions is what allows the FHIR specification to retain a core level of simplicity for everyone.","","","","","","","","",,,,,"","value:url}
","Extensions are always sliced by (at least) url",,"open","Element.extension",0,*,"","ele-1:All FHIR elements must have a @value or children {hasValue() or (children().count() > id.count())}
ext-1:Must have either extensions or value[x], not both {extension.exists() != value.exists()}"
"SEEHDSLMObservations.observations.observationBody.participation.patient.person.address.part.modifierExtension","SEEHDSLMObservations.observations.observationBody.participation.patient.person.address.part.modifierExtension","","extensions
user contentmodifiers","",0,*,"","Y","Y","Extension {[]} {[]}
","Extensions that cannot be ignored even if unrecognized","May be used to represent additional information that is not part of the basic definition of the element and that modifies the understanding of the element in which it is contained and/or the understanding of the containing element's descendants. Usually modifier elements provide negation or qualification. To make the use of extensions safe and manageable, there is a strict set of governance applied to the definition and use of extensions. Though any implementer can define an extension, there is a set of requirements that SHALL be met as part of the definition of the extension. Applications processing a resource are required to check for modifier extensions.

Modifier extensions SHALL NOT change the meaning of any elements on Resource or DomainResource (including cannot change the meaning of modifierExtension itself).","There can be no stigma associated with the use of extensions by any application, project, or standard - regardless of the institution or jurisdiction that uses or defines the extensions.  The use of extensions is what allows the FHIR specification to retain a core level of simplicity for everyone.","Modifier extensions allow for extensions that *cannot* be safely ignored to be clearly distinguished from the vast majority of extensions which can be safely ignored.  This promotes interoperability by eliminating the need for implementers to prohibit the presence of extensions. For further information, see the [definition of modifier extensions](http://hl7.org/fhir/R4/extensibility.html#modifierExtension).","","","","","","","",,,,,"",,,,"BackboneElement.modifierExtension",0,*,"","ele-1:All FHIR elements must have a @value or children {hasValue() or (children().count() > id.count())}
ext-1:Must have either extensions or value[x], not both {extension.exists() != value.exists()}"
"SEEHDSLMObservations.observations.observationBody.participation.patient.person.address.part.value","SEEHDSLMObservations.observations.observationBody.participation.patient.person.address.part.value","","","",1,1,"","","","https://fhir.inera.se/ig/ehds-tk/StructureDefinition/SEEHDSRivString {[]} {[]}
","value","value","","","","","","","","","",,,,,"",,,,"SEEHDSLMObservations.observations.observationBody.participation.patient.person.address.part.value",1,1,"",""
"SEEHDSLMObservations.observations.observationBody.participation.patient.person.address.part.type","SEEHDSLMObservations.observations.observationBody.participation.patient.person.address.part.type","","","",0,1,"","","","https://fhir.inera.se/ig/ehds-tk/StructureDefinition/SEEHDSRivString {[]} {[]}
","type","Tillåtna värden enligt XSD: SAL, CAR, CEN, CNT, CPA, CTY, ZIP, POB, PRE.","","","","","","","","","",,,,,"",,,,"SEEHDSLMObservations.observations.observationBody.participation.patient.person.address.part.type",0,1,"",""
"SEEHDSLMObservations.observations.observationBody.participation.patient.person.electronicAddress","SEEHDSLMObservations.observations.observationBody.participation.patient.person.electronicAddress","","","",0,*,"","","","BackboneElement {[]} {[]}
","NI 2017 (Person.elektroniskAdress)","Angivelse av elektronisk adressinformation som en person har. Här avses även telefonnummer. Exempel är telefonnummer eller e-postadress. Se TelType i avsnitt 6.1.2.2.15.","","","","","","","","","",,,,,"",,,,"SEEHDSLMObservations.observations.observationBody.participation.patient.person.electronicAddress",0,*,"","ele-1:All FHIR elements must have a @value or children {hasValue() or (children().count() > id.count())}
"
"SEEHDSLMObservations.observations.observationBody.participation.patient.person.electronicAddress.id","SEEHDSLMObservations.observations.observationBody.participation.patient.person.electronicAddress.id","","","",0,1,"","","","string {[]} {[]}
","Unique id for inter-element referencing","Unique id for the element within a resource (for internal references). This may be any string value that does not contain spaces.","","","","","","","","","",,,,,"",,,,"Element.id",0,1,"",""
"SEEHDSLMObservations.observations.observationBody.participation.patient.person.electronicAddress.extension","SEEHDSLMObservations.observations.observationBody.participation.patient.person.electronicAddress.extension","","extensions
user content","",0,*,"","","","Extension {[]} {[]}
","Additional content defined by implementations","May be used to represent additional information that is not part of the basic definition of the element. To make the use of extensions safe and manageable, there is a strict set of governance  applied to the definition and use of extensions. Though any implementer can define an extension, there is a set of requirements that SHALL be met as part of the definition of the extension.","There can be no stigma associated with the use of extensions by any application, project, or standard - regardless of the institution or jurisdiction that uses or defines the extensions.  The use of extensions is what allows the FHIR specification to retain a core level of simplicity for everyone.","","","","","","","","",,,,,"","value:url}
","Extensions are always sliced by (at least) url",,"open","Element.extension",0,*,"","ele-1:All FHIR elements must have a @value or children {hasValue() or (children().count() > id.count())}
ext-1:Must have either extensions or value[x], not both {extension.exists() != value.exists()}"
"SEEHDSLMObservations.observations.observationBody.participation.patient.person.electronicAddress.modifierExtension","SEEHDSLMObservations.observations.observationBody.participation.patient.person.electronicAddress.modifierExtension","","extensions
user contentmodifiers","",0,*,"","Y","Y","Extension {[]} {[]}
","Extensions that cannot be ignored even if unrecognized","May be used to represent additional information that is not part of the basic definition of the element and that modifies the understanding of the element in which it is contained and/or the understanding of the containing element's descendants. Usually modifier elements provide negation or qualification. To make the use of extensions safe and manageable, there is a strict set of governance applied to the definition and use of extensions. Though any implementer can define an extension, there is a set of requirements that SHALL be met as part of the definition of the extension. Applications processing a resource are required to check for modifier extensions.

Modifier extensions SHALL NOT change the meaning of any elements on Resource or DomainResource (including cannot change the meaning of modifierExtension itself).","There can be no stigma associated with the use of extensions by any application, project, or standard - regardless of the institution or jurisdiction that uses or defines the extensions.  The use of extensions is what allows the FHIR specification to retain a core level of simplicity for everyone.","Modifier extensions allow for extensions that *cannot* be safely ignored to be clearly distinguished from the vast majority of extensions which can be safely ignored.  This promotes interoperability by eliminating the need for implementers to prohibit the presence of extensions. For further information, see the [definition of modifier extensions](http://hl7.org/fhir/R4/extensibility.html#modifierExtension).","","","","","","","",,,,,"",,,,"BackboneElement.modifierExtension",0,*,"","ele-1:All FHIR elements must have a @value or children {hasValue() or (children().count() > id.count())}
ext-1:Must have either extensions or value[x], not both {extension.exists() != value.exists()}"
"SEEHDSLMObservations.observations.observationBody.participation.patient.person.electronicAddress.value","SEEHDSLMObservations.observations.observationBody.participation.patient.person.electronicAddress.value","","","",1,1,"","","","https://fhir.inera.se/ig/ehds-tk/StructureDefinition/SEEHDSRivAnyURI {[]} {[]}
","Elektronisk adress, t.ex.","Elektronisk adress, t.ex. e-mail eller telefonnummer. Anges i form av en URI inklusive prefix som anger protokoll. Telefonnummer anges med prefixet ”tel:”, e-mailadresser med ”mailto:” och webbsidor med ”http:” eller ”https:”. Exempel: value=”tel:+46702353535” value=”mailto:lars@gmail.com” value=”http://www.1177.se”","","","","","","","","","",,,,,"",,,,"SEEHDSLMObservations.observations.observationBody.participation.patient.person.electronicAddress.value",1,1,"",""
"SEEHDSLMObservations.observations.observationBody.participation.patient.person.electronicAddress.capabilities","SEEHDSLMObservations.observations.observationBody.participation.patient.person.electronicAddress.capabilities","","","",0,*,"","","","https://fhir.inera.se/ig/ehds-tk/StructureDefinition/SEEHDSRivString {[]} {[]}
","Kan användas för telefonnummer för att ange om numret har möjlighet att ta emot röstsamtal, fax eller SMS","Kan användas för telefonnummer för att ange om numret har möjlighet att ta emot röstsamtal, fax eller SMS. Möjliga värden: voice = Numret kan ta emot röstsamtal fax = Numret kan ta emot fax sms = Numret kan ta emot SMS
Tillåtna värden enligt XSD: voice, fax, sms.","","","","","","","","","",,,,,"",,,,"SEEHDSLMObservations.observations.observationBody.participation.patient.person.electronicAddress.capabilities",0,*,"",""
"SEEHDSLMObservations.observations.observationBody.participation.patient.person.electronicAddress.use","SEEHDSLMObservations.observations.observationBody.participation.patient.person.electronicAddress.use","","","",0,*,"","","","https://fhir.inera.se/ig/ehds-tk/StructureDefinition/SEEHDSRivString {[]} {[]}
","Om flera elektroniska adresser anges skiljs de åt via sin användningskod","Om flera elektroniska adresser anges skiljs de åt via sin användningskod. Möjliga värden: H = Används i hemmet/privat HV = Används under semester WP = Används på arbetet/i tjänsten TMP = Används tillfälligt
Tillåtna värden enligt XSD: H, HV, WP, TMP.","","","","","","","","","",,,,,"",,,,"SEEHDSLMObservations.observations.observationBody.participation.patient.person.electronicAddress.use",0,*,"",""
"SEEHDSLMObservations.observations.observationBody.participation.patient.address","SEEHDSLMObservations.observations.observationBody.participation.patient.address","","","",0,*,"","","","BackboneElement {[]} {[]}
","NI 2017 (Patient.adress)","Angivelse av adressinformation för fysisk plats som en person har i sin roll som patient, exempelvis särskild kallelseadress. Se AddressType i avsnitt 6.1.2.2.14.","","","","","","","","","",,,,,"",,,,"SEEHDSLMObservations.observations.observationBody.participation.patient.address",0,*,"","ele-1:All FHIR elements must have a @value or children {hasValue() or (children().count() > id.count())}
"
"SEEHDSLMObservations.observations.observationBody.participation.patient.address.id","SEEHDSLMObservations.observations.observationBody.participation.patient.address.id","","","",0,1,"","","","string {[]} {[]}
","Unique id for inter-element referencing","Unique id for the element within a resource (for internal references). This may be any string value that does not contain spaces.","","","","","","","","","",,,,,"",,,,"Element.id",0,1,"",""
"SEEHDSLMObservations.observations.observationBody.participation.patient.address.extension","SEEHDSLMObservations.observations.observationBody.participation.patient.address.extension","","extensions
user content","",0,*,"","","","Extension {[]} {[]}
","Additional content defined by implementations","May be used to represent additional information that is not part of the basic definition of the element. To make the use of extensions safe and manageable, there is a strict set of governance  applied to the definition and use of extensions. Though any implementer can define an extension, there is a set of requirements that SHALL be met as part of the definition of the extension.","There can be no stigma associated with the use of extensions by any application, project, or standard - regardless of the institution or jurisdiction that uses or defines the extensions.  The use of extensions is what allows the FHIR specification to retain a core level of simplicity for everyone.","","","","","","","","",,,,,"","value:url}
","Extensions are always sliced by (at least) url",,"open","Element.extension",0,*,"","ele-1:All FHIR elements must have a @value or children {hasValue() or (children().count() > id.count())}
ext-1:Must have either extensions or value[x], not both {extension.exists() != value.exists()}"
"SEEHDSLMObservations.observations.observationBody.participation.patient.address.modifierExtension","SEEHDSLMObservations.observations.observationBody.participation.patient.address.modifierExtension","","extensions
user contentmodifiers","",0,*,"","Y","Y","Extension {[]} {[]}
","Extensions that cannot be ignored even if unrecognized","May be used to represent additional information that is not part of the basic definition of the element and that modifies the understanding of the element in which it is contained and/or the understanding of the containing element's descendants. Usually modifier elements provide negation or qualification. To make the use of extensions safe and manageable, there is a strict set of governance applied to the definition and use of extensions. Though any implementer can define an extension, there is a set of requirements that SHALL be met as part of the definition of the extension. Applications processing a resource are required to check for modifier extensions.

Modifier extensions SHALL NOT change the meaning of any elements on Resource or DomainResource (including cannot change the meaning of modifierExtension itself).","There can be no stigma associated with the use of extensions by any application, project, or standard - regardless of the institution or jurisdiction that uses or defines the extensions.  The use of extensions is what allows the FHIR specification to retain a core level of simplicity for everyone.","Modifier extensions allow for extensions that *cannot* be safely ignored to be clearly distinguished from the vast majority of extensions which can be safely ignored.  This promotes interoperability by eliminating the need for implementers to prohibit the presence of extensions. For further information, see the [definition of modifier extensions](http://hl7.org/fhir/R4/extensibility.html#modifierExtension).","","","","","","","",,,,,"",,,,"BackboneElement.modifierExtension",0,*,"","ele-1:All FHIR elements must have a @value or children {hasValue() or (children().count() > id.count())}
ext-1:Must have either extensions or value[x], not both {extension.exists() != value.exists()}"
"SEEHDSLMObservations.observations.observationBody.participation.patient.address.use","SEEHDSLMObservations.observations.observationBody.participation.patient.address.use","","","",0,1,"","","","https://fhir.inera.se/ig/ehds-tk/StructureDefinition/SEEHDSRivString {[]} {[]}
","Om flera adresser anges skiljs de åt via sin användningskod","Om flera adresser anges skiljs de åt via sin användningskod. Den primära/default adressen anges alltid utan användningskod. Möjliga värden: PHYS = Fysisk besöksadress H = Hemadress HV = Semesteradress WP = Adress till arbetsplats TMP = Tillfällig adress När det inte finns en adress med användningskod som matchar syftet med adressanvändningen, väljs den primära adressen.
Tillåtna värden enligt XSD: PHYS, H, HV, WP, TMP.","","","","","","","","","",,,,,"",,,,"SEEHDSLMObservations.observations.observationBody.participation.patient.address.use",0,1,"",""
"SEEHDSLMObservations.observations.observationBody.participation.patient.address.part","SEEHDSLMObservations.observations.observationBody.participation.patient.address.part","","","",1,*,"","","","BackboneElement {[]} {[]}
","Del av adress, exempelvis gatuadress eller postnummer","Del av adress, exempelvis gatuadress eller postnummer.","","","","","","","","","",,,,,"",,,,"SEEHDSLMObservations.observations.observationBody.participation.patient.address.part",1,*,"","ele-1:All FHIR elements must have a @value or children {hasValue() or (children().count() > id.count())}
"
"SEEHDSLMObservations.observations.observationBody.participation.patient.address.part.id","SEEHDSLMObservations.observations.observationBody.participation.patient.address.part.id","","","",0,1,"","","","string {[]} {[]}
","Unique id for inter-element referencing","Unique id for the element within a resource (for internal references). This may be any string value that does not contain spaces.","","","","","","","","","",,,,,"",,,,"Element.id",0,1,"",""
"SEEHDSLMObservations.observations.observationBody.participation.patient.address.part.extension","SEEHDSLMObservations.observations.observationBody.participation.patient.address.part.extension","","extensions
user content","",0,*,"","","","Extension {[]} {[]}
","Additional content defined by implementations","May be used to represent additional information that is not part of the basic definition of the element. To make the use of extensions safe and manageable, there is a strict set of governance  applied to the definition and use of extensions. Though any implementer can define an extension, there is a set of requirements that SHALL be met as part of the definition of the extension.","There can be no stigma associated with the use of extensions by any application, project, or standard - regardless of the institution or jurisdiction that uses or defines the extensions.  The use of extensions is what allows the FHIR specification to retain a core level of simplicity for everyone.","","","","","","","","",,,,,"","value:url}
","Extensions are always sliced by (at least) url",,"open","Element.extension",0,*,"","ele-1:All FHIR elements must have a @value or children {hasValue() or (children().count() > id.count())}
ext-1:Must have either extensions or value[x], not both {extension.exists() != value.exists()}"
"SEEHDSLMObservations.observations.observationBody.participation.patient.address.part.modifierExtension","SEEHDSLMObservations.observations.observationBody.participation.patient.address.part.modifierExtension","","extensions
user contentmodifiers","",0,*,"","Y","Y","Extension {[]} {[]}
","Extensions that cannot be ignored even if unrecognized","May be used to represent additional information that is not part of the basic definition of the element and that modifies the understanding of the element in which it is contained and/or the understanding of the containing element's descendants. Usually modifier elements provide negation or qualification. To make the use of extensions safe and manageable, there is a strict set of governance applied to the definition and use of extensions. Though any implementer can define an extension, there is a set of requirements that SHALL be met as part of the definition of the extension. Applications processing a resource are required to check for modifier extensions.

Modifier extensions SHALL NOT change the meaning of any elements on Resource or DomainResource (including cannot change the meaning of modifierExtension itself).","There can be no stigma associated with the use of extensions by any application, project, or standard - regardless of the institution or jurisdiction that uses or defines the extensions.  The use of extensions is what allows the FHIR specification to retain a core level of simplicity for everyone.","Modifier extensions allow for extensions that *cannot* be safely ignored to be clearly distinguished from the vast majority of extensions which can be safely ignored.  This promotes interoperability by eliminating the need for implementers to prohibit the presence of extensions. For further information, see the [definition of modifier extensions](http://hl7.org/fhir/R4/extensibility.html#modifierExtension).","","","","","","","",,,,,"",,,,"BackboneElement.modifierExtension",0,*,"","ele-1:All FHIR elements must have a @value or children {hasValue() or (children().count() > id.count())}
ext-1:Must have either extensions or value[x], not both {extension.exists() != value.exists()}"
"SEEHDSLMObservations.observations.observationBody.participation.patient.address.part.value","SEEHDSLMObservations.observations.observationBody.participation.patient.address.part.value","","","",1,1,"","","","https://fhir.inera.se/ig/ehds-tk/StructureDefinition/SEEHDSRivString {[]} {[]}
","value","value","","","","","","","","","",,,,,"",,,,"SEEHDSLMObservations.observations.observationBody.participation.patient.address.part.value",1,1,"",""
"SEEHDSLMObservations.observations.observationBody.participation.patient.address.part.type","SEEHDSLMObservations.observations.observationBody.participation.patient.address.part.type","","","",0,1,"","","","https://fhir.inera.se/ig/ehds-tk/StructureDefinition/SEEHDSRivString {[]} {[]}
","type","Tillåtna värden enligt XSD: SAL, CAR, CEN, CNT, CPA, CTY, ZIP, POB, PRE.","","","","","","","","","",,,,,"",,,,"SEEHDSLMObservations.observations.observationBody.participation.patient.address.part.type",0,1,"",""
"SEEHDSLMObservations.observations.observationBody.participation.patient.electronicAddress","SEEHDSLMObservations.observations.observationBody.participation.patient.electronicAddress","","","",0,*,"","","","BackboneElement {[]} {[]}
","NI 2017 (Patient.elektroniskAdress)","Angivelse av elektronisk adressinformation som en person har i sin roll som patient. Här avses även telefonnummer. Exempel är särskilt telefonnummer till telemedicinutrustning. Se TelType i avsnitt 6.1.2.2.15.","","","","","","","","","",,,,,"",,,,"SEEHDSLMObservations.observations.observationBody.participation.patient.electronicAddress",0,*,"","ele-1:All FHIR elements must have a @value or children {hasValue() or (children().count() > id.count())}
"
"SEEHDSLMObservations.observations.observationBody.participation.patient.electronicAddress.id","SEEHDSLMObservations.observations.observationBody.participation.patient.electronicAddress.id","","","",0,1,"","","","string {[]} {[]}
","Unique id for inter-element referencing","Unique id for the element within a resource (for internal references). This may be any string value that does not contain spaces.","","","","","","","","","",,,,,"",,,,"Element.id",0,1,"",""
"SEEHDSLMObservations.observations.observationBody.participation.patient.electronicAddress.extension","SEEHDSLMObservations.observations.observationBody.participation.patient.electronicAddress.extension","","extensions
user content","",0,*,"","","","Extension {[]} {[]}
","Additional content defined by implementations","May be used to represent additional information that is not part of the basic definition of the element. To make the use of extensions safe and manageable, there is a strict set of governance  applied to the definition and use of extensions. Though any implementer can define an extension, there is a set of requirements that SHALL be met as part of the definition of the extension.","There can be no stigma associated with the use of extensions by any application, project, or standard - regardless of the institution or jurisdiction that uses or defines the extensions.  The use of extensions is what allows the FHIR specification to retain a core level of simplicity for everyone.","","","","","","","","",,,,,"","value:url}
","Extensions are always sliced by (at least) url",,"open","Element.extension",0,*,"","ele-1:All FHIR elements must have a @value or children {hasValue() or (children().count() > id.count())}
ext-1:Must have either extensions or value[x], not both {extension.exists() != value.exists()}"
"SEEHDSLMObservations.observations.observationBody.participation.patient.electronicAddress.modifierExtension","SEEHDSLMObservations.observations.observationBody.participation.patient.electronicAddress.modifierExtension","","extensions
user contentmodifiers","",0,*,"","Y","Y","Extension {[]} {[]}
","Extensions that cannot be ignored even if unrecognized","May be used to represent additional information that is not part of the basic definition of the element and that modifies the understanding of the element in which it is contained and/or the understanding of the containing element's descendants. Usually modifier elements provide negation or qualification. To make the use of extensions safe and manageable, there is a strict set of governance applied to the definition and use of extensions. Though any implementer can define an extension, there is a set of requirements that SHALL be met as part of the definition of the extension. Applications processing a resource are required to check for modifier extensions.

Modifier extensions SHALL NOT change the meaning of any elements on Resource or DomainResource (including cannot change the meaning of modifierExtension itself).","There can be no stigma associated with the use of extensions by any application, project, or standard - regardless of the institution or jurisdiction that uses or defines the extensions.  The use of extensions is what allows the FHIR specification to retain a core level of simplicity for everyone.","Modifier extensions allow for extensions that *cannot* be safely ignored to be clearly distinguished from the vast majority of extensions which can be safely ignored.  This promotes interoperability by eliminating the need for implementers to prohibit the presence of extensions. For further information, see the [definition of modifier extensions](http://hl7.org/fhir/R4/extensibility.html#modifierExtension).","","","","","","","",,,,,"",,,,"BackboneElement.modifierExtension",0,*,"","ele-1:All FHIR elements must have a @value or children {hasValue() or (children().count() > id.count())}
ext-1:Must have either extensions or value[x], not both {extension.exists() != value.exists()}"
"SEEHDSLMObservations.observations.observationBody.participation.patient.electronicAddress.value","SEEHDSLMObservations.observations.observationBody.participation.patient.electronicAddress.value","","","",1,1,"","","","https://fhir.inera.se/ig/ehds-tk/StructureDefinition/SEEHDSRivAnyURI {[]} {[]}
","Elektronisk adress, t.ex.","Elektronisk adress, t.ex. e-mail eller telefonnummer. Anges i form av en URI inklusive prefix som anger protokoll. Telefonnummer anges med prefixet ”tel:”, e-mailadresser med ”mailto:” och webbsidor med ”http:” eller ”https:”. Exempel: value=”tel:+46702353535” value=”mailto:lars@gmail.com” value=”http://www.1177.se”","","","","","","","","","",,,,,"",,,,"SEEHDSLMObservations.observations.observationBody.participation.patient.electronicAddress.value",1,1,"",""
"SEEHDSLMObservations.observations.observationBody.participation.patient.electronicAddress.capabilities","SEEHDSLMObservations.observations.observationBody.participation.patient.electronicAddress.capabilities","","","",0,*,"","","","https://fhir.inera.se/ig/ehds-tk/StructureDefinition/SEEHDSRivString {[]} {[]}
","Kan användas för telefonnummer för att ange om numret har möjlighet att ta emot röstsamtal, fax eller SMS","Kan användas för telefonnummer för att ange om numret har möjlighet att ta emot röstsamtal, fax eller SMS. Möjliga värden: voice = Numret kan ta emot röstsamtal fax = Numret kan ta emot fax sms = Numret kan ta emot SMS
Tillåtna värden enligt XSD: voice, fax, sms.","","","","","","","","","",,,,,"",,,,"SEEHDSLMObservations.observations.observationBody.participation.patient.electronicAddress.capabilities",0,*,"",""
"SEEHDSLMObservations.observations.observationBody.participation.patient.electronicAddress.use","SEEHDSLMObservations.observations.observationBody.participation.patient.electronicAddress.use","","","",0,*,"","","","https://fhir.inera.se/ig/ehds-tk/StructureDefinition/SEEHDSRivString {[]} {[]}
","Om flera elektroniska adresser anges skiljs de åt via sin användningskod","Om flera elektroniska adresser anges skiljs de åt via sin användningskod. Möjliga värden: H = Används i hemmet/privat HV = Används under semester WP = Används på arbetet/i tjänsten TMP = Används tillfälligt
Tillåtna värden enligt XSD: H, HV, WP, TMP.","","","","","","","","","",,,,,"",,,,"SEEHDSLMObservations.observations.observationBody.participation.patient.electronicAddress.use",0,*,"",""
"SEEHDSLMObservations.observations.observationBody.participation.otherPerson","SEEHDSLMObservations.observations.observationBody.participation.otherPerson","","","",0,1,"","","","BackboneElement {[]} {[]}
","Övrig person — ej patienten eller hälso- och sjukvårdspersonal (OtherPersonType).","Fält: type (1..1, CVType), person (1..1, PersonType), organisation (0..1, OrganisationType).","","","","","","","","","",,,,,"",,,,"SEEHDSLMObservations.observations.observationBody.participation.otherPerson",0,1,"","ele-1:All FHIR elements must have a @value or children {hasValue() or (children().count() > id.count())}
"
"SEEHDSLMObservations.observations.observationBody.participation.otherPerson.id","SEEHDSLMObservations.observations.observationBody.participation.otherPerson.id","","","",0,1,"","","","string {[]} {[]}
","Unique id for inter-element referencing","Unique id for the element within a resource (for internal references). This may be any string value that does not contain spaces.","","","","","","","","","",,,,,"",,,,"Element.id",0,1,"",""
"SEEHDSLMObservations.observations.observationBody.participation.otherPerson.extension","SEEHDSLMObservations.observations.observationBody.participation.otherPerson.extension","","extensions
user content","",0,*,"","","","Extension {[]} {[]}
","Additional content defined by implementations","May be used to represent additional information that is not part of the basic definition of the element. To make the use of extensions safe and manageable, there is a strict set of governance  applied to the definition and use of extensions. Though any implementer can define an extension, there is a set of requirements that SHALL be met as part of the definition of the extension.","There can be no stigma associated with the use of extensions by any application, project, or standard - regardless of the institution or jurisdiction that uses or defines the extensions.  The use of extensions is what allows the FHIR specification to retain a core level of simplicity for everyone.","","","","","","","","",,,,,"","value:url}
","Extensions are always sliced by (at least) url",,"open","Element.extension",0,*,"","ele-1:All FHIR elements must have a @value or children {hasValue() or (children().count() > id.count())}
ext-1:Must have either extensions or value[x], not both {extension.exists() != value.exists()}"
"SEEHDSLMObservations.observations.observationBody.participation.otherPerson.modifierExtension","SEEHDSLMObservations.observations.observationBody.participation.otherPerson.modifierExtension","","extensions
user contentmodifiers","",0,*,"","Y","Y","Extension {[]} {[]}
","Extensions that cannot be ignored even if unrecognized","May be used to represent additional information that is not part of the basic definition of the element and that modifies the understanding of the element in which it is contained and/or the understanding of the containing element's descendants. Usually modifier elements provide negation or qualification. To make the use of extensions safe and manageable, there is a strict set of governance applied to the definition and use of extensions. Though any implementer can define an extension, there is a set of requirements that SHALL be met as part of the definition of the extension. Applications processing a resource are required to check for modifier extensions.

Modifier extensions SHALL NOT change the meaning of any elements on Resource or DomainResource (including cannot change the meaning of modifierExtension itself).","There can be no stigma associated with the use of extensions by any application, project, or standard - regardless of the institution or jurisdiction that uses or defines the extensions.  The use of extensions is what allows the FHIR specification to retain a core level of simplicity for everyone.","Modifier extensions allow for extensions that *cannot* be safely ignored to be clearly distinguished from the vast majority of extensions which can be safely ignored.  This promotes interoperability by eliminating the need for implementers to prohibit the presence of extensions. For further information, see the [definition of modifier extensions](http://hl7.org/fhir/R4/extensibility.html#modifierExtension).","","","","","","","",,,,,"",,,,"BackboneElement.modifierExtension",0,*,"","ele-1:All FHIR elements must have a @value or children {hasValue() or (children().count() > id.count())}
ext-1:Must have either extensions or value[x], not both {extension.exists() != value.exists()}"
"SEEHDSLMObservations.observations.observationBody.participation.otherPerson.type","SEEHDSLMObservations.observations.observationBody.participation.otherPerson.type","","","",1,1,"","","","https://fhir.inera.se/ig/ehds-tk/StructureDefinition/SEEHDSRivCVTypeHealthcondBasic2 {[]} {[]}
","NI 2017 (Annan person.typ)","Kod för den typ av annan person som avses, exempelvis anhörig eller företrädare.","","","","","","","","","",,,,,"",,,,"SEEHDSLMObservations.observations.observationBody.participation.otherPerson.type",1,1,"",""
"SEEHDSLMObservations.observations.observationBody.participation.otherPerson.person","SEEHDSLMObservations.observations.observationBody.participation.otherPerson.person","","","",1,1,"","","","BackboneElement {[]} {[]}
","Uppgifter om den person som har rollen som annan person","Uppgifter om den person som har rollen som annan person. Se övrig regel 3, avsnitt 6.1.3.3. Se PersonType i avsnitt 6.1.2.2.8.","","","","","","","","","",,,,,"",,,,"SEEHDSLMObservations.observations.observationBody.participation.otherPerson.person",1,1,"","ele-1:All FHIR elements must have a @value or children {hasValue() or (children().count() > id.count())}
"
"SEEHDSLMObservations.observations.observationBody.participation.otherPerson.person.id","SEEHDSLMObservations.observations.observationBody.participation.otherPerson.person.id","","","",0,1,"","","","string {[]} {[]}
","Unique id for inter-element referencing","Unique id for the element within a resource (for internal references). This may be any string value that does not contain spaces.","","","","","","","","","",,,,,"",,,,"Element.id",0,1,"",""
"SEEHDSLMObservations.observations.observationBody.participation.otherPerson.person.extension","SEEHDSLMObservations.observations.observationBody.participation.otherPerson.person.extension","","extensions
user content","",0,*,"","","","Extension {[]} {[]}
","Additional content defined by implementations","May be used to represent additional information that is not part of the basic definition of the element. To make the use of extensions safe and manageable, there is a strict set of governance  applied to the definition and use of extensions. Though any implementer can define an extension, there is a set of requirements that SHALL be met as part of the definition of the extension.","There can be no stigma associated with the use of extensions by any application, project, or standard - regardless of the institution or jurisdiction that uses or defines the extensions.  The use of extensions is what allows the FHIR specification to retain a core level of simplicity for everyone.","","","","","","","","",,,,,"","value:url}
","Extensions are always sliced by (at least) url",,"open","Element.extension",0,*,"","ele-1:All FHIR elements must have a @value or children {hasValue() or (children().count() > id.count())}
ext-1:Must have either extensions or value[x], not both {extension.exists() != value.exists()}"
"SEEHDSLMObservations.observations.observationBody.participation.otherPerson.person.modifierExtension","SEEHDSLMObservations.observations.observationBody.participation.otherPerson.person.modifierExtension","","extensions
user contentmodifiers","",0,*,"","Y","Y","Extension {[]} {[]}
","Extensions that cannot be ignored even if unrecognized","May be used to represent additional information that is not part of the basic definition of the element and that modifies the understanding of the element in which it is contained and/or the understanding of the containing element's descendants. Usually modifier elements provide negation or qualification. To make the use of extensions safe and manageable, there is a strict set of governance applied to the definition and use of extensions. Though any implementer can define an extension, there is a set of requirements that SHALL be met as part of the definition of the extension. Applications processing a resource are required to check for modifier extensions.

Modifier extensions SHALL NOT change the meaning of any elements on Resource or DomainResource (including cannot change the meaning of modifierExtension itself).","There can be no stigma associated with the use of extensions by any application, project, or standard - regardless of the institution or jurisdiction that uses or defines the extensions.  The use of extensions is what allows the FHIR specification to retain a core level of simplicity for everyone.","Modifier extensions allow for extensions that *cannot* be safely ignored to be clearly distinguished from the vast majority of extensions which can be safely ignored.  This promotes interoperability by eliminating the need for implementers to prohibit the presence of extensions. For further information, see the [definition of modifier extensions](http://hl7.org/fhir/R4/extensibility.html#modifierExtension).","","","","","","","",,,,,"",,,,"BackboneElement.modifierExtension",0,*,"","ele-1:All FHIR elements must have a @value or children {hasValue() or (children().count() > id.count())}
ext-1:Must have either extensions or value[x], not both {extension.exists() != value.exists()}"
"SEEHDSLMObservations.observations.observationBody.participation.otherPerson.person.rivId","SEEHDSLMObservations.observations.observationBody.participation.otherPerson.person.rivId","","","",0,1,"","","","https://fhir.inera.se/ig/ehds-tk/StructureDefinition/SEEHDSRivIITypeHealthcondBasic2 {[]} {[]}
","Id för personen i form av personnummer eller samordningsnummer","Id för personen i form av personnummer eller samordningsnummer. Skall anges med 12 tecken utan avskiljare.","","","","","","","","","",,,,,"",,,,"SEEHDSLMObservations.observations.observationBody.participation.otherPerson.person.rivId",0,1,"",""
"SEEHDSLMObservations.observations.observationBody.participation.otherPerson.person.givenName","SEEHDSLMObservations.observations.observationBody.participation.otherPerson.person.givenName","","","",0,*,"","","","https://fhir.inera.se/ig/ehds-tk/StructureDefinition/SEEHDSRivString {[]} {[]}
","NI 2017 (Person.förnamn)","Angivelse av förnamn, som är en persons givna namn och inkluderar tilltalsnamn.","","","","","","","","","",,,,,"",,,,"SEEHDSLMObservations.observations.observationBody.participation.otherPerson.person.givenName",0,*,"",""
"SEEHDSLMObservations.observations.observationBody.participation.otherPerson.person.middleSurname","SEEHDSLMObservations.observations.observationBody.participation.otherPerson.person.middleSurname","","","",0,1,"","","","https://fhir.inera.se/ig/ehds-tk/StructureDefinition/SEEHDSRivString {[]} {[]}
","NI 2017 (Person.mellannamn)","Angivelse av mellannamn, som är ett namn som kan bäras för att visa gemenskap med en förälder eller en make som bär detta namn som efternamn. Man kan också bära ett eget tidigare efternamn som mellannamn om man bytt till makes eller registrerade partners efternamn.","","","","","","","","","",,,,,"",,,,"SEEHDSLMObservations.observations.observationBody.participation.otherPerson.person.middleSurname",0,1,"",""
"SEEHDSLMObservations.observations.observationBody.participation.otherPerson.person.surname","SEEHDSLMObservations.observations.observationBody.participation.otherPerson.person.surname","","","",0,1,"","","","https://fhir.inera.se/ig/ehds-tk/StructureDefinition/SEEHDSRivString {[]} {[]}
","NI 2017 (Person.efternamn)","Angivelse av efternamn, som är en persons familjenamn eller släktnamn.","","","","","","","","","",,,,,"",,,,"SEEHDSLMObservations.observations.observationBody.participation.otherPerson.person.surname",0,1,"",""
"SEEHDSLMObservations.observations.observationBody.participation.otherPerson.person.givenNameMarker","SEEHDSLMObservations.observations.observationBody.participation.otherPerson.person.givenNameMarker","","","",0,1,"","","","https://fhir.inera.se/ig/ehds-tk/StructureDefinition/SEEHDSRivInteger {[]} {[]}
","NI 2017 (Person.tilltalsnamnsmarkering)","Angivelse av tilltalsnamnsmarkering, som används för att markera vilket av de angivna förnamnen som är personens tilltalsnamn. Giltiga värden är 10-99 där den första siffran anger vilket av de angivna förnamnen som är tilltalsnamnet (1 motsvarar första namnet osv.) och den andra siffran anger det eventuella andra tilltalsnamnet om dubbelnamn är aktuellt. Om inte är den andra siffran 0.","","","","","","","","","",,,,,"",,,,"SEEHDSLMObservations.observations.observationBody.participation.otherPerson.person.givenNameMarker",0,1,"",""
"SEEHDSLMObservations.observations.observationBody.participation.otherPerson.person.gender","SEEHDSLMObservations.observations.observationBody.participation.otherPerson.person.gender","","","",0,1,"","","","https://fhir.inera.se/ig/ehds-tk/StructureDefinition/SEEHDSRivCVTypeHealthcondBasic2 {[]} {[]}
","NI 2017 (Person.kön)","Angivelse av vilket kön personen har enligt folkbokföringen.","","","","","","","","","",,,,,"",,,,"SEEHDSLMObservations.observations.observationBody.participation.otherPerson.person.gender",0,1,"",""
"SEEHDSLMObservations.observations.observationBody.participation.otherPerson.person.dateOfBirth","SEEHDSLMObservations.observations.observationBody.participation.otherPerson.person.dateOfBirth","","","",0,1,"","","","https://fhir.inera.se/ig/ehds-tk/StructureDefinition/SEEHDSRivDate {[]} {[]}
","NI 2017 (Person.födelsedatum)","Angivelse av vilket datum personen är född. Ett datum på formatet ÅÅÅÅMMDD. Observera att det är födelsedatumet och inte personnumret.
Format enligt XSD (DateType): ÅÅÅÅMMDD.","","","","","","","","","",,,,,"",,,,"SEEHDSLMObservations.observations.observationBody.participation.otherPerson.person.dateOfBirth",0,1,"",""
"SEEHDSLMObservations.observations.observationBody.participation.otherPerson.person.confidentialityIndicator","SEEHDSLMObservations.observations.observationBody.participation.otherPerson.person.confidentialityIndicator","","","",1,1,"","","","https://fhir.inera.se/ig/ehds-tk/StructureDefinition/SEEHDSRivBoolean {[]} {[]}
","NI 2017 (Person.sekretessmarkering)","Angivelse av sekretessmarkering enligt Skatteverket. Defaultvärde är ”false”. Defaultvärdet ska automatiskt användas om inget annat värde anges.","","","","","","","","","",,,,,"",,,,"SEEHDSLMObservations.observations.observationBody.participation.otherPerson.person.confidentialityIndicator",1,1,"",""
"SEEHDSLMObservations.observations.observationBody.participation.otherPerson.person.maritalStatus","SEEHDSLMObservations.observations.observationBody.participation.otherPerson.person.maritalStatus","","","",0,1,"","","","https://fhir.inera.se/ig/ehds-tk/StructureDefinition/SEEHDSRivCVTypeHealthcondBasic2 {[]} {[]}
","NI 2017 (Person.civilstånd)","Angivelse av personens civilstånd.","","","","","","","","","",,,,,"",,,,"SEEHDSLMObservations.observations.observationBody.participation.otherPerson.person.maritalStatus",0,1,"",""
"SEEHDSLMObservations.observations.observationBody.participation.otherPerson.person.address","SEEHDSLMObservations.observations.observationBody.participation.otherPerson.person.address","","","",0,*,"","","","BackboneElement {[]} {[]}
","NI 2017 (Person.adress)","Angivelse av adressinformation för fysisk plats för en person, exempelvis bostadsadress eller tillfällig adress. Se AddressType i avsnitt 6.1.2.2.14.","","","","","","","","","",,,,,"",,,,"SEEHDSLMObservations.observations.observationBody.participation.otherPerson.person.address",0,*,"","ele-1:All FHIR elements must have a @value or children {hasValue() or (children().count() > id.count())}
"
"SEEHDSLMObservations.observations.observationBody.participation.otherPerson.person.address.id","SEEHDSLMObservations.observations.observationBody.participation.otherPerson.person.address.id","","","",0,1,"","","","string {[]} {[]}
","Unique id for inter-element referencing","Unique id for the element within a resource (for internal references). This may be any string value that does not contain spaces.","","","","","","","","","",,,,,"",,,,"Element.id",0,1,"",""
"SEEHDSLMObservations.observations.observationBody.participation.otherPerson.person.address.extension","SEEHDSLMObservations.observations.observationBody.participation.otherPerson.person.address.extension","","extensions
user content","",0,*,"","","","Extension {[]} {[]}
","Additional content defined by implementations","May be used to represent additional information that is not part of the basic definition of the element. To make the use of extensions safe and manageable, there is a strict set of governance  applied to the definition and use of extensions. Though any implementer can define an extension, there is a set of requirements that SHALL be met as part of the definition of the extension.","There can be no stigma associated with the use of extensions by any application, project, or standard - regardless of the institution or jurisdiction that uses or defines the extensions.  The use of extensions is what allows the FHIR specification to retain a core level of simplicity for everyone.","","","","","","","","",,,,,"","value:url}
","Extensions are always sliced by (at least) url",,"open","Element.extension",0,*,"","ele-1:All FHIR elements must have a @value or children {hasValue() or (children().count() > id.count())}
ext-1:Must have either extensions or value[x], not both {extension.exists() != value.exists()}"
"SEEHDSLMObservations.observations.observationBody.participation.otherPerson.person.address.modifierExtension","SEEHDSLMObservations.observations.observationBody.participation.otherPerson.person.address.modifierExtension","","extensions
user contentmodifiers","",0,*,"","Y","Y","Extension {[]} {[]}
","Extensions that cannot be ignored even if unrecognized","May be used to represent additional information that is not part of the basic definition of the element and that modifies the understanding of the element in which it is contained and/or the understanding of the containing element's descendants. Usually modifier elements provide negation or qualification. To make the use of extensions safe and manageable, there is a strict set of governance applied to the definition and use of extensions. Though any implementer can define an extension, there is a set of requirements that SHALL be met as part of the definition of the extension. Applications processing a resource are required to check for modifier extensions.

Modifier extensions SHALL NOT change the meaning of any elements on Resource or DomainResource (including cannot change the meaning of modifierExtension itself).","There can be no stigma associated with the use of extensions by any application, project, or standard - regardless of the institution or jurisdiction that uses or defines the extensions.  The use of extensions is what allows the FHIR specification to retain a core level of simplicity for everyone.","Modifier extensions allow for extensions that *cannot* be safely ignored to be clearly distinguished from the vast majority of extensions which can be safely ignored.  This promotes interoperability by eliminating the need for implementers to prohibit the presence of extensions. For further information, see the [definition of modifier extensions](http://hl7.org/fhir/R4/extensibility.html#modifierExtension).","","","","","","","",,,,,"",,,,"BackboneElement.modifierExtension",0,*,"","ele-1:All FHIR elements must have a @value or children {hasValue() or (children().count() > id.count())}
ext-1:Must have either extensions or value[x], not both {extension.exists() != value.exists()}"
"SEEHDSLMObservations.observations.observationBody.participation.otherPerson.person.address.use","SEEHDSLMObservations.observations.observationBody.participation.otherPerson.person.address.use","","","",0,1,"","","","https://fhir.inera.se/ig/ehds-tk/StructureDefinition/SEEHDSRivString {[]} {[]}
","Om flera adresser anges skiljs de åt via sin användningskod","Om flera adresser anges skiljs de åt via sin användningskod. Den primära/default adressen anges alltid utan användningskod. Möjliga värden: PHYS = Fysisk besöksadress H = Hemadress HV = Semesteradress WP = Adress till arbetsplats TMP = Tillfällig adress När det inte finns en adress med användningskod som matchar syftet med adressanvändningen, väljs den primära adressen.
Tillåtna värden enligt XSD: PHYS, H, HV, WP, TMP.","","","","","","","","","",,,,,"",,,,"SEEHDSLMObservations.observations.observationBody.participation.otherPerson.person.address.use",0,1,"",""
"SEEHDSLMObservations.observations.observationBody.participation.otherPerson.person.address.part","SEEHDSLMObservations.observations.observationBody.participation.otherPerson.person.address.part","","","",1,*,"","","","BackboneElement {[]} {[]}
","Del av adress, exempelvis gatuadress eller postnummer","Del av adress, exempelvis gatuadress eller postnummer.","","","","","","","","","",,,,,"",,,,"SEEHDSLMObservations.observations.observationBody.participation.otherPerson.person.address.part",1,*,"","ele-1:All FHIR elements must have a @value or children {hasValue() or (children().count() > id.count())}
"
"SEEHDSLMObservations.observations.observationBody.participation.otherPerson.person.address.part.id","SEEHDSLMObservations.observations.observationBody.participation.otherPerson.person.address.part.id","","","",0,1,"","","","string {[]} {[]}
","Unique id for inter-element referencing","Unique id for the element within a resource (for internal references). This may be any string value that does not contain spaces.","","","","","","","","","",,,,,"",,,,"Element.id",0,1,"",""
"SEEHDSLMObservations.observations.observationBody.participation.otherPerson.person.address.part.extension","SEEHDSLMObservations.observations.observationBody.participation.otherPerson.person.address.part.extension","","extensions
user content","",0,*,"","","","Extension {[]} {[]}
","Additional content defined by implementations","May be used to represent additional information that is not part of the basic definition of the element. To make the use of extensions safe and manageable, there is a strict set of governance  applied to the definition and use of extensions. Though any implementer can define an extension, there is a set of requirements that SHALL be met as part of the definition of the extension.","There can be no stigma associated with the use of extensions by any application, project, or standard - regardless of the institution or jurisdiction that uses or defines the extensions.  The use of extensions is what allows the FHIR specification to retain a core level of simplicity for everyone.","","","","","","","","",,,,,"","value:url}
","Extensions are always sliced by (at least) url",,"open","Element.extension",0,*,"","ele-1:All FHIR elements must have a @value or children {hasValue() or (children().count() > id.count())}
ext-1:Must have either extensions or value[x], not both {extension.exists() != value.exists()}"
"SEEHDSLMObservations.observations.observationBody.participation.otherPerson.person.address.part.modifierExtension","SEEHDSLMObservations.observations.observationBody.participation.otherPerson.person.address.part.modifierExtension","","extensions
user contentmodifiers","",0,*,"","Y","Y","Extension {[]} {[]}
","Extensions that cannot be ignored even if unrecognized","May be used to represent additional information that is not part of the basic definition of the element and that modifies the understanding of the element in which it is contained and/or the understanding of the containing element's descendants. Usually modifier elements provide negation or qualification. To make the use of extensions safe and manageable, there is a strict set of governance applied to the definition and use of extensions. Though any implementer can define an extension, there is a set of requirements that SHALL be met as part of the definition of the extension. Applications processing a resource are required to check for modifier extensions.

Modifier extensions SHALL NOT change the meaning of any elements on Resource or DomainResource (including cannot change the meaning of modifierExtension itself).","There can be no stigma associated with the use of extensions by any application, project, or standard - regardless of the institution or jurisdiction that uses or defines the extensions.  The use of extensions is what allows the FHIR specification to retain a core level of simplicity for everyone.","Modifier extensions allow for extensions that *cannot* be safely ignored to be clearly distinguished from the vast majority of extensions which can be safely ignored.  This promotes interoperability by eliminating the need for implementers to prohibit the presence of extensions. For further information, see the [definition of modifier extensions](http://hl7.org/fhir/R4/extensibility.html#modifierExtension).","","","","","","","",,,,,"",,,,"BackboneElement.modifierExtension",0,*,"","ele-1:All FHIR elements must have a @value or children {hasValue() or (children().count() > id.count())}
ext-1:Must have either extensions or value[x], not both {extension.exists() != value.exists()}"
"SEEHDSLMObservations.observations.observationBody.participation.otherPerson.person.address.part.value","SEEHDSLMObservations.observations.observationBody.participation.otherPerson.person.address.part.value","","","",1,1,"","","","https://fhir.inera.se/ig/ehds-tk/StructureDefinition/SEEHDSRivString {[]} {[]}
","value","value","","","","","","","","","",,,,,"",,,,"SEEHDSLMObservations.observations.observationBody.participation.otherPerson.person.address.part.value",1,1,"",""
"SEEHDSLMObservations.observations.observationBody.participation.otherPerson.person.address.part.type","SEEHDSLMObservations.observations.observationBody.participation.otherPerson.person.address.part.type","","","",0,1,"","","","https://fhir.inera.se/ig/ehds-tk/StructureDefinition/SEEHDSRivString {[]} {[]}
","type","Tillåtna värden enligt XSD: SAL, CAR, CEN, CNT, CPA, CTY, ZIP, POB, PRE.","","","","","","","","","",,,,,"",,,,"SEEHDSLMObservations.observations.observationBody.participation.otherPerson.person.address.part.type",0,1,"",""
"SEEHDSLMObservations.observations.observationBody.participation.otherPerson.person.electronicAddress","SEEHDSLMObservations.observations.observationBody.participation.otherPerson.person.electronicAddress","","","",0,*,"","","","BackboneElement {[]} {[]}
","NI 2017 (Person.elektroniskAdress)","Angivelse av elektronisk adressinformation som en person har. Här avses även telefonnummer. Exempel är telefonnummer eller e-postadress. Se TelType i avsnitt 6.1.2.2.15.","","","","","","","","","",,,,,"",,,,"SEEHDSLMObservations.observations.observationBody.participation.otherPerson.person.electronicAddress",0,*,"","ele-1:All FHIR elements must have a @value or children {hasValue() or (children().count() > id.count())}
"
"SEEHDSLMObservations.observations.observationBody.participation.otherPerson.person.electronicAddress.id","SEEHDSLMObservations.observations.observationBody.participation.otherPerson.person.electronicAddress.id","","","",0,1,"","","","string {[]} {[]}
","Unique id for inter-element referencing","Unique id for the element within a resource (for internal references). This may be any string value that does not contain spaces.","","","","","","","","","",,,,,"",,,,"Element.id",0,1,"",""
"SEEHDSLMObservations.observations.observationBody.participation.otherPerson.person.electronicAddress.extension","SEEHDSLMObservations.observations.observationBody.participation.otherPerson.person.electronicAddress.extension","","extensions
user content","",0,*,"","","","Extension {[]} {[]}
","Additional content defined by implementations","May be used to represent additional information that is not part of the basic definition of the element. To make the use of extensions safe and manageable, there is a strict set of governance  applied to the definition and use of extensions. Though any implementer can define an extension, there is a set of requirements that SHALL be met as part of the definition of the extension.","There can be no stigma associated with the use of extensions by any application, project, or standard - regardless of the institution or jurisdiction that uses or defines the extensions.  The use of extensions is what allows the FHIR specification to retain a core level of simplicity for everyone.","","","","","","","","",,,,,"","value:url}
","Extensions are always sliced by (at least) url",,"open","Element.extension",0,*,"","ele-1:All FHIR elements must have a @value or children {hasValue() or (children().count() > id.count())}
ext-1:Must have either extensions or value[x], not both {extension.exists() != value.exists()}"
"SEEHDSLMObservations.observations.observationBody.participation.otherPerson.person.electronicAddress.modifierExtension","SEEHDSLMObservations.observations.observationBody.participation.otherPerson.person.electronicAddress.modifierExtension","","extensions
user contentmodifiers","",0,*,"","Y","Y","Extension {[]} {[]}
","Extensions that cannot be ignored even if unrecognized","May be used to represent additional information that is not part of the basic definition of the element and that modifies the understanding of the element in which it is contained and/or the understanding of the containing element's descendants. Usually modifier elements provide negation or qualification. To make the use of extensions safe and manageable, there is a strict set of governance applied to the definition and use of extensions. Though any implementer can define an extension, there is a set of requirements that SHALL be met as part of the definition of the extension. Applications processing a resource are required to check for modifier extensions.

Modifier extensions SHALL NOT change the meaning of any elements on Resource or DomainResource (including cannot change the meaning of modifierExtension itself).","There can be no stigma associated with the use of extensions by any application, project, or standard - regardless of the institution or jurisdiction that uses or defines the extensions.  The use of extensions is what allows the FHIR specification to retain a core level of simplicity for everyone.","Modifier extensions allow for extensions that *cannot* be safely ignored to be clearly distinguished from the vast majority of extensions which can be safely ignored.  This promotes interoperability by eliminating the need for implementers to prohibit the presence of extensions. For further information, see the [definition of modifier extensions](http://hl7.org/fhir/R4/extensibility.html#modifierExtension).","","","","","","","",,,,,"",,,,"BackboneElement.modifierExtension",0,*,"","ele-1:All FHIR elements must have a @value or children {hasValue() or (children().count() > id.count())}
ext-1:Must have either extensions or value[x], not both {extension.exists() != value.exists()}"
"SEEHDSLMObservations.observations.observationBody.participation.otherPerson.person.electronicAddress.value","SEEHDSLMObservations.observations.observationBody.participation.otherPerson.person.electronicAddress.value","","","",1,1,"","","","https://fhir.inera.se/ig/ehds-tk/StructureDefinition/SEEHDSRivAnyURI {[]} {[]}
","Elektronisk adress, t.ex.","Elektronisk adress, t.ex. e-mail eller telefonnummer. Anges i form av en URI inklusive prefix som anger protokoll. Telefonnummer anges med prefixet ”tel:”, e-mailadresser med ”mailto:” och webbsidor med ”http:” eller ”https:”. Exempel: value=”tel:+46702353535” value=”mailto:lars@gmail.com” value=”http://www.1177.se”","","","","","","","","","",,,,,"",,,,"SEEHDSLMObservations.observations.observationBody.participation.otherPerson.person.electronicAddress.value",1,1,"",""
"SEEHDSLMObservations.observations.observationBody.participation.otherPerson.person.electronicAddress.capabilities","SEEHDSLMObservations.observations.observationBody.participation.otherPerson.person.electronicAddress.capabilities","","","",0,*,"","","","https://fhir.inera.se/ig/ehds-tk/StructureDefinition/SEEHDSRivString {[]} {[]}
","Kan användas för telefonnummer för att ange om numret har möjlighet att ta emot röstsamtal, fax eller SMS","Kan användas för telefonnummer för att ange om numret har möjlighet att ta emot röstsamtal, fax eller SMS. Möjliga värden: voice = Numret kan ta emot röstsamtal fax = Numret kan ta emot fax sms = Numret kan ta emot SMS
Tillåtna värden enligt XSD: voice, fax, sms.","","","","","","","","","",,,,,"",,,,"SEEHDSLMObservations.observations.observationBody.participation.otherPerson.person.electronicAddress.capabilities",0,*,"",""
"SEEHDSLMObservations.observations.observationBody.participation.otherPerson.person.electronicAddress.use","SEEHDSLMObservations.observations.observationBody.participation.otherPerson.person.electronicAddress.use","","","",0,*,"","","","https://fhir.inera.se/ig/ehds-tk/StructureDefinition/SEEHDSRivString {[]} {[]}
","Om flera elektroniska adresser anges skiljs de åt via sin användningskod","Om flera elektroniska adresser anges skiljs de åt via sin användningskod. Möjliga värden: H = Används i hemmet/privat HV = Används under semester WP = Används på arbetet/i tjänsten TMP = Används tillfälligt
Tillåtna värden enligt XSD: H, HV, WP, TMP.","","","","","","","","","",,,,,"",,,,"SEEHDSLMObservations.observations.observationBody.participation.otherPerson.person.electronicAddress.use",0,*,"",""
"SEEHDSLMObservations.observations.observationBody.participation.otherPerson.organisation","SEEHDSLMObservations.observations.observationBody.participation.otherPerson.organisation","","","",0,1,"","","","BackboneElement {[]} {[]}
","Den organisation som personen har uppdrag för","Den organisation som personen har uppdrag för. Se OrganisationType i avsnitt 6.1.2.2.13.","","","","","","","","","",,,,,"",,,,"SEEHDSLMObservations.observations.observationBody.participation.otherPerson.organisation",0,1,"","ele-1:All FHIR elements must have a @value or children {hasValue() or (children().count() > id.count())}
"
"SEEHDSLMObservations.observations.observationBody.participation.otherPerson.organisation.id","SEEHDSLMObservations.observations.observationBody.participation.otherPerson.organisation.id","","","",0,1,"","","","string {[]} {[]}
","Unique id for inter-element referencing","Unique id for the element within a resource (for internal references). This may be any string value that does not contain spaces.","","","","","","","","","",,,,,"",,,,"Element.id",0,1,"",""
"SEEHDSLMObservations.observations.observationBody.participation.otherPerson.organisation.extension","SEEHDSLMObservations.observations.observationBody.participation.otherPerson.organisation.extension","","extensions
user content","",0,*,"","","","Extension {[]} {[]}
","Additional content defined by implementations","May be used to represent additional information that is not part of the basic definition of the element. To make the use of extensions safe and manageable, there is a strict set of governance  applied to the definition and use of extensions. Though any implementer can define an extension, there is a set of requirements that SHALL be met as part of the definition of the extension.","There can be no stigma associated with the use of extensions by any application, project, or standard - regardless of the institution or jurisdiction that uses or defines the extensions.  The use of extensions is what allows the FHIR specification to retain a core level of simplicity for everyone.","","","","","","","","",,,,,"","value:url}
","Extensions are always sliced by (at least) url",,"open","Element.extension",0,*,"","ele-1:All FHIR elements must have a @value or children {hasValue() or (children().count() > id.count())}
ext-1:Must have either extensions or value[x], not both {extension.exists() != value.exists()}"
"SEEHDSLMObservations.observations.observationBody.participation.otherPerson.organisation.modifierExtension","SEEHDSLMObservations.observations.observationBody.participation.otherPerson.organisation.modifierExtension","","extensions
user contentmodifiers","",0,*,"","Y","Y","Extension {[]} {[]}
","Extensions that cannot be ignored even if unrecognized","May be used to represent additional information that is not part of the basic definition of the element and that modifies the understanding of the element in which it is contained and/or the understanding of the containing element's descendants. Usually modifier elements provide negation or qualification. To make the use of extensions safe and manageable, there is a strict set of governance applied to the definition and use of extensions. Though any implementer can define an extension, there is a set of requirements that SHALL be met as part of the definition of the extension. Applications processing a resource are required to check for modifier extensions.

Modifier extensions SHALL NOT change the meaning of any elements on Resource or DomainResource (including cannot change the meaning of modifierExtension itself).","There can be no stigma associated with the use of extensions by any application, project, or standard - regardless of the institution or jurisdiction that uses or defines the extensions.  The use of extensions is what allows the FHIR specification to retain a core level of simplicity for everyone.","Modifier extensions allow for extensions that *cannot* be safely ignored to be clearly distinguished from the vast majority of extensions which can be safely ignored.  This promotes interoperability by eliminating the need for implementers to prohibit the presence of extensions. For further information, see the [definition of modifier extensions](http://hl7.org/fhir/R4/extensibility.html#modifierExtension).","","","","","","","",,,,,"",,,,"BackboneElement.modifierExtension",0,*,"","ele-1:All FHIR elements must have a @value or children {hasValue() or (children().count() > id.count())}
ext-1:Must have either extensions or value[x], not both {extension.exists() != value.exists()}"
"SEEHDSLMObservations.observations.observationBody.participation.otherPerson.organisation.rivId","SEEHDSLMObservations.observations.observationBody.participation.otherPerson.organisation.rivId","","","",0,1,"","","","https://fhir.inera.se/ig/ehds-tk/StructureDefinition/SEEHDSRivIITypeHealthcondBasic2 {[]} {[]}
","Id för organisation","Id för organisation. Vanligtvis HSA-id.","","","","","","","","","",,,,,"",,,,"SEEHDSLMObservations.observations.observationBody.participation.otherPerson.organisation.rivId",0,1,"",""
"SEEHDSLMObservations.observations.observationBody.participation.otherPerson.organisation.type","SEEHDSLMObservations.observations.observationBody.participation.otherPerson.organisation.type","","","",0,1,"","","","https://fhir.inera.se/ig/ehds-tk/StructureDefinition/SEEHDSRivCVTypeHealthcondBasic2 {[]} {[]}
","N1 2017 (Organisation.typ)","Kod för vilken typ av organisation som avses, exempelvis vårdgivare eller vårdenhet. Ger också möjlighet att ange exempelvis socialtjänst eller annan myndighet.","","","","","","","","","",,,,,"",,,,"SEEHDSLMObservations.observations.observationBody.participation.otherPerson.organisation.type",0,1,"",""
"SEEHDSLMObservations.observations.observationBody.participation.otherPerson.organisation.name","SEEHDSLMObservations.observations.observationBody.participation.otherPerson.organisation.name","","","",0,1,"","","","https://fhir.inera.se/ig/ehds-tk/StructureDefinition/SEEHDSRivString {[]} {[]}
","Organisationens namn","Organisationens namn","","","","","","","","","",,,,,"",,,,"SEEHDSLMObservations.observations.observationBody.participation.otherPerson.organisation.name",0,1,"",""
"SEEHDSLMObservations.observations.observationBody.participation.otherPerson.organisation.address","SEEHDSLMObservations.observations.observationBody.participation.otherPerson.organisation.address","","","",0,*,"","","","BackboneElement {[]} {[]}
","NI 2017 (Organisation.adress)","Angivelse av adressinformation för fysisk plats till organisation, exempelvis besöksadress eller fakturaadress. Se AddressType i avsnitt 6.1.2.2.14.","","","","","","","","","",,,,,"",,,,"SEEHDSLMObservations.observations.observationBody.participation.otherPerson.organisation.address",0,*,"","ele-1:All FHIR elements must have a @value or children {hasValue() or (children().count() > id.count())}
"
"SEEHDSLMObservations.observations.observationBody.participation.otherPerson.organisation.address.id","SEEHDSLMObservations.observations.observationBody.participation.otherPerson.organisation.address.id","","","",0,1,"","","","string {[]} {[]}
","Unique id for inter-element referencing","Unique id for the element within a resource (for internal references). This may be any string value that does not contain spaces.","","","","","","","","","",,,,,"",,,,"Element.id",0,1,"",""
"SEEHDSLMObservations.observations.observationBody.participation.otherPerson.organisation.address.extension","SEEHDSLMObservations.observations.observationBody.participation.otherPerson.organisation.address.extension","","extensions
user content","",0,*,"","","","Extension {[]} {[]}
","Additional content defined by implementations","May be used to represent additional information that is not part of the basic definition of the element. To make the use of extensions safe and manageable, there is a strict set of governance  applied to the definition and use of extensions. Though any implementer can define an extension, there is a set of requirements that SHALL be met as part of the definition of the extension.","There can be no stigma associated with the use of extensions by any application, project, or standard - regardless of the institution or jurisdiction that uses or defines the extensions.  The use of extensions is what allows the FHIR specification to retain a core level of simplicity for everyone.","","","","","","","","",,,,,"","value:url}
","Extensions are always sliced by (at least) url",,"open","Element.extension",0,*,"","ele-1:All FHIR elements must have a @value or children {hasValue() or (children().count() > id.count())}
ext-1:Must have either extensions or value[x], not both {extension.exists() != value.exists()}"
"SEEHDSLMObservations.observations.observationBody.participation.otherPerson.organisation.address.modifierExtension","SEEHDSLMObservations.observations.observationBody.participation.otherPerson.organisation.address.modifierExtension","","extensions
user contentmodifiers","",0,*,"","Y","Y","Extension {[]} {[]}
","Extensions that cannot be ignored even if unrecognized","May be used to represent additional information that is not part of the basic definition of the element and that modifies the understanding of the element in which it is contained and/or the understanding of the containing element's descendants. Usually modifier elements provide negation or qualification. To make the use of extensions safe and manageable, there is a strict set of governance applied to the definition and use of extensions. Though any implementer can define an extension, there is a set of requirements that SHALL be met as part of the definition of the extension. Applications processing a resource are required to check for modifier extensions.

Modifier extensions SHALL NOT change the meaning of any elements on Resource or DomainResource (including cannot change the meaning of modifierExtension itself).","There can be no stigma associated with the use of extensions by any application, project, or standard - regardless of the institution or jurisdiction that uses or defines the extensions.  The use of extensions is what allows the FHIR specification to retain a core level of simplicity for everyone.","Modifier extensions allow for extensions that *cannot* be safely ignored to be clearly distinguished from the vast majority of extensions which can be safely ignored.  This promotes interoperability by eliminating the need for implementers to prohibit the presence of extensions. For further information, see the [definition of modifier extensions](http://hl7.org/fhir/R4/extensibility.html#modifierExtension).","","","","","","","",,,,,"",,,,"BackboneElement.modifierExtension",0,*,"","ele-1:All FHIR elements must have a @value or children {hasValue() or (children().count() > id.count())}
ext-1:Must have either extensions or value[x], not both {extension.exists() != value.exists()}"
"SEEHDSLMObservations.observations.observationBody.participation.otherPerson.organisation.address.use","SEEHDSLMObservations.observations.observationBody.participation.otherPerson.organisation.address.use","","","",0,1,"","","","https://fhir.inera.se/ig/ehds-tk/StructureDefinition/SEEHDSRivString {[]} {[]}
","Om flera adresser anges skiljs de åt via sin användningskod","Om flera adresser anges skiljs de åt via sin användningskod. Den primära/default adressen anges alltid utan användningskod. Möjliga värden: PHYS = Fysisk besöksadress H = Hemadress HV = Semesteradress WP = Adress till arbetsplats TMP = Tillfällig adress När det inte finns en adress med användningskod som matchar syftet med adressanvändningen, väljs den primära adressen.
Tillåtna värden enligt XSD: PHYS, H, HV, WP, TMP.","","","","","","","","","",,,,,"",,,,"SEEHDSLMObservations.observations.observationBody.participation.otherPerson.organisation.address.use",0,1,"",""
"SEEHDSLMObservations.observations.observationBody.participation.otherPerson.organisation.address.part","SEEHDSLMObservations.observations.observationBody.participation.otherPerson.organisation.address.part","","","",1,*,"","","","BackboneElement {[]} {[]}
","Del av adress, exempelvis gatuadress eller postnummer","Del av adress, exempelvis gatuadress eller postnummer.","","","","","","","","","",,,,,"",,,,"SEEHDSLMObservations.observations.observationBody.participation.otherPerson.organisation.address.part",1,*,"","ele-1:All FHIR elements must have a @value or children {hasValue() or (children().count() > id.count())}
"
"SEEHDSLMObservations.observations.observationBody.participation.otherPerson.organisation.address.part.id","SEEHDSLMObservations.observations.observationBody.participation.otherPerson.organisation.address.part.id","","","",0,1,"","","","string {[]} {[]}
","Unique id for inter-element referencing","Unique id for the element within a resource (for internal references). This may be any string value that does not contain spaces.","","","","","","","","","",,,,,"",,,,"Element.id",0,1,"",""
"SEEHDSLMObservations.observations.observationBody.participation.otherPerson.organisation.address.part.extension","SEEHDSLMObservations.observations.observationBody.participation.otherPerson.organisation.address.part.extension","","extensions
user content","",0,*,"","","","Extension {[]} {[]}
","Additional content defined by implementations","May be used to represent additional information that is not part of the basic definition of the element. To make the use of extensions safe and manageable, there is a strict set of governance  applied to the definition and use of extensions. Though any implementer can define an extension, there is a set of requirements that SHALL be met as part of the definition of the extension.","There can be no stigma associated with the use of extensions by any application, project, or standard - regardless of the institution or jurisdiction that uses or defines the extensions.  The use of extensions is what allows the FHIR specification to retain a core level of simplicity for everyone.","","","","","","","","",,,,,"","value:url}
","Extensions are always sliced by (at least) url",,"open","Element.extension",0,*,"","ele-1:All FHIR elements must have a @value or children {hasValue() or (children().count() > id.count())}
ext-1:Must have either extensions or value[x], not both {extension.exists() != value.exists()}"
"SEEHDSLMObservations.observations.observationBody.participation.otherPerson.organisation.address.part.modifierExtension","SEEHDSLMObservations.observations.observationBody.participation.otherPerson.organisation.address.part.modifierExtension","","extensions
user contentmodifiers","",0,*,"","Y","Y","Extension {[]} {[]}
","Extensions that cannot be ignored even if unrecognized","May be used to represent additional information that is not part of the basic definition of the element and that modifies the understanding of the element in which it is contained and/or the understanding of the containing element's descendants. Usually modifier elements provide negation or qualification. To make the use of extensions safe and manageable, there is a strict set of governance applied to the definition and use of extensions. Though any implementer can define an extension, there is a set of requirements that SHALL be met as part of the definition of the extension. Applications processing a resource are required to check for modifier extensions.

Modifier extensions SHALL NOT change the meaning of any elements on Resource or DomainResource (including cannot change the meaning of modifierExtension itself).","There can be no stigma associated with the use of extensions by any application, project, or standard - regardless of the institution or jurisdiction that uses or defines the extensions.  The use of extensions is what allows the FHIR specification to retain a core level of simplicity for everyone.","Modifier extensions allow for extensions that *cannot* be safely ignored to be clearly distinguished from the vast majority of extensions which can be safely ignored.  This promotes interoperability by eliminating the need for implementers to prohibit the presence of extensions. For further information, see the [definition of modifier extensions](http://hl7.org/fhir/R4/extensibility.html#modifierExtension).","","","","","","","",,,,,"",,,,"BackboneElement.modifierExtension",0,*,"","ele-1:All FHIR elements must have a @value or children {hasValue() or (children().count() > id.count())}
ext-1:Must have either extensions or value[x], not both {extension.exists() != value.exists()}"
"SEEHDSLMObservations.observations.observationBody.participation.otherPerson.organisation.address.part.value","SEEHDSLMObservations.observations.observationBody.participation.otherPerson.organisation.address.part.value","","","",1,1,"","","","https://fhir.inera.se/ig/ehds-tk/StructureDefinition/SEEHDSRivString {[]} {[]}
","value","value","","","","","","","","","",,,,,"",,,,"SEEHDSLMObservations.observations.observationBody.participation.otherPerson.organisation.address.part.value",1,1,"",""
"SEEHDSLMObservations.observations.observationBody.participation.otherPerson.organisation.address.part.type","SEEHDSLMObservations.observations.observationBody.participation.otherPerson.organisation.address.part.type","","","",0,1,"","","","https://fhir.inera.se/ig/ehds-tk/StructureDefinition/SEEHDSRivString {[]} {[]}
","type","Tillåtna värden enligt XSD: SAL, CAR, CEN, CNT, CPA, CTY, ZIP, POB, PRE.","","","","","","","","","",,,,,"",,,,"SEEHDSLMObservations.observations.observationBody.participation.otherPerson.organisation.address.part.type",0,1,"",""
"SEEHDSLMObservations.observations.observationBody.participation.otherPerson.organisation.electronicAddress","SEEHDSLMObservations.observations.observationBody.participation.otherPerson.organisation.electronicAddress","","","",0,*,"","","","BackboneElement {[]} {[]}
","NI 2017 (Organisation.elektroniskAdress)","Angivelse av elektronisk adressinformation till organisation. Här avses även telefonnummer. Exempel är telefonnummer till växel, e-postadress eller webbadress. Se TelType i avsnitt 6.1.2.2.15.","","","","","","","","","",,,,,"",,,,"SEEHDSLMObservations.observations.observationBody.participation.otherPerson.organisation.electronicAddress",0,*,"","ele-1:All FHIR elements must have a @value or children {hasValue() or (children().count() > id.count())}
"
"SEEHDSLMObservations.observations.observationBody.participation.otherPerson.organisation.electronicAddress.id","SEEHDSLMObservations.observations.observationBody.participation.otherPerson.organisation.electronicAddress.id","","","",0,1,"","","","string {[]} {[]}
","Unique id for inter-element referencing","Unique id for the element within a resource (for internal references). This may be any string value that does not contain spaces.","","","","","","","","","",,,,,"",,,,"Element.id",0,1,"",""
"SEEHDSLMObservations.observations.observationBody.participation.otherPerson.organisation.electronicAddress.extension","SEEHDSLMObservations.observations.observationBody.participation.otherPerson.organisation.electronicAddress.extension","","extensions
user content","",0,*,"","","","Extension {[]} {[]}
","Additional content defined by implementations","May be used to represent additional information that is not part of the basic definition of the element. To make the use of extensions safe and manageable, there is a strict set of governance  applied to the definition and use of extensions. Though any implementer can define an extension, there is a set of requirements that SHALL be met as part of the definition of the extension.","There can be no stigma associated with the use of extensions by any application, project, or standard - regardless of the institution or jurisdiction that uses or defines the extensions.  The use of extensions is what allows the FHIR specification to retain a core level of simplicity for everyone.","","","","","","","","",,,,,"","value:url}
","Extensions are always sliced by (at least) url",,"open","Element.extension",0,*,"","ele-1:All FHIR elements must have a @value or children {hasValue() or (children().count() > id.count())}
ext-1:Must have either extensions or value[x], not both {extension.exists() != value.exists()}"
"SEEHDSLMObservations.observations.observationBody.participation.otherPerson.organisation.electronicAddress.modifierExtension","SEEHDSLMObservations.observations.observationBody.participation.otherPerson.organisation.electronicAddress.modifierExtension","","extensions
user contentmodifiers","",0,*,"","Y","Y","Extension {[]} {[]}
","Extensions that cannot be ignored even if unrecognized","May be used to represent additional information that is not part of the basic definition of the element and that modifies the understanding of the element in which it is contained and/or the understanding of the containing element's descendants. Usually modifier elements provide negation or qualification. To make the use of extensions safe and manageable, there is a strict set of governance applied to the definition and use of extensions. Though any implementer can define an extension, there is a set of requirements that SHALL be met as part of the definition of the extension. Applications processing a resource are required to check for modifier extensions.

Modifier extensions SHALL NOT change the meaning of any elements on Resource or DomainResource (including cannot change the meaning of modifierExtension itself).","There can be no stigma associated with the use of extensions by any application, project, or standard - regardless of the institution or jurisdiction that uses or defines the extensions.  The use of extensions is what allows the FHIR specification to retain a core level of simplicity for everyone.","Modifier extensions allow for extensions that *cannot* be safely ignored to be clearly distinguished from the vast majority of extensions which can be safely ignored.  This promotes interoperability by eliminating the need for implementers to prohibit the presence of extensions. For further information, see the [definition of modifier extensions](http://hl7.org/fhir/R4/extensibility.html#modifierExtension).","","","","","","","",,,,,"",,,,"BackboneElement.modifierExtension",0,*,"","ele-1:All FHIR elements must have a @value or children {hasValue() or (children().count() > id.count())}
ext-1:Must have either extensions or value[x], not both {extension.exists() != value.exists()}"
"SEEHDSLMObservations.observations.observationBody.participation.otherPerson.organisation.electronicAddress.value","SEEHDSLMObservations.observations.observationBody.participation.otherPerson.organisation.electronicAddress.value","","","",1,1,"","","","https://fhir.inera.se/ig/ehds-tk/StructureDefinition/SEEHDSRivAnyURI {[]} {[]}
","Elektronisk adress, t.ex.","Elektronisk adress, t.ex. e-mail eller telefonnummer. Anges i form av en URI inklusive prefix som anger protokoll. Telefonnummer anges med prefixet ”tel:”, e-mailadresser med ”mailto:” och webbsidor med ”http:” eller ”https:”. Exempel: value=”tel:+46702353535” value=”mailto:lars@gmail.com” value=”http://www.1177.se”","","","","","","","","","",,,,,"",,,,"SEEHDSLMObservations.observations.observationBody.participation.otherPerson.organisation.electronicAddress.value",1,1,"",""
"SEEHDSLMObservations.observations.observationBody.participation.otherPerson.organisation.electronicAddress.capabilities","SEEHDSLMObservations.observations.observationBody.participation.otherPerson.organisation.electronicAddress.capabilities","","","",0,*,"","","","https://fhir.inera.se/ig/ehds-tk/StructureDefinition/SEEHDSRivString {[]} {[]}
","Kan användas för telefonnummer för att ange om numret har möjlighet att ta emot röstsamtal, fax eller SMS","Kan användas för telefonnummer för att ange om numret har möjlighet att ta emot röstsamtal, fax eller SMS. Möjliga värden: voice = Numret kan ta emot röstsamtal fax = Numret kan ta emot fax sms = Numret kan ta emot SMS
Tillåtna värden enligt XSD: voice, fax, sms.","","","","","","","","","",,,,,"",,,,"SEEHDSLMObservations.observations.observationBody.participation.otherPerson.organisation.electronicAddress.capabilities",0,*,"",""
"SEEHDSLMObservations.observations.observationBody.participation.otherPerson.organisation.electronicAddress.use","SEEHDSLMObservations.observations.observationBody.participation.otherPerson.organisation.electronicAddress.use","","","",0,*,"","","","https://fhir.inera.se/ig/ehds-tk/StructureDefinition/SEEHDSRivString {[]} {[]}
","Om flera elektroniska adresser anges skiljs de åt via sin användningskod","Om flera elektroniska adresser anges skiljs de åt via sin användningskod. Möjliga värden: H = Används i hemmet/privat HV = Används under semester WP = Används på arbetet/i tjänsten TMP = Används tillfälligt
Tillåtna värden enligt XSD: H, HV, WP, TMP.","","","","","","","","","",,,,,"",,,,"SEEHDSLMObservations.observations.observationBody.participation.otherPerson.organisation.electronicAddress.use",0,*,"",""
"SEEHDSLMObservations.observations.observationBody.participation.locationRole","SEEHDSLMObservations.observations.observationBody.participation.locationRole","","","",0,1,"","","","BackboneElement {[]} {[]}
","Plats eller platsroll som deltar i observationen (LocationRoleType).","Typ av roll: t.ex. patientens hem, semesterboende, arbetsplats.
Fält: type (0..1, CVType), location (0..1) med id, type, name, locationAddress, electronicAddress, position.","","","","","","","","","",,,,,"",,,,"SEEHDSLMObservations.observations.observationBody.participation.locationRole",0,1,"","ele-1:All FHIR elements must have a @value or children {hasValue() or (children().count() > id.count())}
"
"SEEHDSLMObservations.observations.observationBody.participation.locationRole.id","SEEHDSLMObservations.observations.observationBody.participation.locationRole.id","","","",0,1,"","","","string {[]} {[]}
","Unique id for inter-element referencing","Unique id for the element within a resource (for internal references). This may be any string value that does not contain spaces.","","","","","","","","","",,,,,"",,,,"Element.id",0,1,"",""
"SEEHDSLMObservations.observations.observationBody.participation.locationRole.extension","SEEHDSLMObservations.observations.observationBody.participation.locationRole.extension","","extensions
user content","",0,*,"","","","Extension {[]} {[]}
","Additional content defined by implementations","May be used to represent additional information that is not part of the basic definition of the element. To make the use of extensions safe and manageable, there is a strict set of governance  applied to the definition and use of extensions. Though any implementer can define an extension, there is a set of requirements that SHALL be met as part of the definition of the extension.","There can be no stigma associated with the use of extensions by any application, project, or standard - regardless of the institution or jurisdiction that uses or defines the extensions.  The use of extensions is what allows the FHIR specification to retain a core level of simplicity for everyone.","","","","","","","","",,,,,"","value:url}
","Extensions are always sliced by (at least) url",,"open","Element.extension",0,*,"","ele-1:All FHIR elements must have a @value or children {hasValue() or (children().count() > id.count())}
ext-1:Must have either extensions or value[x], not both {extension.exists() != value.exists()}"
"SEEHDSLMObservations.observations.observationBody.participation.locationRole.modifierExtension","SEEHDSLMObservations.observations.observationBody.participation.locationRole.modifierExtension","","extensions
user contentmodifiers","",0,*,"","Y","Y","Extension {[]} {[]}
","Extensions that cannot be ignored even if unrecognized","May be used to represent additional information that is not part of the basic definition of the element and that modifies the understanding of the element in which it is contained and/or the understanding of the containing element's descendants. Usually modifier elements provide negation or qualification. To make the use of extensions safe and manageable, there is a strict set of governance applied to the definition and use of extensions. Though any implementer can define an extension, there is a set of requirements that SHALL be met as part of the definition of the extension. Applications processing a resource are required to check for modifier extensions.

Modifier extensions SHALL NOT change the meaning of any elements on Resource or DomainResource (including cannot change the meaning of modifierExtension itself).","There can be no stigma associated with the use of extensions by any application, project, or standard - regardless of the institution or jurisdiction that uses or defines the extensions.  The use of extensions is what allows the FHIR specification to retain a core level of simplicity for everyone.","Modifier extensions allow for extensions that *cannot* be safely ignored to be clearly distinguished from the vast majority of extensions which can be safely ignored.  This promotes interoperability by eliminating the need for implementers to prohibit the presence of extensions. For further information, see the [definition of modifier extensions](http://hl7.org/fhir/R4/extensibility.html#modifierExtension).","","","","","","","",,,,,"",,,,"BackboneElement.modifierExtension",0,*,"","ele-1:All FHIR elements must have a @value or children {hasValue() or (children().count() > id.count())}
ext-1:Must have either extensions or value[x], not both {extension.exists() != value.exists()}"
"SEEHDSLMObservations.observations.observationBody.participation.locationRole.type","SEEHDSLMObservations.observations.observationBody.participation.locationRole.type","","","",0,1,"","","","https://fhir.inera.se/ig/ehds-tk/StructureDefinition/SEEHDSRivCVTypeHealthcondBasic2 {[]} {[]}
","Typ av roll som en plats har","Typ av roll som en plats har. T.ex. patientens hem, semesterboende, arbetsplats.","","","","","","","","","",,,,,"",,,,"SEEHDSLMObservations.observations.observationBody.participation.locationRole.type",0,1,"",""
"SEEHDSLMObservations.observations.observationBody.participation.locationRole.location","SEEHDSLMObservations.observations.observationBody.participation.locationRole.location","","","",0,1,"","","","BackboneElement {[]} {[]}
","Fysisk eller virtuell plats som är samma oavsett vilken verksamhet som bedrivs på platsen","Fysisk eller virtuell plats som är samma oavsett vilken verksamhet som bedrivs på platsen.","","","","","","","","","",,,,,"",,,,"SEEHDSLMObservations.observations.observationBody.participation.locationRole.location",0,1,"","ele-1:All FHIR elements must have a @value or children {hasValue() or (children().count() > id.count())}
"
"SEEHDSLMObservations.observations.observationBody.participation.locationRole.location.id","SEEHDSLMObservations.observations.observationBody.participation.locationRole.location.id","","","",0,1,"","","","string {[]} {[]}
","Unique id for inter-element referencing","Unique id for the element within a resource (for internal references). This may be any string value that does not contain spaces.","","","","","","","","","",,,,,"",,,,"Element.id",0,1,"",""
"SEEHDSLMObservations.observations.observationBody.participation.locationRole.location.extension","SEEHDSLMObservations.observations.observationBody.participation.locationRole.location.extension","","extensions
user content","",0,*,"","","","Extension {[]} {[]}
","Additional content defined by implementations","May be used to represent additional information that is not part of the basic definition of the element. To make the use of extensions safe and manageable, there is a strict set of governance  applied to the definition and use of extensions. Though any implementer can define an extension, there is a set of requirements that SHALL be met as part of the definition of the extension.","There can be no stigma associated with the use of extensions by any application, project, or standard - regardless of the institution or jurisdiction that uses or defines the extensions.  The use of extensions is what allows the FHIR specification to retain a core level of simplicity for everyone.","","","","","","","","",,,,,"","value:url}
","Extensions are always sliced by (at least) url",,"open","Element.extension",0,*,"","ele-1:All FHIR elements must have a @value or children {hasValue() or (children().count() > id.count())}
ext-1:Must have either extensions or value[x], not both {extension.exists() != value.exists()}"
"SEEHDSLMObservations.observations.observationBody.participation.locationRole.location.modifierExtension","SEEHDSLMObservations.observations.observationBody.participation.locationRole.location.modifierExtension","","extensions
user contentmodifiers","",0,*,"","Y","Y","Extension {[]} {[]}
","Extensions that cannot be ignored even if unrecognized","May be used to represent additional information that is not part of the basic definition of the element and that modifies the understanding of the element in which it is contained and/or the understanding of the containing element's descendants. Usually modifier elements provide negation or qualification. To make the use of extensions safe and manageable, there is a strict set of governance applied to the definition and use of extensions. Though any implementer can define an extension, there is a set of requirements that SHALL be met as part of the definition of the extension. Applications processing a resource are required to check for modifier extensions.

Modifier extensions SHALL NOT change the meaning of any elements on Resource or DomainResource (including cannot change the meaning of modifierExtension itself).","There can be no stigma associated with the use of extensions by any application, project, or standard - regardless of the institution or jurisdiction that uses or defines the extensions.  The use of extensions is what allows the FHIR specification to retain a core level of simplicity for everyone.","Modifier extensions allow for extensions that *cannot* be safely ignored to be clearly distinguished from the vast majority of extensions which can be safely ignored.  This promotes interoperability by eliminating the need for implementers to prohibit the presence of extensions. For further information, see the [definition of modifier extensions](http://hl7.org/fhir/R4/extensibility.html#modifierExtension).","","","","","","","",,,,,"",,,,"BackboneElement.modifierExtension",0,*,"","ele-1:All FHIR elements must have a @value or children {hasValue() or (children().count() > id.count())}
ext-1:Must have either extensions or value[x], not both {extension.exists() != value.exists()}"
"SEEHDSLMObservations.observations.observationBody.participation.locationRole.location.rivId","SEEHDSLMObservations.observations.observationBody.participation.locationRole.location.rivId","","","",0,1,"","","","https://fhir.inera.se/ig/ehds-tk/StructureDefinition/SEEHDSRivIITypeHealthcondBasic2 {[]} {[]}
","id","id","","","","","","","","","",,,,,"",,,,"SEEHDSLMObservations.observations.observationBody.participation.locationRole.location.rivId",0,1,"",""
"SEEHDSLMObservations.observations.observationBody.participation.locationRole.location.type","SEEHDSLMObservations.observations.observationBody.participation.locationRole.location.type","","","",0,1,"","","","https://fhir.inera.se/ig/ehds-tk/StructureDefinition/SEEHDSRivCVTypeHealthcondBasic2 {[]} {[]}
","type","type","","","","","","","","","",,,,,"",,,,"SEEHDSLMObservations.observations.observationBody.participation.locationRole.location.type",0,1,"",""
"SEEHDSLMObservations.observations.observationBody.participation.locationRole.location.name","SEEHDSLMObservations.observations.observationBody.participation.locationRole.location.name","","","",0,1,"","","","https://fhir.inera.se/ig/ehds-tk/StructureDefinition/SEEHDSRivString {[]} {[]}
","name","name","","","","","","","","","",,,,,"",,,,"SEEHDSLMObservations.observations.observationBody.participation.locationRole.location.name",0,1,"",""
"SEEHDSLMObservations.observations.observationBody.participation.locationRole.location.locationAddress","SEEHDSLMObservations.observations.observationBody.participation.locationRole.location.locationAddress","","","",0,1,"","","","BackboneElement {[]} {[]}
","locationAddress","locationAddress","","","","","","","","","",,,,,"",,,,"SEEHDSLMObservations.observations.observationBody.participation.locationRole.location.locationAddress",0,1,"","ele-1:All FHIR elements must have a @value or children {hasValue() or (children().count() > id.count())}
"
"SEEHDSLMObservations.observations.observationBody.participation.locationRole.location.locationAddress.id","SEEHDSLMObservations.observations.observationBody.participation.locationRole.location.locationAddress.id","","","",0,1,"","","","string {[]} {[]}
","Unique id for inter-element referencing","Unique id for the element within a resource (for internal references). This may be any string value that does not contain spaces.","","","","","","","","","",,,,,"",,,,"Element.id",0,1,"",""
"SEEHDSLMObservations.observations.observationBody.participation.locationRole.location.locationAddress.extension","SEEHDSLMObservations.observations.observationBody.participation.locationRole.location.locationAddress.extension","","extensions
user content","",0,*,"","","","Extension {[]} {[]}
","Additional content defined by implementations","May be used to represent additional information that is not part of the basic definition of the element. To make the use of extensions safe and manageable, there is a strict set of governance  applied to the definition and use of extensions. Though any implementer can define an extension, there is a set of requirements that SHALL be met as part of the definition of the extension.","There can be no stigma associated with the use of extensions by any application, project, or standard - regardless of the institution or jurisdiction that uses or defines the extensions.  The use of extensions is what allows the FHIR specification to retain a core level of simplicity for everyone.","","","","","","","","",,,,,"","value:url}
","Extensions are always sliced by (at least) url",,"open","Element.extension",0,*,"","ele-1:All FHIR elements must have a @value or children {hasValue() or (children().count() > id.count())}
ext-1:Must have either extensions or value[x], not both {extension.exists() != value.exists()}"
"SEEHDSLMObservations.observations.observationBody.participation.locationRole.location.locationAddress.modifierExtension","SEEHDSLMObservations.observations.observationBody.participation.locationRole.location.locationAddress.modifierExtension","","extensions
user contentmodifiers","",0,*,"","Y","Y","Extension {[]} {[]}
","Extensions that cannot be ignored even if unrecognized","May be used to represent additional information that is not part of the basic definition of the element and that modifies the understanding of the element in which it is contained and/or the understanding of the containing element's descendants. Usually modifier elements provide negation or qualification. To make the use of extensions safe and manageable, there is a strict set of governance applied to the definition and use of extensions. Though any implementer can define an extension, there is a set of requirements that SHALL be met as part of the definition of the extension. Applications processing a resource are required to check for modifier extensions.

Modifier extensions SHALL NOT change the meaning of any elements on Resource or DomainResource (including cannot change the meaning of modifierExtension itself).","There can be no stigma associated with the use of extensions by any application, project, or standard - regardless of the institution or jurisdiction that uses or defines the extensions.  The use of extensions is what allows the FHIR specification to retain a core level of simplicity for everyone.","Modifier extensions allow for extensions that *cannot* be safely ignored to be clearly distinguished from the vast majority of extensions which can be safely ignored.  This promotes interoperability by eliminating the need for implementers to prohibit the presence of extensions. For further information, see the [definition of modifier extensions](http://hl7.org/fhir/R4/extensibility.html#modifierExtension).","","","","","","","",,,,,"",,,,"BackboneElement.modifierExtension",0,*,"","ele-1:All FHIR elements must have a @value or children {hasValue() or (children().count() > id.count())}
ext-1:Must have either extensions or value[x], not both {extension.exists() != value.exists()}"
"SEEHDSLMObservations.observations.observationBody.participation.locationRole.location.locationAddress.use","SEEHDSLMObservations.observations.observationBody.participation.locationRole.location.locationAddress.use","","","",0,1,"","","","https://fhir.inera.se/ig/ehds-tk/StructureDefinition/SEEHDSRivString {[]} {[]}
","Om flera adresser anges skiljs de åt via sin användningskod","Om flera adresser anges skiljs de åt via sin användningskod. Den primära/default adressen anges alltid utan användningskod. Möjliga värden: PHYS = Fysisk besöksadress H = Hemadress HV = Semesteradress WP = Adress till arbetsplats TMP = Tillfällig adress När det inte finns en adress med användningskod som matchar syftet med adressanvändningen, väljs den primära adressen.
Tillåtna värden enligt XSD: PHYS, H, HV, WP, TMP.","","","","","","","","","",,,,,"",,,,"SEEHDSLMObservations.observations.observationBody.participation.locationRole.location.locationAddress.use",0,1,"",""
"SEEHDSLMObservations.observations.observationBody.participation.locationRole.location.locationAddress.part","SEEHDSLMObservations.observations.observationBody.participation.locationRole.location.locationAddress.part","","","",1,*,"","","","BackboneElement {[]} {[]}
","Del av adress, exempelvis gatuadress eller postnummer","Del av adress, exempelvis gatuadress eller postnummer.","","","","","","","","","",,,,,"",,,,"SEEHDSLMObservations.observations.observationBody.participation.locationRole.location.locationAddress.part",1,*,"","ele-1:All FHIR elements must have a @value or children {hasValue() or (children().count() > id.count())}
"
"SEEHDSLMObservations.observations.observationBody.participation.locationRole.location.locationAddress.part.id","SEEHDSLMObservations.observations.observationBody.participation.locationRole.location.locationAddress.part.id","","","",0,1,"","","","string {[]} {[]}
","Unique id for inter-element referencing","Unique id for the element within a resource (for internal references). This may be any string value that does not contain spaces.","","","","","","","","","",,,,,"",,,,"Element.id",0,1,"",""
"SEEHDSLMObservations.observations.observationBody.participation.locationRole.location.locationAddress.part.extension","SEEHDSLMObservations.observations.observationBody.participation.locationRole.location.locationAddress.part.extension","","extensions
user content","",0,*,"","","","Extension {[]} {[]}
","Additional content defined by implementations","May be used to represent additional information that is not part of the basic definition of the element. To make the use of extensions safe and manageable, there is a strict set of governance  applied to the definition and use of extensions. Though any implementer can define an extension, there is a set of requirements that SHALL be met as part of the definition of the extension.","There can be no stigma associated with the use of extensions by any application, project, or standard - regardless of the institution or jurisdiction that uses or defines the extensions.  The use of extensions is what allows the FHIR specification to retain a core level of simplicity for everyone.","","","","","","","","",,,,,"","value:url}
","Extensions are always sliced by (at least) url",,"open","Element.extension",0,*,"","ele-1:All FHIR elements must have a @value or children {hasValue() or (children().count() > id.count())}
ext-1:Must have either extensions or value[x], not both {extension.exists() != value.exists()}"
"SEEHDSLMObservations.observations.observationBody.participation.locationRole.location.locationAddress.part.modifierExtension","SEEHDSLMObservations.observations.observationBody.participation.locationRole.location.locationAddress.part.modifierExtension","","extensions
user contentmodifiers","",0,*,"","Y","Y","Extension {[]} {[]}
","Extensions that cannot be ignored even if unrecognized","May be used to represent additional information that is not part of the basic definition of the element and that modifies the understanding of the element in which it is contained and/or the understanding of the containing element's descendants. Usually modifier elements provide negation or qualification. To make the use of extensions safe and manageable, there is a strict set of governance applied to the definition and use of extensions. Though any implementer can define an extension, there is a set of requirements that SHALL be met as part of the definition of the extension. Applications processing a resource are required to check for modifier extensions.

Modifier extensions SHALL NOT change the meaning of any elements on Resource or DomainResource (including cannot change the meaning of modifierExtension itself).","There can be no stigma associated with the use of extensions by any application, project, or standard - regardless of the institution or jurisdiction that uses or defines the extensions.  The use of extensions is what allows the FHIR specification to retain a core level of simplicity for everyone.","Modifier extensions allow for extensions that *cannot* be safely ignored to be clearly distinguished from the vast majority of extensions which can be safely ignored.  This promotes interoperability by eliminating the need for implementers to prohibit the presence of extensions. For further information, see the [definition of modifier extensions](http://hl7.org/fhir/R4/extensibility.html#modifierExtension).","","","","","","","",,,,,"",,,,"BackboneElement.modifierExtension",0,*,"","ele-1:All FHIR elements must have a @value or children {hasValue() or (children().count() > id.count())}
ext-1:Must have either extensions or value[x], not both {extension.exists() != value.exists()}"
"SEEHDSLMObservations.observations.observationBody.participation.locationRole.location.locationAddress.part.value","SEEHDSLMObservations.observations.observationBody.participation.locationRole.location.locationAddress.part.value","","","",1,1,"","","","https://fhir.inera.se/ig/ehds-tk/StructureDefinition/SEEHDSRivString {[]} {[]}
","value","value","","","","","","","","","",,,,,"",,,,"SEEHDSLMObservations.observations.observationBody.participation.locationRole.location.locationAddress.part.value",1,1,"",""
"SEEHDSLMObservations.observations.observationBody.participation.locationRole.location.locationAddress.part.type","SEEHDSLMObservations.observations.observationBody.participation.locationRole.location.locationAddress.part.type","","","",0,1,"","","","https://fhir.inera.se/ig/ehds-tk/StructureDefinition/SEEHDSRivString {[]} {[]}
","type","Tillåtna värden enligt XSD: SAL, CAR, CEN, CNT, CPA, CTY, ZIP, POB, PRE.","","","","","","","","","",,,,,"",,,,"SEEHDSLMObservations.observations.observationBody.participation.locationRole.location.locationAddress.part.type",0,1,"",""
"SEEHDSLMObservations.observations.observationBody.participation.locationRole.location.position","SEEHDSLMObservations.observations.observationBody.participation.locationRole.location.position","","","",0,1,"","","","BackboneElement {[]} {[]}
","position","position","","","","","","","","","",,,,,"",,,,"SEEHDSLMObservations.observations.observationBody.participation.locationRole.location.position",0,1,"","ele-1:All FHIR elements must have a @value or children {hasValue() or (children().count() > id.count())}
"
"SEEHDSLMObservations.observations.observationBody.participation.locationRole.location.position.id","SEEHDSLMObservations.observations.observationBody.participation.locationRole.location.position.id","","","",0,1,"","","","string {[]} {[]}
","Unique id for inter-element referencing","Unique id for the element within a resource (for internal references). This may be any string value that does not contain spaces.","","","","","","","","","",,,,,"",,,,"Element.id",0,1,"",""
"SEEHDSLMObservations.observations.observationBody.participation.locationRole.location.position.extension","SEEHDSLMObservations.observations.observationBody.participation.locationRole.location.position.extension","","extensions
user content","",0,*,"","","","Extension {[]} {[]}
","Additional content defined by implementations","May be used to represent additional information that is not part of the basic definition of the element. To make the use of extensions safe and manageable, there is a strict set of governance  applied to the definition and use of extensions. Though any implementer can define an extension, there is a set of requirements that SHALL be met as part of the definition of the extension.","There can be no stigma associated with the use of extensions by any application, project, or standard - regardless of the institution or jurisdiction that uses or defines the extensions.  The use of extensions is what allows the FHIR specification to retain a core level of simplicity for everyone.","","","","","","","","",,,,,"","value:url}
","Extensions are always sliced by (at least) url",,"open","Element.extension",0,*,"","ele-1:All FHIR elements must have a @value or children {hasValue() or (children().count() > id.count())}
ext-1:Must have either extensions or value[x], not both {extension.exists() != value.exists()}"
"SEEHDSLMObservations.observations.observationBody.participation.locationRole.location.position.modifierExtension","SEEHDSLMObservations.observations.observationBody.participation.locationRole.location.position.modifierExtension","","extensions
user contentmodifiers","",0,*,"","Y","Y","Extension {[]} {[]}
","Extensions that cannot be ignored even if unrecognized","May be used to represent additional information that is not part of the basic definition of the element and that modifies the understanding of the element in which it is contained and/or the understanding of the containing element's descendants. Usually modifier elements provide negation or qualification. To make the use of extensions safe and manageable, there is a strict set of governance applied to the definition and use of extensions. Though any implementer can define an extension, there is a set of requirements that SHALL be met as part of the definition of the extension. Applications processing a resource are required to check for modifier extensions.

Modifier extensions SHALL NOT change the meaning of any elements on Resource or DomainResource (including cannot change the meaning of modifierExtension itself).","There can be no stigma associated with the use of extensions by any application, project, or standard - regardless of the institution or jurisdiction that uses or defines the extensions.  The use of extensions is what allows the FHIR specification to retain a core level of simplicity for everyone.","Modifier extensions allow for extensions that *cannot* be safely ignored to be clearly distinguished from the vast majority of extensions which can be safely ignored.  This promotes interoperability by eliminating the need for implementers to prohibit the presence of extensions. For further information, see the [definition of modifier extensions](http://hl7.org/fhir/R4/extensibility.html#modifierExtension).","","","","","","","",,,,,"",,,,"BackboneElement.modifierExtension",0,*,"","ele-1:All FHIR elements must have a @value or children {hasValue() or (children().count() > id.count())}
ext-1:Must have either extensions or value[x], not both {extension.exists() != value.exists()}"
"SEEHDSLMObservations.observations.observationBody.participation.locationRole.location.position.longitude","SEEHDSLMObservations.observations.observationBody.participation.locationRole.location.position.longitude","","","",1,1,"","","","https://fhir.inera.se/ig/ehds-tk/StructureDefinition/SEEHDSRivDecimal {[]} {[]}
","longitude","longitude","","","","","","","","","",,,,,"",,,,"SEEHDSLMObservations.observations.observationBody.participation.locationRole.location.position.longitude",1,1,"",""
"SEEHDSLMObservations.observations.observationBody.participation.locationRole.location.position.latitude","SEEHDSLMObservations.observations.observationBody.participation.locationRole.location.position.latitude","","","",1,1,"","","","https://fhir.inera.se/ig/ehds-tk/StructureDefinition/SEEHDSRivDecimal {[]} {[]}
","latitude","latitude","","","","","","","","","",,,,,"",,,,"SEEHDSLMObservations.observations.observationBody.participation.locationRole.location.position.latitude",1,1,"",""
"SEEHDSLMObservations.observations.observationBody.participation.locationRole.location.position.altitude","SEEHDSLMObservations.observations.observationBody.participation.locationRole.location.position.altitude","","","",0,1,"","","","https://fhir.inera.se/ig/ehds-tk/StructureDefinition/SEEHDSRivDecimal {[]} {[]}
","altitude","altitude","","","","","","","","","",,,,,"",,,,"SEEHDSLMObservations.observations.observationBody.participation.locationRole.location.position.altitude",0,1,"",""
"SEEHDSLMObservations.observations.observationBody.participation.resource","SEEHDSLMObservations.observations.observationBody.participation.resource","","","",0,1,"","","","BackboneElement {[]} {[]}
","Resurs som deltar — t.ex. medicinteknisk utrustning (ResourceType).","Fält: id (0..1, IIType), type (0..1, CVType), groupId (0..*, IIType),
amount (0..1, AmountType), resourceProperty (0..*, typ + value).","","","","","","","","","",,,,,"",,,,"SEEHDSLMObservations.observations.observationBody.participation.resource",0,1,"","ele-1:All FHIR elements must have a @value or children {hasValue() or (children().count() > id.count())}
"
"SEEHDSLMObservations.observations.observationBody.participation.resource.id","SEEHDSLMObservations.observations.observationBody.participation.resource.id","","","",0,1,"","","","string {[]} {[]}
","Unique id for inter-element referencing","Unique id for the element within a resource (for internal references). This may be any string value that does not contain spaces.","","","","","","","","","",,,,,"",,,,"Element.id",0,1,"",""
"SEEHDSLMObservations.observations.observationBody.participation.resource.extension","SEEHDSLMObservations.observations.observationBody.participation.resource.extension","","extensions
user content","",0,*,"","","","Extension {[]} {[]}
","Additional content defined by implementations","May be used to represent additional information that is not part of the basic definition of the element. To make the use of extensions safe and manageable, there is a strict set of governance  applied to the definition and use of extensions. Though any implementer can define an extension, there is a set of requirements that SHALL be met as part of the definition of the extension.","There can be no stigma associated with the use of extensions by any application, project, or standard - regardless of the institution or jurisdiction that uses or defines the extensions.  The use of extensions is what allows the FHIR specification to retain a core level of simplicity for everyone.","","","","","","","","",,,,,"","value:url}
","Extensions are always sliced by (at least) url",,"open","Element.extension",0,*,"","ele-1:All FHIR elements must have a @value or children {hasValue() or (children().count() > id.count())}
ext-1:Must have either extensions or value[x], not both {extension.exists() != value.exists()}"
"SEEHDSLMObservations.observations.observationBody.participation.resource.modifierExtension","SEEHDSLMObservations.observations.observationBody.participation.resource.modifierExtension","","extensions
user contentmodifiers","",0,*,"","Y","Y","Extension {[]} {[]}
","Extensions that cannot be ignored even if unrecognized","May be used to represent additional information that is not part of the basic definition of the element and that modifies the understanding of the element in which it is contained and/or the understanding of the containing element's descendants. Usually modifier elements provide negation or qualification. To make the use of extensions safe and manageable, there is a strict set of governance applied to the definition and use of extensions. Though any implementer can define an extension, there is a set of requirements that SHALL be met as part of the definition of the extension. Applications processing a resource are required to check for modifier extensions.

Modifier extensions SHALL NOT change the meaning of any elements on Resource or DomainResource (including cannot change the meaning of modifierExtension itself).","There can be no stigma associated with the use of extensions by any application, project, or standard - regardless of the institution or jurisdiction that uses or defines the extensions.  The use of extensions is what allows the FHIR specification to retain a core level of simplicity for everyone.","Modifier extensions allow for extensions that *cannot* be safely ignored to be clearly distinguished from the vast majority of extensions which can be safely ignored.  This promotes interoperability by eliminating the need for implementers to prohibit the presence of extensions. For further information, see the [definition of modifier extensions](http://hl7.org/fhir/R4/extensibility.html#modifierExtension).","","","","","","","",,,,,"",,,,"BackboneElement.modifierExtension",0,*,"","ele-1:All FHIR elements must have a @value or children {hasValue() or (children().count() > id.count())}
ext-1:Must have either extensions or value[x], not both {extension.exists() != value.exists()}"
"SEEHDSLMObservations.observations.observationBody.participation.resource.rivId","SEEHDSLMObservations.observations.observationBody.participation.resource.rivId","","","",0,1,"","","","https://fhir.inera.se/ig/ehds-tk/StructureDefinition/SEEHDSRivIITypeHealthcondBasic2 {[]} {[]}
","NI 2017 (Resurs.id)","Angivelse av identitetsbeteckning på en viss verklig instans av resurs, exempelvis MR-maskinen på avdelning R23, rum 3.","","","","","","","","","",,,,,"",,,,"SEEHDSLMObservations.observations.observationBody.participation.resource.rivId",0,1,"",""
"SEEHDSLMObservations.observations.observationBody.participation.resource.type","SEEHDSLMObservations.observations.observationBody.participation.resource.type","","","",0,1,"","","","https://fhir.inera.se/ig/ehds-tk/StructureDefinition/SEEHDSRivCVTypeHealthcondBasic2 {[]} {[]}
","NI 2017 (Resurs.typ)","Kod för typ av resurs, exempelvis skalpell eller typ av läkemedel (som till exempel kan anges med NPL-id).","","","","","","","","","",,,,,"",,,,"SEEHDSLMObservations.observations.observationBody.participation.resource.type",0,1,"",""
"SEEHDSLMObservations.observations.observationBody.participation.resource.groupId","SEEHDSLMObservations.observations.observationBody.participation.resource.groupId","","","",0,*,"","","","https://fhir.inera.se/ig/ehds-tk/StructureDefinition/SEEHDSRivIITypeHealthcondBasic2 {[]} {[]}
","NI 2017 (Resurs.gruppidentitet)","Angivelse av identitetsbeteckning för en grupp av resurser, exempelvis ett batchnummer eller partinummer.","","","","","","","","","",,,,,"",,,,"SEEHDSLMObservations.observations.observationBody.participation.resource.groupId",0,*,"",""
"SEEHDSLMObservations.observations.observationBody.participation.resource.amount","SEEHDSLMObservations.observations.observationBody.participation.resource.amount","","","",0,1,"","","","BackboneElement {[]} {[]}
","NI 2017 (Resurs.mängd)","Angivelse av den kvantitativa omfattning som en resurs har, uttryckt exempelvis som volym, massa eller antal. Exempel kan vara att den använda resursen blodtrycksmanschett är en till antalet. Se AmountType i avsnitt 6.1.2.2.17.","","","","","","","","","",,,,,"",,,,"SEEHDSLMObservations.observations.observationBody.participation.resource.amount",0,1,"","ele-1:All FHIR elements must have a @value or children {hasValue() or (children().count() > id.count())}
"
"SEEHDSLMObservations.observations.observationBody.participation.resource.amount.id","SEEHDSLMObservations.observations.observationBody.participation.resource.amount.id","","","",0,1,"","","","string {[]} {[]}
","Unique id for inter-element referencing","Unique id for the element within a resource (for internal references). This may be any string value that does not contain spaces.","","","","","","","","","",,,,,"",,,,"Element.id",0,1,"",""
"SEEHDSLMObservations.observations.observationBody.participation.resource.amount.extension","SEEHDSLMObservations.observations.observationBody.participation.resource.amount.extension","","extensions
user content","",0,*,"","","","Extension {[]} {[]}
","Additional content defined by implementations","May be used to represent additional information that is not part of the basic definition of the element. To make the use of extensions safe and manageable, there is a strict set of governance  applied to the definition and use of extensions. Though any implementer can define an extension, there is a set of requirements that SHALL be met as part of the definition of the extension.","There can be no stigma associated with the use of extensions by any application, project, or standard - regardless of the institution or jurisdiction that uses or defines the extensions.  The use of extensions is what allows the FHIR specification to retain a core level of simplicity for everyone.","","","","","","","","",,,,,"","value:url}
","Extensions are always sliced by (at least) url",,"open","Element.extension",0,*,"","ele-1:All FHIR elements must have a @value or children {hasValue() or (children().count() > id.count())}
ext-1:Must have either extensions or value[x], not both {extension.exists() != value.exists()}"
"SEEHDSLMObservations.observations.observationBody.participation.resource.amount.modifierExtension","SEEHDSLMObservations.observations.observationBody.participation.resource.amount.modifierExtension","","extensions
user contentmodifiers","",0,*,"","Y","Y","Extension {[]} {[]}
","Extensions that cannot be ignored even if unrecognized","May be used to represent additional information that is not part of the basic definition of the element and that modifies the understanding of the element in which it is contained and/or the understanding of the containing element's descendants. Usually modifier elements provide negation or qualification. To make the use of extensions safe and manageable, there is a strict set of governance applied to the definition and use of extensions. Though any implementer can define an extension, there is a set of requirements that SHALL be met as part of the definition of the extension. Applications processing a resource are required to check for modifier extensions.

Modifier extensions SHALL NOT change the meaning of any elements on Resource or DomainResource (including cannot change the meaning of modifierExtension itself).","There can be no stigma associated with the use of extensions by any application, project, or standard - regardless of the institution or jurisdiction that uses or defines the extensions.  The use of extensions is what allows the FHIR specification to retain a core level of simplicity for everyone.","Modifier extensions allow for extensions that *cannot* be safely ignored to be clearly distinguished from the vast majority of extensions which can be safely ignored.  This promotes interoperability by eliminating the need for implementers to prohibit the presence of extensions. For further information, see the [definition of modifier extensions](http://hl7.org/fhir/R4/extensibility.html#modifierExtension).","","","","","","","",,,,,"",,,,"BackboneElement.modifierExtension",0,*,"","ele-1:All FHIR elements must have a @value or children {hasValue() or (children().count() > id.count())}
ext-1:Must have either extensions or value[x], not both {extension.exists() != value.exists()}"
"SEEHDSLMObservations.observations.observationBody.participation.resource.amount.pq","SEEHDSLMObservations.observations.observationBody.participation.resource.amount.pq","","","",0,1,"","","","https://fhir.inera.se/ig/ehds-tk/StructureDefinition/SEEHDSRivPQTypeHealthcondBasic2 {[]} {[]}
","Värdet som är resultatet av att en mängd uppmätts, exempelvis 100 mg eller 8 tabletter","Värdet som är resultatet av att en mängd uppmätts, exempelvis 100 mg eller 8 tabletter.","","","","","","","","","",,,,,"",,,,"SEEHDSLMObservations.observations.observationBody.participation.resource.amount.pq",0,1,"",""
"SEEHDSLMObservations.observations.observationBody.participation.resource.amount.ivlPq","SEEHDSLMObservations.observations.observationBody.participation.resource.amount.ivlPq","","","",0,1,"","","","https://fhir.inera.se/ig/ehds-tk/StructureDefinition/SEEHDSRivPQIntervalTypeHealthcondBasic2 {[]} {[]}
","Intervall av mängder","Intervall av mängder.","","","","","","","","","",,,,,"",,,,"SEEHDSLMObservations.observations.observationBody.participation.resource.amount.ivlPq",0,1,"",""
"SEEHDSLMObservations.observations.observationBody.participation.resource.resourceProperty","SEEHDSLMObservations.observations.observationBody.participation.resource.resourceProperty","","","",0,*,"","","","BackboneElement {[]} {[]}
","NI 2017 (Resursegenskap)","Angivelse av egenskaper som en resurs kan ha, som inte kan utläsas från resursattributet typ [type]. Exempel är egenskapen att blodet i en blodpåse har blodgruppen ""AB+"". Kan användas för att exempelvis ange modellbeteckning för en medicinteknisk utrustning.","","","","","","","","","",,,,,"",,,,"SEEHDSLMObservations.observations.observationBody.participation.resource.resourceProperty",0,*,"","ele-1:All FHIR elements must have a @value or children {hasValue() or (children().count() > id.count())}
"
"SEEHDSLMObservations.observations.observationBody.participation.resource.resourceProperty.id","SEEHDSLMObservations.observations.observationBody.participation.resource.resourceProperty.id","","","",0,1,"","","","string {[]} {[]}
","Unique id for inter-element referencing","Unique id for the element within a resource (for internal references). This may be any string value that does not contain spaces.","","","","","","","","","",,,,,"",,,,"Element.id",0,1,"",""
"SEEHDSLMObservations.observations.observationBody.participation.resource.resourceProperty.extension","SEEHDSLMObservations.observations.observationBody.participation.resource.resourceProperty.extension","","extensions
user content","",0,*,"","","","Extension {[]} {[]}
","Additional content defined by implementations","May be used to represent additional information that is not part of the basic definition of the element. To make the use of extensions safe and manageable, there is a strict set of governance  applied to the definition and use of extensions. Though any implementer can define an extension, there is a set of requirements that SHALL be met as part of the definition of the extension.","There can be no stigma associated with the use of extensions by any application, project, or standard - regardless of the institution or jurisdiction that uses or defines the extensions.  The use of extensions is what allows the FHIR specification to retain a core level of simplicity for everyone.","","","","","","","","",,,,,"","value:url}
","Extensions are always sliced by (at least) url",,"open","Element.extension",0,*,"","ele-1:All FHIR elements must have a @value or children {hasValue() or (children().count() > id.count())}
ext-1:Must have either extensions or value[x], not both {extension.exists() != value.exists()}"
"SEEHDSLMObservations.observations.observationBody.participation.resource.resourceProperty.modifierExtension","SEEHDSLMObservations.observations.observationBody.participation.resource.resourceProperty.modifierExtension","","extensions
user contentmodifiers","",0,*,"","Y","Y","Extension {[]} {[]}
","Extensions that cannot be ignored even if unrecognized","May be used to represent additional information that is not part of the basic definition of the element and that modifies the understanding of the element in which it is contained and/or the understanding of the containing element's descendants. Usually modifier elements provide negation or qualification. To make the use of extensions safe and manageable, there is a strict set of governance applied to the definition and use of extensions. Though any implementer can define an extension, there is a set of requirements that SHALL be met as part of the definition of the extension. Applications processing a resource are required to check for modifier extensions.

Modifier extensions SHALL NOT change the meaning of any elements on Resource or DomainResource (including cannot change the meaning of modifierExtension itself).","There can be no stigma associated with the use of extensions by any application, project, or standard - regardless of the institution or jurisdiction that uses or defines the extensions.  The use of extensions is what allows the FHIR specification to retain a core level of simplicity for everyone.","Modifier extensions allow for extensions that *cannot* be safely ignored to be clearly distinguished from the vast majority of extensions which can be safely ignored.  This promotes interoperability by eliminating the need for implementers to prohibit the presence of extensions. For further information, see the [definition of modifier extensions](http://hl7.org/fhir/R4/extensibility.html#modifierExtension).","","","","","","","",,,,,"",,,,"BackboneElement.modifierExtension",0,*,"","ele-1:All FHIR elements must have a @value or children {hasValue() or (children().count() > id.count())}
ext-1:Must have either extensions or value[x], not both {extension.exists() != value.exists()}"
"SEEHDSLMObservations.observations.observationBody.participation.resource.resourceProperty.type","SEEHDSLMObservations.observations.observationBody.participation.resource.resourceProperty.type","","","",0,1,"","","","https://fhir.inera.se/ig/ehds-tk/StructureDefinition/SEEHDSRivCVTypeHealthcondBasic2 {[]} {[]}
","type","type","","","","","","","","","",,,,,"",,,,"SEEHDSLMObservations.observations.observationBody.participation.resource.resourceProperty.type",0,1,"",""
"SEEHDSLMObservations.observations.observationBody.participation.resource.resourceProperty.value","SEEHDSLMObservations.observations.observationBody.participation.resource.resourceProperty.value","","","",1,1,"","","","BackboneElement {[]} {[]}
","value","value","","","","","","","","","",,,,,"",,,,"SEEHDSLMObservations.observations.observationBody.participation.resource.resourceProperty.value",1,1,"","ele-1:All FHIR elements must have a @value or children {hasValue() or (children().count() > id.count())}
"
"SEEHDSLMObservations.observations.observationBody.participation.resource.resourceProperty.value.id","SEEHDSLMObservations.observations.observationBody.participation.resource.resourceProperty.value.id","","","",0,1,"","","","string {[]} {[]}
","Unique id for inter-element referencing","Unique id for the element within a resource (for internal references). This may be any string value that does not contain spaces.","","","","","","","","","",,,,,"",,,,"Element.id",0,1,"",""
"SEEHDSLMObservations.observations.observationBody.participation.resource.resourceProperty.value.extension","SEEHDSLMObservations.observations.observationBody.participation.resource.resourceProperty.value.extension","","extensions
user content","",0,*,"","","","Extension {[]} {[]}
","Additional content defined by implementations","May be used to represent additional information that is not part of the basic definition of the element. To make the use of extensions safe and manageable, there is a strict set of governance  applied to the definition and use of extensions. Though any implementer can define an extension, there is a set of requirements that SHALL be met as part of the definition of the extension.","There can be no stigma associated with the use of extensions by any application, project, or standard - regardless of the institution or jurisdiction that uses or defines the extensions.  The use of extensions is what allows the FHIR specification to retain a core level of simplicity for everyone.","","","","","","","","",,,,,"","value:url}
","Extensions are always sliced by (at least) url",,"open","Element.extension",0,*,"","ele-1:All FHIR elements must have a @value or children {hasValue() or (children().count() > id.count())}
ext-1:Must have either extensions or value[x], not both {extension.exists() != value.exists()}"
"SEEHDSLMObservations.observations.observationBody.participation.resource.resourceProperty.value.modifierExtension","SEEHDSLMObservations.observations.observationBody.participation.resource.resourceProperty.value.modifierExtension","","extensions
user contentmodifiers","",0,*,"","Y","Y","Extension {[]} {[]}
","Extensions that cannot be ignored even if unrecognized","May be used to represent additional information that is not part of the basic definition of the element and that modifies the understanding of the element in which it is contained and/or the understanding of the containing element's descendants. Usually modifier elements provide negation or qualification. To make the use of extensions safe and manageable, there is a strict set of governance applied to the definition and use of extensions. Though any implementer can define an extension, there is a set of requirements that SHALL be met as part of the definition of the extension. Applications processing a resource are required to check for modifier extensions.

Modifier extensions SHALL NOT change the meaning of any elements on Resource or DomainResource (including cannot change the meaning of modifierExtension itself).","There can be no stigma associated with the use of extensions by any application, project, or standard - regardless of the institution or jurisdiction that uses or defines the extensions.  The use of extensions is what allows the FHIR specification to retain a core level of simplicity for everyone.","Modifier extensions allow for extensions that *cannot* be safely ignored to be clearly distinguished from the vast majority of extensions which can be safely ignored.  This promotes interoperability by eliminating the need for implementers to prohibit the presence of extensions. For further information, see the [definition of modifier extensions](http://hl7.org/fhir/R4/extensibility.html#modifierExtension).","","","","","","","",,,,,"",,,,"BackboneElement.modifierExtension",0,*,"","ele-1:All FHIR elements must have a @value or children {hasValue() or (children().count() > id.count())}
ext-1:Must have either extensions or value[x], not both {extension.exists() != value.exists()}"
"SEEHDSLMObservations.observations.observationBody.participation.resource.resourceProperty.value.cv","SEEHDSLMObservations.observations.observationBody.participation.resource.resourceProperty.value.cv","","","",0,1,"","","","https://fhir.inera.se/ig/ehds-tk/StructureDefinition/SEEHDSRivCVTypeHealthcondBasic2 {[]} {[]}
","Kodat värde","Kodat värde. I fallet med observationer kan det exempelvis vara en diagnoskod enligt ICD-10 eller ett kliniskt fynd enligt Snomed CT.","","","","","","","","","",,,,,"",,,,"SEEHDSLMObservations.observations.observationBody.participation.resource.resourceProperty.value.cv",0,1,"",""
"SEEHDSLMObservations.observations.observationBody.participation.resource.resourceProperty.value.pq","SEEHDSLMObservations.observations.observationBody.participation.resource.resourceProperty.value.pq","","","",0,1,"","","","https://fhir.inera.se/ig/ehds-tk/StructureDefinition/SEEHDSRivPQTypeHealthcondBasic2 {[]} {[]}
","Värde som är resultatet av att någontings fysiskt uppmätts eller räknats, exempelvis 187 cm, 8 tabletter …","Värde som är resultatet av att någontings fysiskt uppmätts eller räknats, exempelvis 187 cm, 8 tabletter eller 37,8 °C.","","","","","","","","","",,,,,"",,,,"SEEHDSLMObservations.observations.observationBody.participation.resource.resourceProperty.value.pq",0,1,"",""
"SEEHDSLMObservations.observations.observationBody.participation.resource.resourceProperty.value.ivlPq","SEEHDSLMObservations.observations.observationBody.participation.resource.resourceProperty.value.ivlPq","","","",0,1,"","","","https://fhir.inera.se/ig/ehds-tk/StructureDefinition/SEEHDSRivPQIntervalTypeHealthcondBasic2 {[]} {[]}
","Intervall av värden som är resultatet av att någontings fysiskt uppmätts eller räknats, exempelvis 187-190 …","Intervall av värden som är resultatet av att någontings fysiskt uppmätts eller räknats, exempelvis 187-190 cm, 8-10 tabletter eller 37,1-37,8 °C.","","","","","","","","","",,,,,"",,,,"SEEHDSLMObservations.observations.observationBody.participation.resource.resourceProperty.value.ivlPq",0,1,"",""
"SEEHDSLMObservations.observations.observationBody.participation.resource.resourceProperty.value.ts","SEEHDSLMObservations.observations.observationBody.participation.resource.resourceProperty.value.ts","","","",0,1,"","","","https://fhir.inera.se/ig/ehds-tk/StructureDefinition/SEEHDSRivPartialTimeStampTypeHealthcondBasic2 {[]} {[]}
","Tidpunkt där precisionen kan varieras utifrån behov","Tidpunkt där precisionen kan varieras utifrån behov. Notera att det föredragna sättet att ange tiden för en observation vanligtvis är att i attributet värde (observations/observationBody/value) ange vad som observerats och i attributet tid (observations/observationBody/time) ange när.","","","","","","","","","",,,,,"",,,,"SEEHDSLMObservations.observations.observationBody.participation.resource.resourceProperty.value.ts",0,1,"",""
"SEEHDSLMObservations.observations.observationBody.participation.resource.resourceProperty.value.ivlTs","SEEHDSLMObservations.observations.observationBody.participation.resource.resourceProperty.value.ivlTs","","","",0,1,"","","","BackboneElement {[]} {[]}
","Tidsintervall där precisionen kan varieras utifrån behov","Tidsintervall där precisionen kan varieras utifrån behov. Tidpunkt där precisionen kan varieras utifrån behov. Notera att det föredragna sättet att ange tiden för en observation vanligtvis är att i attributet värde (observations/observationBody/value) ange vad som observerats och i attributet tid (observations/observationBody/time) ange när.","","","","","","","","","",,,,,"",,,,"SEEHDSLMObservations.observations.observationBody.participation.resource.resourceProperty.value.ivlTs",0,1,"","ele-1:All FHIR elements must have a @value or children {hasValue() or (children().count() > id.count())}
"
"SEEHDSLMObservations.observations.observationBody.participation.resource.resourceProperty.value.ivlTs.id","SEEHDSLMObservations.observations.observationBody.participation.resource.resourceProperty.value.ivlTs.id","","","",0,1,"","","","string {[]} {[]}
","Unique id for inter-element referencing","Unique id for the element within a resource (for internal references). This may be any string value that does not contain spaces.","","","","","","","","","",,,,,"",,,,"Element.id",0,1,"",""
"SEEHDSLMObservations.observations.observationBody.participation.resource.resourceProperty.value.ivlTs.extension","SEEHDSLMObservations.observations.observationBody.participation.resource.resourceProperty.value.ivlTs.extension","","extensions
user content","",0,*,"","","","Extension {[]} {[]}
","Additional content defined by implementations","May be used to represent additional information that is not part of the basic definition of the element. To make the use of extensions safe and manageable, there is a strict set of governance  applied to the definition and use of extensions. Though any implementer can define an extension, there is a set of requirements that SHALL be met as part of the definition of the extension.","There can be no stigma associated with the use of extensions by any application, project, or standard - regardless of the institution or jurisdiction that uses or defines the extensions.  The use of extensions is what allows the FHIR specification to retain a core level of simplicity for everyone.","","","","","","","","",,,,,"","value:url}
","Extensions are always sliced by (at least) url",,"open","Element.extension",0,*,"","ele-1:All FHIR elements must have a @value or children {hasValue() or (children().count() > id.count())}
ext-1:Must have either extensions or value[x], not both {extension.exists() != value.exists()}"
"SEEHDSLMObservations.observations.observationBody.participation.resource.resourceProperty.value.ivlTs.modifierExtension","SEEHDSLMObservations.observations.observationBody.participation.resource.resourceProperty.value.ivlTs.modifierExtension","","extensions
user contentmodifiers","",0,*,"","Y","Y","Extension {[]} {[]}
","Extensions that cannot be ignored even if unrecognized","May be used to represent additional information that is not part of the basic definition of the element and that modifies the understanding of the element in which it is contained and/or the understanding of the containing element's descendants. Usually modifier elements provide negation or qualification. To make the use of extensions safe and manageable, there is a strict set of governance applied to the definition and use of extensions. Though any implementer can define an extension, there is a set of requirements that SHALL be met as part of the definition of the extension. Applications processing a resource are required to check for modifier extensions.

Modifier extensions SHALL NOT change the meaning of any elements on Resource or DomainResource (including cannot change the meaning of modifierExtension itself).","There can be no stigma associated with the use of extensions by any application, project, or standard - regardless of the institution or jurisdiction that uses or defines the extensions.  The use of extensions is what allows the FHIR specification to retain a core level of simplicity for everyone.","Modifier extensions allow for extensions that *cannot* be safely ignored to be clearly distinguished from the vast majority of extensions which can be safely ignored.  This promotes interoperability by eliminating the need for implementers to prohibit the presence of extensions. For further information, see the [definition of modifier extensions](http://hl7.org/fhir/R4/extensibility.html#modifierExtension).","","","","","","","",,,,,"",,,,"BackboneElement.modifierExtension",0,*,"","ele-1:All FHIR elements must have a @value or children {hasValue() or (children().count() > id.count())}
ext-1:Must have either extensions or value[x], not both {extension.exists() != value.exists()}"
"SEEHDSLMObservations.observations.observationBody.participation.resource.resourceProperty.value.ivlTs.start","SEEHDSLMObservations.observations.observationBody.participation.resource.resourceProperty.value.ivlTs.start","","","",0,1,"","","","https://fhir.inera.se/ig/ehds-tk/StructureDefinition/SEEHDSRivPartialTimeStampTypeHealthcondBasic2 {[]} {[]}
","YYYY, YYYYMM, YYYYMMDD, YYYYMMDDhh, YYYYMMDDhhmm, YYYYMMDDhhmmss","YYYY, YYYYMM, YYYYMMDD, YYYYMMDDhh, YYYYMMDDhhmm, YYYYMMDDhhmmss","","","","","","","","","",,,,,"",,,,"SEEHDSLMObservations.observations.observationBody.participation.resource.resourceProperty.value.ivlTs.start",0,1,"",""
"SEEHDSLMObservations.observations.observationBody.participation.resource.resourceProperty.value.ivlTs.end","SEEHDSLMObservations.observations.observationBody.participation.resource.resourceProperty.value.ivlTs.end","","","",0,1,"","","","https://fhir.inera.se/ig/ehds-tk/StructureDefinition/SEEHDSRivPartialTimeStampTypeHealthcondBasic2 {[]} {[]}
","YYYY, YYYYMM, YYYYMMDD, YYYYMMDDhh, YYYYMMDDhhmm, YYYYMMDDhhmmss","YYYY, YYYYMM, YYYYMMDD, YYYYMMDDhh, YYYYMMDDhhmm, YYYYMMDDhhmmss","","","","","","","","","",,,,,"",,,,"SEEHDSLMObservations.observations.observationBody.participation.resource.resourceProperty.value.ivlTs.end",0,1,"",""
"SEEHDSLMObservations.observations.observationBody.participation.resource.resourceProperty.value.st","SEEHDSLMObservations.observations.observationBody.participation.resource.resourceProperty.value.st","","","",0,1,"","","","https://fhir.inera.se/ig/ehds-tk/StructureDefinition/SEEHDSRivString {[]} {[]}
","Textuell beskrivning","Textuell beskrivning.","","","","","","","","","",,,,,"",,,,"SEEHDSLMObservations.observations.observationBody.participation.resource.resourceProperty.value.st",0,1,"",""
"SEEHDSLMObservations.observations.observationBody.participation.resource.resourceProperty.value.int","SEEHDSLMObservations.observations.observationBody.participation.resource.resourceProperty.value.int","","","",0,1,"","","","https://fhir.inera.se/ig/ehds-tk/StructureDefinition/SEEHDSRivInteger {[]} {[]}
","Heltal","Heltal. Ska användas då något klassificerats numeriskt på en skattningsskala, exempelvis 1 poäng på Apgarskalan för Grimaser, reflex, retbarhet. Denna typ ska inte användas för numeriska värden som är ett resultat av att någonting fysiskt uppmätts eller räknats (exempelvis antal tabletter). Fysiskt uppmätta eller räknade värden ska istället dokumenteras med typen pq.","","","","","","","","","",,,,,"",,,,"SEEHDSLMObservations.observations.observationBody.participation.resource.resourceProperty.value.int",0,1,"",""
"SEEHDSLMObservations.observations.observationBody.participation.organisation","SEEHDSLMObservations.observations.observationBody.participation.organisation","","","",0,1,"","","","BackboneElement {[]} {[]}
","Organisation som deltar i observationen (OrganisationType).","Organisation som deltar i observationen. Se OrganisationType i avsnitt 6.1.2.2.13.","","","","","","","","","",,,,,"",,,,"SEEHDSLMObservations.observations.observationBody.participation.organisation",0,1,"","ele-1:All FHIR elements must have a @value or children {hasValue() or (children().count() > id.count())}
"
"SEEHDSLMObservations.observations.observationBody.participation.organisation.id","SEEHDSLMObservations.observations.observationBody.participation.organisation.id","","","",0,1,"","","","string {[]} {[]}
","Unique id for inter-element referencing","Unique id for the element within a resource (for internal references). This may be any string value that does not contain spaces.","","","","","","","","","",,,,,"",,,,"Element.id",0,1,"",""
"SEEHDSLMObservations.observations.observationBody.participation.organisation.extension","SEEHDSLMObservations.observations.observationBody.participation.organisation.extension","","extensions
user content","",0,*,"","","","Extension {[]} {[]}
","Additional content defined by implementations","May be used to represent additional information that is not part of the basic definition of the element. To make the use of extensions safe and manageable, there is a strict set of governance  applied to the definition and use of extensions. Though any implementer can define an extension, there is a set of requirements that SHALL be met as part of the definition of the extension.","There can be no stigma associated with the use of extensions by any application, project, or standard - regardless of the institution or jurisdiction that uses or defines the extensions.  The use of extensions is what allows the FHIR specification to retain a core level of simplicity for everyone.","","","","","","","","",,,,,"","value:url}
","Extensions are always sliced by (at least) url",,"open","Element.extension",0,*,"","ele-1:All FHIR elements must have a @value or children {hasValue() or (children().count() > id.count())}
ext-1:Must have either extensions or value[x], not both {extension.exists() != value.exists()}"
"SEEHDSLMObservations.observations.observationBody.participation.organisation.modifierExtension","SEEHDSLMObservations.observations.observationBody.participation.organisation.modifierExtension","","extensions
user contentmodifiers","",0,*,"","Y","Y","Extension {[]} {[]}
","Extensions that cannot be ignored even if unrecognized","May be used to represent additional information that is not part of the basic definition of the element and that modifies the understanding of the element in which it is contained and/or the understanding of the containing element's descendants. Usually modifier elements provide negation or qualification. To make the use of extensions safe and manageable, there is a strict set of governance applied to the definition and use of extensions. Though any implementer can define an extension, there is a set of requirements that SHALL be met as part of the definition of the extension. Applications processing a resource are required to check for modifier extensions.

Modifier extensions SHALL NOT change the meaning of any elements on Resource or DomainResource (including cannot change the meaning of modifierExtension itself).","There can be no stigma associated with the use of extensions by any application, project, or standard - regardless of the institution or jurisdiction that uses or defines the extensions.  The use of extensions is what allows the FHIR specification to retain a core level of simplicity for everyone.","Modifier extensions allow for extensions that *cannot* be safely ignored to be clearly distinguished from the vast majority of extensions which can be safely ignored.  This promotes interoperability by eliminating the need for implementers to prohibit the presence of extensions. For further information, see the [definition of modifier extensions](http://hl7.org/fhir/R4/extensibility.html#modifierExtension).","","","","","","","",,,,,"",,,,"BackboneElement.modifierExtension",0,*,"","ele-1:All FHIR elements must have a @value or children {hasValue() or (children().count() > id.count())}
ext-1:Must have either extensions or value[x], not both {extension.exists() != value.exists()}"
"SEEHDSLMObservations.observations.observationBody.participation.organisation.rivId","SEEHDSLMObservations.observations.observationBody.participation.organisation.rivId","","","",0,1,"","","","https://fhir.inera.se/ig/ehds-tk/StructureDefinition/SEEHDSRivIITypeHealthcondBasic2 {[]} {[]}
","Id för organisation","Id för organisation. Vanligtvis HSA-id.","","","","","","","","","",,,,,"",,,,"SEEHDSLMObservations.observations.observationBody.participation.organisation.rivId",0,1,"",""
"SEEHDSLMObservations.observations.observationBody.participation.organisation.type","SEEHDSLMObservations.observations.observationBody.participation.organisation.type","","","",0,1,"","","","https://fhir.inera.se/ig/ehds-tk/StructureDefinition/SEEHDSRivCVTypeHealthcondBasic2 {[]} {[]}
","N1 2017 (Organisation.typ)","Kod för vilken typ av organisation som avses, exempelvis vårdgivare eller vårdenhet. Ger också möjlighet att ange exempelvis socialtjänst eller annan myndighet.","","","","","","","","","",,,,,"",,,,"SEEHDSLMObservations.observations.observationBody.participation.organisation.type",0,1,"",""
"SEEHDSLMObservations.observations.observationBody.participation.organisation.name","SEEHDSLMObservations.observations.observationBody.participation.organisation.name","","","",0,1,"","","","https://fhir.inera.se/ig/ehds-tk/StructureDefinition/SEEHDSRivString {[]} {[]}
","Organisationens namn","Organisationens namn","","","","","","","","","",,,,,"",,,,"SEEHDSLMObservations.observations.observationBody.participation.organisation.name",0,1,"",""
"SEEHDSLMObservations.observations.observationBody.participation.organisation.address","SEEHDSLMObservations.observations.observationBody.participation.organisation.address","","","",0,*,"","","","BackboneElement {[]} {[]}
","NI 2017 (Organisation.adress)","Angivelse av adressinformation för fysisk plats till organisation, exempelvis besöksadress eller fakturaadress. Se AddressType i avsnitt 6.1.2.2.14.","","","","","","","","","",,,,,"",,,,"SEEHDSLMObservations.observations.observationBody.participation.organisation.address",0,*,"","ele-1:All FHIR elements must have a @value or children {hasValue() or (children().count() > id.count())}
"
"SEEHDSLMObservations.observations.observationBody.participation.organisation.address.id","SEEHDSLMObservations.observations.observationBody.participation.organisation.address.id","","","",0,1,"","","","string {[]} {[]}
","Unique id for inter-element referencing","Unique id for the element within a resource (for internal references). This may be any string value that does not contain spaces.","","","","","","","","","",,,,,"",,,,"Element.id",0,1,"",""
"SEEHDSLMObservations.observations.observationBody.participation.organisation.address.extension","SEEHDSLMObservations.observations.observationBody.participation.organisation.address.extension","","extensions
user content","",0,*,"","","","Extension {[]} {[]}
","Additional content defined by implementations","May be used to represent additional information that is not part of the basic definition of the element. To make the use of extensions safe and manageable, there is a strict set of governance  applied to the definition and use of extensions. Though any implementer can define an extension, there is a set of requirements that SHALL be met as part of the definition of the extension.","There can be no stigma associated with the use of extensions by any application, project, or standard - regardless of the institution or jurisdiction that uses or defines the extensions.  The use of extensions is what allows the FHIR specification to retain a core level of simplicity for everyone.","","","","","","","","",,,,,"","value:url}
","Extensions are always sliced by (at least) url",,"open","Element.extension",0,*,"","ele-1:All FHIR elements must have a @value or children {hasValue() or (children().count() > id.count())}
ext-1:Must have either extensions or value[x], not both {extension.exists() != value.exists()}"
"SEEHDSLMObservations.observations.observationBody.participation.organisation.address.modifierExtension","SEEHDSLMObservations.observations.observationBody.participation.organisation.address.modifierExtension","","extensions
user contentmodifiers","",0,*,"","Y","Y","Extension {[]} {[]}
","Extensions that cannot be ignored even if unrecognized","May be used to represent additional information that is not part of the basic definition of the element and that modifies the understanding of the element in which it is contained and/or the understanding of the containing element's descendants. Usually modifier elements provide negation or qualification. To make the use of extensions safe and manageable, there is a strict set of governance applied to the definition and use of extensions. Though any implementer can define an extension, there is a set of requirements that SHALL be met as part of the definition of the extension. Applications processing a resource are required to check for modifier extensions.

Modifier extensions SHALL NOT change the meaning of any elements on Resource or DomainResource (including cannot change the meaning of modifierExtension itself).","There can be no stigma associated with the use of extensions by any application, project, or standard - regardless of the institution or jurisdiction that uses or defines the extensions.  The use of extensions is what allows the FHIR specification to retain a core level of simplicity for everyone.","Modifier extensions allow for extensions that *cannot* be safely ignored to be clearly distinguished from the vast majority of extensions which can be safely ignored.  This promotes interoperability by eliminating the need for implementers to prohibit the presence of extensions. For further information, see the [definition of modifier extensions](http://hl7.org/fhir/R4/extensibility.html#modifierExtension).","","","","","","","",,,,,"",,,,"BackboneElement.modifierExtension",0,*,"","ele-1:All FHIR elements must have a @value or children {hasValue() or (children().count() > id.count())}
ext-1:Must have either extensions or value[x], not both {extension.exists() != value.exists()}"
"SEEHDSLMObservations.observations.observationBody.participation.organisation.address.use","SEEHDSLMObservations.observations.observationBody.participation.organisation.address.use","","","",0,1,"","","","https://fhir.inera.se/ig/ehds-tk/StructureDefinition/SEEHDSRivString {[]} {[]}
","Om flera adresser anges skiljs de åt via sin användningskod","Om flera adresser anges skiljs de åt via sin användningskod. Den primära/default adressen anges alltid utan användningskod. Möjliga värden: PHYS = Fysisk besöksadress H = Hemadress HV = Semesteradress WP = Adress till arbetsplats TMP = Tillfällig adress När det inte finns en adress med användningskod som matchar syftet med adressanvändningen, väljs den primära adressen.
Tillåtna värden enligt XSD: PHYS, H, HV, WP, TMP.","","","","","","","","","",,,,,"",,,,"SEEHDSLMObservations.observations.observationBody.participation.organisation.address.use",0,1,"",""
"SEEHDSLMObservations.observations.observationBody.participation.organisation.address.part","SEEHDSLMObservations.observations.observationBody.participation.organisation.address.part","","","",1,*,"","","","BackboneElement {[]} {[]}
","Del av adress, exempelvis gatuadress eller postnummer","Del av adress, exempelvis gatuadress eller postnummer.","","","","","","","","","",,,,,"",,,,"SEEHDSLMObservations.observations.observationBody.participation.organisation.address.part",1,*,"","ele-1:All FHIR elements must have a @value or children {hasValue() or (children().count() > id.count())}
"
"SEEHDSLMObservations.observations.observationBody.participation.organisation.address.part.id","SEEHDSLMObservations.observations.observationBody.participation.organisation.address.part.id","","","",0,1,"","","","string {[]} {[]}
","Unique id for inter-element referencing","Unique id for the element within a resource (for internal references). This may be any string value that does not contain spaces.","","","","","","","","","",,,,,"",,,,"Element.id",0,1,"",""
"SEEHDSLMObservations.observations.observationBody.participation.organisation.address.part.extension","SEEHDSLMObservations.observations.observationBody.participation.organisation.address.part.extension","","extensions
user content","",0,*,"","","","Extension {[]} {[]}
","Additional content defined by implementations","May be used to represent additional information that is not part of the basic definition of the element. To make the use of extensions safe and manageable, there is a strict set of governance  applied to the definition and use of extensions. Though any implementer can define an extension, there is a set of requirements that SHALL be met as part of the definition of the extension.","There can be no stigma associated with the use of extensions by any application, project, or standard - regardless of the institution or jurisdiction that uses or defines the extensions.  The use of extensions is what allows the FHIR specification to retain a core level of simplicity for everyone.","","","","","","","","",,,,,"","value:url}
","Extensions are always sliced by (at least) url",,"open","Element.extension",0,*,"","ele-1:All FHIR elements must have a @value or children {hasValue() or (children().count() > id.count())}
ext-1:Must have either extensions or value[x], not both {extension.exists() != value.exists()}"
"SEEHDSLMObservations.observations.observationBody.participation.organisation.address.part.modifierExtension","SEEHDSLMObservations.observations.observationBody.participation.organisation.address.part.modifierExtension","","extensions
user contentmodifiers","",0,*,"","Y","Y","Extension {[]} {[]}
","Extensions that cannot be ignored even if unrecognized","May be used to represent additional information that is not part of the basic definition of the element and that modifies the understanding of the element in which it is contained and/or the understanding of the containing element's descendants. Usually modifier elements provide negation or qualification. To make the use of extensions safe and manageable, there is a strict set of governance applied to the definition and use of extensions. Though any implementer can define an extension, there is a set of requirements that SHALL be met as part of the definition of the extension. Applications processing a resource are required to check for modifier extensions.

Modifier extensions SHALL NOT change the meaning of any elements on Resource or DomainResource (including cannot change the meaning of modifierExtension itself).","There can be no stigma associated with the use of extensions by any application, project, or standard - regardless of the institution or jurisdiction that uses or defines the extensions.  The use of extensions is what allows the FHIR specification to retain a core level of simplicity for everyone.","Modifier extensions allow for extensions that *cannot* be safely ignored to be clearly distinguished from the vast majority of extensions which can be safely ignored.  This promotes interoperability by eliminating the need for implementers to prohibit the presence of extensions. For further information, see the [definition of modifier extensions](http://hl7.org/fhir/R4/extensibility.html#modifierExtension).","","","","","","","",,,,,"",,,,"BackboneElement.modifierExtension",0,*,"","ele-1:All FHIR elements must have a @value or children {hasValue() or (children().count() > id.count())}
ext-1:Must have either extensions or value[x], not both {extension.exists() != value.exists()}"
"SEEHDSLMObservations.observations.observationBody.participation.organisation.address.part.value","SEEHDSLMObservations.observations.observationBody.participation.organisation.address.part.value","","","",1,1,"","","","https://fhir.inera.se/ig/ehds-tk/StructureDefinition/SEEHDSRivString {[]} {[]}
","value","value","","","","","","","","","",,,,,"",,,,"SEEHDSLMObservations.observations.observationBody.participation.organisation.address.part.value",1,1,"",""
"SEEHDSLMObservations.observations.observationBody.participation.organisation.address.part.type","SEEHDSLMObservations.observations.observationBody.participation.organisation.address.part.type","","","",0,1,"","","","https://fhir.inera.se/ig/ehds-tk/StructureDefinition/SEEHDSRivString {[]} {[]}
","type","Tillåtna värden enligt XSD: SAL, CAR, CEN, CNT, CPA, CTY, ZIP, POB, PRE.","","","","","","","","","",,,,,"",,,,"SEEHDSLMObservations.observations.observationBody.participation.organisation.address.part.type",0,1,"",""
"SEEHDSLMObservations.observations.observationBody.participation.organisation.electronicAddress","SEEHDSLMObservations.observations.observationBody.participation.organisation.electronicAddress","","","",0,*,"","","","BackboneElement {[]} {[]}
","NI 2017 (Organisation.elektroniskAdress)","Angivelse av elektronisk adressinformation till organisation. Här avses även telefonnummer. Exempel är telefonnummer till växel, e-postadress eller webbadress. Se TelType i avsnitt 6.1.2.2.15.","","","","","","","","","",,,,,"",,,,"SEEHDSLMObservations.observations.observationBody.participation.organisation.electronicAddress",0,*,"","ele-1:All FHIR elements must have a @value or children {hasValue() or (children().count() > id.count())}
"
"SEEHDSLMObservations.observations.observationBody.participation.organisation.electronicAddress.id","SEEHDSLMObservations.observations.observationBody.participation.organisation.electronicAddress.id","","","",0,1,"","","","string {[]} {[]}
","Unique id for inter-element referencing","Unique id for the element within a resource (for internal references). This may be any string value that does not contain spaces.","","","","","","","","","",,,,,"",,,,"Element.id",0,1,"",""
"SEEHDSLMObservations.observations.observationBody.participation.organisation.electronicAddress.extension","SEEHDSLMObservations.observations.observationBody.participation.organisation.electronicAddress.extension","","extensions
user content","",0,*,"","","","Extension {[]} {[]}
","Additional content defined by implementations","May be used to represent additional information that is not part of the basic definition of the element. To make the use of extensions safe and manageable, there is a strict set of governance  applied to the definition and use of extensions. Though any implementer can define an extension, there is a set of requirements that SHALL be met as part of the definition of the extension.","There can be no stigma associated with the use of extensions by any application, project, or standard - regardless of the institution or jurisdiction that uses or defines the extensions.  The use of extensions is what allows the FHIR specification to retain a core level of simplicity for everyone.","","","","","","","","",,,,,"","value:url}
","Extensions are always sliced by (at least) url",,"open","Element.extension",0,*,"","ele-1:All FHIR elements must have a @value or children {hasValue() or (children().count() > id.count())}
ext-1:Must have either extensions or value[x], not both {extension.exists() != value.exists()}"
"SEEHDSLMObservations.observations.observationBody.participation.organisation.electronicAddress.modifierExtension","SEEHDSLMObservations.observations.observationBody.participation.organisation.electronicAddress.modifierExtension","","extensions
user contentmodifiers","",0,*,"","Y","Y","Extension {[]} {[]}
","Extensions that cannot be ignored even if unrecognized","May be used to represent additional information that is not part of the basic definition of the element and that modifies the understanding of the element in which it is contained and/or the understanding of the containing element's descendants. Usually modifier elements provide negation or qualification. To make the use of extensions safe and manageable, there is a strict set of governance applied to the definition and use of extensions. Though any implementer can define an extension, there is a set of requirements that SHALL be met as part of the definition of the extension. Applications processing a resource are required to check for modifier extensions.

Modifier extensions SHALL NOT change the meaning of any elements on Resource or DomainResource (including cannot change the meaning of modifierExtension itself).","There can be no stigma associated with the use of extensions by any application, project, or standard - regardless of the institution or jurisdiction that uses or defines the extensions.  The use of extensions is what allows the FHIR specification to retain a core level of simplicity for everyone.","Modifier extensions allow for extensions that *cannot* be safely ignored to be clearly distinguished from the vast majority of extensions which can be safely ignored.  This promotes interoperability by eliminating the need for implementers to prohibit the presence of extensions. For further information, see the [definition of modifier extensions](http://hl7.org/fhir/R4/extensibility.html#modifierExtension).","","","","","","","",,,,,"",,,,"BackboneElement.modifierExtension",0,*,"","ele-1:All FHIR elements must have a @value or children {hasValue() or (children().count() > id.count())}
ext-1:Must have either extensions or value[x], not both {extension.exists() != value.exists()}"
"SEEHDSLMObservations.observations.observationBody.participation.organisation.electronicAddress.value","SEEHDSLMObservations.observations.observationBody.participation.organisation.electronicAddress.value","","","",1,1,"","","","https://fhir.inera.se/ig/ehds-tk/StructureDefinition/SEEHDSRivAnyURI {[]} {[]}
","Elektronisk adress, t.ex.","Elektronisk adress, t.ex. e-mail eller telefonnummer. Anges i form av en URI inklusive prefix som anger protokoll. Telefonnummer anges med prefixet ”tel:”, e-mailadresser med ”mailto:” och webbsidor med ”http:” eller ”https:”. Exempel: value=”tel:+46702353535” value=”mailto:lars@gmail.com” value=”http://www.1177.se”","","","","","","","","","",,,,,"",,,,"SEEHDSLMObservations.observations.observationBody.participation.organisation.electronicAddress.value",1,1,"",""
"SEEHDSLMObservations.observations.observationBody.participation.organisation.electronicAddress.capabilities","SEEHDSLMObservations.observations.observationBody.participation.organisation.electronicAddress.capabilities","","","",0,*,"","","","https://fhir.inera.se/ig/ehds-tk/StructureDefinition/SEEHDSRivString {[]} {[]}
","Kan användas för telefonnummer för att ange om numret har möjlighet att ta emot röstsamtal, fax eller SMS","Kan användas för telefonnummer för att ange om numret har möjlighet att ta emot röstsamtal, fax eller SMS. Möjliga värden: voice = Numret kan ta emot röstsamtal fax = Numret kan ta emot fax sms = Numret kan ta emot SMS
Tillåtna värden enligt XSD: voice, fax, sms.","","","","","","","","","",,,,,"",,,,"SEEHDSLMObservations.observations.observationBody.participation.organisation.electronicAddress.capabilities",0,*,"",""
"SEEHDSLMObservations.observations.observationBody.participation.organisation.electronicAddress.use","SEEHDSLMObservations.observations.observationBody.participation.organisation.electronicAddress.use","","","",0,*,"","","","https://fhir.inera.se/ig/ehds-tk/StructureDefinition/SEEHDSRivString {[]} {[]}
","Om flera elektroniska adresser anges skiljs de åt via sin användningskod","Om flera elektroniska adresser anges skiljs de åt via sin användningskod. Möjliga värden: H = Används i hemmet/privat HV = Används under semester WP = Används på arbetet/i tjänsten TMP = Används tillfälligt
Tillåtna värden enligt XSD: H, HV, WP, TMP.","","","","","","","","","",,,,,"",,,,"SEEHDSLMObservations.observations.observationBody.participation.organisation.electronicAddress.use",0,*,"",""
"SEEHDSLMObservations.observations.observationBody.relation","SEEHDSLMObservations.observations.observationBody.relation","","","",0,*,"","","","BackboneElement {[]} {[]}
","Typade samband till andra informationsmängder (RelationType).","Motsvarar delvis klassen Samband i NI 2017.
Exempel: ett systoliskt blodtryck (observation) är resultat av aktiviteten blodtrycksmätning.","","","","","","","","","",,,,,"",,,,"SEEHDSLMObservations.observations.observationBody.relation",0,*,"","ele-1:All FHIR elements must have a @value or children {hasValue() or (children().count() > id.count())}
"
"SEEHDSLMObservations.observations.observationBody.relation.id","SEEHDSLMObservations.observations.observationBody.relation.id","","","",0,1,"","","","string {[]} {[]}
","Unique id for inter-element referencing","Unique id for the element within a resource (for internal references). This may be any string value that does not contain spaces.","","","","","","","","","",,,,,"",,,,"Element.id",0,1,"",""
"SEEHDSLMObservations.observations.observationBody.relation.extension","SEEHDSLMObservations.observations.observationBody.relation.extension","","extensions
user content","",0,*,"","","","Extension {[]} {[]}
","Additional content defined by implementations","May be used to represent additional information that is not part of the basic definition of the element. To make the use of extensions safe and manageable, there is a strict set of governance  applied to the definition and use of extensions. Though any implementer can define an extension, there is a set of requirements that SHALL be met as part of the definition of the extension.","There can be no stigma associated with the use of extensions by any application, project, or standard - regardless of the institution or jurisdiction that uses or defines the extensions.  The use of extensions is what allows the FHIR specification to retain a core level of simplicity for everyone.","","","","","","","","",,,,,"","value:url}
","Extensions are always sliced by (at least) url",,"open","Element.extension",0,*,"","ele-1:All FHIR elements must have a @value or children {hasValue() or (children().count() > id.count())}
ext-1:Must have either extensions or value[x], not both {extension.exists() != value.exists()}"
"SEEHDSLMObservations.observations.observationBody.relation.modifierExtension","SEEHDSLMObservations.observations.observationBody.relation.modifierExtension","","extensions
user contentmodifiers","",0,*,"","Y","Y","Extension {[]} {[]}
","Extensions that cannot be ignored even if unrecognized","May be used to represent additional information that is not part of the basic definition of the element and that modifies the understanding of the element in which it is contained and/or the understanding of the containing element's descendants. Usually modifier elements provide negation or qualification. To make the use of extensions safe and manageable, there is a strict set of governance applied to the definition and use of extensions. Though any implementer can define an extension, there is a set of requirements that SHALL be met as part of the definition of the extension. Applications processing a resource are required to check for modifier extensions.

Modifier extensions SHALL NOT change the meaning of any elements on Resource or DomainResource (including cannot change the meaning of modifierExtension itself).","There can be no stigma associated with the use of extensions by any application, project, or standard - regardless of the institution or jurisdiction that uses or defines the extensions.  The use of extensions is what allows the FHIR specification to retain a core level of simplicity for everyone.","Modifier extensions allow for extensions that *cannot* be safely ignored to be clearly distinguished from the vast majority of extensions which can be safely ignored.  This promotes interoperability by eliminating the need for implementers to prohibit the presence of extensions. For further information, see the [definition of modifier extensions](http://hl7.org/fhir/R4/extensibility.html#modifierExtension).","","","","","","","",,,,,"",,,,"BackboneElement.modifierExtension",0,*,"","ele-1:All FHIR elements must have a @value or children {hasValue() or (children().count() > id.count())}
ext-1:Must have either extensions or value[x], not both {extension.exists() != value.exists()}"
"SEEHDSLMObservations.observations.observationBody.relation.type","SEEHDSLMObservations.observations.observationBody.relation.type","","","",1,1,"","","","https://fhir.inera.se/ig/ehds-tk/StructureDefinition/SEEHDSRivCVTypeHealthcondBasic2 {[]} {[]}
","NI 2017 (Samband.typ)","Kod för på vilket sätt två företeelser dokumenterade som uppgifter i patientjournal är relaterade till varandra. Exempelvis observationen att patienten har typ 2-diabetes har grund i observationerna att patienten är trött, kissar mycket och har ett förhöjt blodsockervärde, där typ av samband är ”har grund”. Koder för sambandstyp tillhandahålls av Socialstyrelsen som ett urval ur Snomed CT samt som bilaga till NI 2017 [R5]. Snomed CT urvals-id är 53371000052106. Vilka koder som ingår i urvalet söks fram i IHTSDO SNOMED CT Browser [R7]. Om koder utanför urvalet behöver användas ska detta göras i samråd med Socialstyrelsen.","","","","","","","","","",,,,,"",,,,"SEEHDSLMObservations.observations.observationBody.relation.type",1,1,"",""
"SEEHDSLMObservations.observations.observationBody.relation.referredInformation","SEEHDSLMObservations.observations.observationBody.relation.referredInformation","","","",1,1,"","","","BackboneElement {[]} {[]}
","Referens till en uppgift i patientjournal som observationen har samband till.","Referens till en uppgift i patientjournal som denna observation har ett samband till.","","","","","","","","","",,,,,"",,,,"SEEHDSLMObservations.observations.observationBody.relation.referredInformation",1,1,"","ele-1:All FHIR elements must have a @value or children {hasValue() or (children().count() > id.count())}
"
"SEEHDSLMObservations.observations.observationBody.relation.referredInformation.id","SEEHDSLMObservations.observations.observationBody.relation.referredInformation.id","","","",0,1,"","","","string {[]} {[]}
","Unique id for inter-element referencing","Unique id for the element within a resource (for internal references). This may be any string value that does not contain spaces.","","","","","","","","","",,,,,"",,,,"Element.id",0,1,"",""
"SEEHDSLMObservations.observations.observationBody.relation.referredInformation.extension","SEEHDSLMObservations.observations.observationBody.relation.referredInformation.extension","","extensions
user content","",0,*,"","","","Extension {[]} {[]}
","Additional content defined by implementations","May be used to represent additional information that is not part of the basic definition of the element. To make the use of extensions safe and manageable, there is a strict set of governance  applied to the definition and use of extensions. Though any implementer can define an extension, there is a set of requirements that SHALL be met as part of the definition of the extension.","There can be no stigma associated with the use of extensions by any application, project, or standard - regardless of the institution or jurisdiction that uses or defines the extensions.  The use of extensions is what allows the FHIR specification to retain a core level of simplicity for everyone.","","","","","","","","",,,,,"","value:url}
","Extensions are always sliced by (at least) url",,"open","Element.extension",0,*,"","ele-1:All FHIR elements must have a @value or children {hasValue() or (children().count() > id.count())}
ext-1:Must have either extensions or value[x], not both {extension.exists() != value.exists()}"
"SEEHDSLMObservations.observations.observationBody.relation.referredInformation.modifierExtension","SEEHDSLMObservations.observations.observationBody.relation.referredInformation.modifierExtension","","extensions
user contentmodifiers","",0,*,"","Y","Y","Extension {[]} {[]}
","Extensions that cannot be ignored even if unrecognized","May be used to represent additional information that is not part of the basic definition of the element and that modifies the understanding of the element in which it is contained and/or the understanding of the containing element's descendants. Usually modifier elements provide negation or qualification. To make the use of extensions safe and manageable, there is a strict set of governance applied to the definition and use of extensions. Though any implementer can define an extension, there is a set of requirements that SHALL be met as part of the definition of the extension. Applications processing a resource are required to check for modifier extensions.

Modifier extensions SHALL NOT change the meaning of any elements on Resource or DomainResource (including cannot change the meaning of modifierExtension itself).","There can be no stigma associated with the use of extensions by any application, project, or standard - regardless of the institution or jurisdiction that uses or defines the extensions.  The use of extensions is what allows the FHIR specification to retain a core level of simplicity for everyone.","Modifier extensions allow for extensions that *cannot* be safely ignored to be clearly distinguished from the vast majority of extensions which can be safely ignored.  This promotes interoperability by eliminating the need for implementers to prohibit the presence of extensions. For further information, see the [definition of modifier extensions](http://hl7.org/fhir/R4/extensibility.html#modifierExtension).","","","","","","","",,,,,"",,,,"BackboneElement.modifierExtension",0,*,"","ele-1:All FHIR elements must have a @value or children {hasValue() or (children().count() > id.count())}
ext-1:Must have either extensions or value[x], not both {extension.exists() != value.exists()}"
"SEEHDSLMObservations.observations.observationBody.relation.referredInformation.rivId","SEEHDSLMObservations.observations.observationBody.relation.referredInformation.rivId","","","",1,1,"","","","https://fhir.inera.se/ig/ehds-tk/StructureDefinition/SEEHDSRivIITypeHealthcondBasic2 {[]} {[]}
","id","id","","","","","","","","","",,,,,"",,,,"SEEHDSLMObservations.observations.observationBody.relation.referredInformation.rivId",1,1,"",""
"SEEHDSLMObservations.observations.observationBody.relation.referredInformation.time","SEEHDSLMObservations.observations.observationBody.relation.referredInformation.time","","","",1,1,"","","","https://fhir.inera.se/ig/ehds-tk/StructureDefinition/SEEHDSRivPartialTimeStampTypeHealthcondBasic2 {[]} {[]}
","Starttid för refererad information. Format: ÅÅÅÅMMDDttmmss (varierande precision). Se övrig regel 4.","YYYY, YYYYMM, YYYYMMDD, YYYYMMDDhh, YYYYMMDDhhmm, YYYYMMDDhhmmss","","","","","","","","","",,,,,"",,,,"SEEHDSLMObservations.observations.observationBody.relation.referredInformation.time",1,1,"",""
"SEEHDSLMObservations.observations.observationBody.relation.referredInformation.categorization","SEEHDSLMObservations.observations.observationBody.relation.referredInformation.categorization","","","",1,1,"","","","https://fhir.inera.se/ig/ehds-tk/StructureDefinition/SEEHDSRivString {[]} {[]}
","Typ av information som sambandet pekar ut (kod från Categorization i engagemangsindexposten).","Typ av information som sambandet pekar ut (kod från Categorization i engagemangsindexposten).","","","","","","","","","",,,,,"",,,,"SEEHDSLMObservations.observations.observationBody.relation.referredInformation.categorization",1,1,"",""
"SEEHDSLMObservations.observations.observationBody.relation.referredInformation.informationOwner","SEEHDSLMObservations.observations.observationBody.relation.referredInformation.informationOwner","","","",1,1,"","","","BackboneElement {[]} {[]}
","Vårdgivare som är informationsägare av den refererade informationen.","Vårdgivare som är informationsägare av den refererade informationen.","","","","","","","","","",,,,,"",,,,"SEEHDSLMObservations.observations.observationBody.relation.referredInformation.informationOwner",1,1,"","ele-1:All FHIR elements must have a @value or children {hasValue() or (children().count() > id.count())}
"
"SEEHDSLMObservations.observations.observationBody.relation.referredInformation.informationOwner.id","SEEHDSLMObservations.observations.observationBody.relation.referredInformation.informationOwner.id","","","",0,1,"","","","string {[]} {[]}
","Unique id for inter-element referencing","Unique id for the element within a resource (for internal references). This may be any string value that does not contain spaces.","","","","","","","","","",,,,,"",,,,"Element.id",0,1,"",""
"SEEHDSLMObservations.observations.observationBody.relation.referredInformation.informationOwner.extension","SEEHDSLMObservations.observations.observationBody.relation.referredInformation.informationOwner.extension","","extensions
user content","",0,*,"","","","Extension {[]} {[]}
","Additional content defined by implementations","May be used to represent additional information that is not part of the basic definition of the element. To make the use of extensions safe and manageable, there is a strict set of governance  applied to the definition and use of extensions. Though any implementer can define an extension, there is a set of requirements that SHALL be met as part of the definition of the extension.","There can be no stigma associated with the use of extensions by any application, project, or standard - regardless of the institution or jurisdiction that uses or defines the extensions.  The use of extensions is what allows the FHIR specification to retain a core level of simplicity for everyone.","","","","","","","","",,,,,"","value:url}
","Extensions are always sliced by (at least) url",,"open","Element.extension",0,*,"","ele-1:All FHIR elements must have a @value or children {hasValue() or (children().count() > id.count())}
ext-1:Must have either extensions or value[x], not both {extension.exists() != value.exists()}"
"SEEHDSLMObservations.observations.observationBody.relation.referredInformation.informationOwner.modifierExtension","SEEHDSLMObservations.observations.observationBody.relation.referredInformation.informationOwner.modifierExtension","","extensions
user contentmodifiers","",0,*,"","Y","Y","Extension {[]} {[]}
","Extensions that cannot be ignored even if unrecognized","May be used to represent additional information that is not part of the basic definition of the element and that modifies the understanding of the element in which it is contained and/or the understanding of the containing element's descendants. Usually modifier elements provide negation or qualification. To make the use of extensions safe and manageable, there is a strict set of governance applied to the definition and use of extensions. Though any implementer can define an extension, there is a set of requirements that SHALL be met as part of the definition of the extension. Applications processing a resource are required to check for modifier extensions.

Modifier extensions SHALL NOT change the meaning of any elements on Resource or DomainResource (including cannot change the meaning of modifierExtension itself).","There can be no stigma associated with the use of extensions by any application, project, or standard - regardless of the institution or jurisdiction that uses or defines the extensions.  The use of extensions is what allows the FHIR specification to retain a core level of simplicity for everyone.","Modifier extensions allow for extensions that *cannot* be safely ignored to be clearly distinguished from the vast majority of extensions which can be safely ignored.  This promotes interoperability by eliminating the need for implementers to prohibit the presence of extensions. For further information, see the [definition of modifier extensions](http://hl7.org/fhir/R4/extensibility.html#modifierExtension).","","","","","","","",,,,,"",,,,"BackboneElement.modifierExtension",0,*,"","ele-1:All FHIR elements must have a @value or children {hasValue() or (children().count() > id.count())}
ext-1:Must have either extensions or value[x], not both {extension.exists() != value.exists()}"
"SEEHDSLMObservations.observations.observationBody.relation.referredInformation.informationOwner.rivId","SEEHDSLMObservations.observations.observationBody.relation.referredInformation.informationOwner.rivId","","","",1,1,"","","","https://fhir.inera.se/ig/ehds-tk/StructureDefinition/SEEHDSRivIITypeHealthcondBasic2 {[]} {[]}
","id","id","","","","","","","","","",,,,,"",,,,"SEEHDSLMObservations.observations.observationBody.relation.referredInformation.informationOwner.rivId",1,1,"",""
