"Id","Path","Slice Name","Alias(s)","Label","Min","Max","Must Support?","Is Modifier?","Is Summary?","Type(s)","Short","Definition","Comments","Requirements","Default Value","Meaning When Missing","Fixed Value","Pattern","Example","Minimum Value","Maximum Value","Maximum Length","Binding Strength","Binding Description","Binding Value Set","Code","Slicing Discriminator","Slicing Description","Slicing Ordered","Slicing Rules","Base Path","Base Min","Base Max","Condition(s)","Constraint(s)"
"SEEHDSLMImagingOutcome","SEEHDSLMImagingOutcome","","","",0,*,"","","","null {[]} {[]}
","GetImagingOutcome","Logisk modell för tjänstekontraktet GetImagingOutcome
(RIV-TA urn:riv:clinicalprocess:healthcond:actoutcome:GetImagingOutcome:1).
Representerar responsens informationsstruktur — bilddiagnostiska resultat
för en patient. Baseras på NPÖ RIV 2.2.0-specifikation.","","","","","","","","","",,,,,"",,,,"Base",0,*,"",""
"SEEHDSLMImagingOutcome.imagingOutcome","SEEHDSLMImagingOutcome.imagingOutcome","","","",0,*,"","","","BackboneElement {[]} {[]}
","Bilddiagnostiskt resultat (ett per undersökning)","De Bild-resultat(dokument) som matchar begäran.","","","","","","","","","",,,,,"",,,,"SEEHDSLMImagingOutcome.imagingOutcome",0,*,"","ele-1:All FHIR elements must have a @value or children {hasValue() or (children().count() > id.count())}
"
"SEEHDSLMImagingOutcome.imagingOutcome.id","SEEHDSLMImagingOutcome.imagingOutcome.id","","","",0,1,"","","","string {[]} {[]}
","Unique id for inter-element referencing","Unique id for the element within a resource (for internal references). This may be any string value that does not contain spaces.","","","","","","","","","",,,,,"",,,,"Element.id",0,1,"",""
"SEEHDSLMImagingOutcome.imagingOutcome.extension","SEEHDSLMImagingOutcome.imagingOutcome.extension","","extensions
user content","",0,*,"","","","Extension {[]} {[]}
","Additional content defined by implementations","May be used to represent additional information that is not part of the basic definition of the element. To make the use of extensions safe and manageable, there is a strict set of governance  applied to the definition and use of extensions. Though any implementer can define an extension, there is a set of requirements that SHALL be met as part of the definition of the extension.","There can be no stigma associated with the use of extensions by any application, project, or standard - regardless of the institution or jurisdiction that uses or defines the extensions.  The use of extensions is what allows the FHIR specification to retain a core level of simplicity for everyone.","","","","","","","","",,,,,"","value:url}
","Extensions are always sliced by (at least) url",,"open","Element.extension",0,*,"","ele-1:All FHIR elements must have a @value or children {hasValue() or (children().count() > id.count())}
ext-1:Must have either extensions or value[x], not both {extension.exists() != value.exists()}"
"SEEHDSLMImagingOutcome.imagingOutcome.modifierExtension","SEEHDSLMImagingOutcome.imagingOutcome.modifierExtension","","extensions
user contentmodifiers","",0,*,"","Y","Y","Extension {[]} {[]}
","Extensions that cannot be ignored even if unrecognized","May be used to represent additional information that is not part of the basic definition of the element and that modifies the understanding of the element in which it is contained and/or the understanding of the containing element's descendants. Usually modifier elements provide negation or qualification. To make the use of extensions safe and manageable, there is a strict set of governance applied to the definition and use of extensions. Though any implementer can define an extension, there is a set of requirements that SHALL be met as part of the definition of the extension. Applications processing a resource are required to check for modifier extensions.

Modifier extensions SHALL NOT change the meaning of any elements on Resource or DomainResource (including cannot change the meaning of modifierExtension itself).","There can be no stigma associated with the use of extensions by any application, project, or standard - regardless of the institution or jurisdiction that uses or defines the extensions.  The use of extensions is what allows the FHIR specification to retain a core level of simplicity for everyone.","Modifier extensions allow for extensions that *cannot* be safely ignored to be clearly distinguished from the vast majority of extensions which can be safely ignored.  This promotes interoperability by eliminating the need for implementers to prohibit the presence of extensions. For further information, see the [definition of modifier extensions](http://hl7.org/fhir/R4/extensibility.html#modifierExtension).","","","","","","","",,,,,"",,,,"BackboneElement.modifierExtension",0,*,"","ele-1:All FHIR elements must have a @value or children {hasValue() or (children().count() > id.count())}
ext-1:Must have either extensions or value[x], not both {extension.exists() != value.exists()}"
"SEEHDSLMImagingOutcome.imagingOutcome.imagingOutcomeHeader","SEEHDSLMImagingOutcome.imagingOutcome.imagingOutcomeHeader","","","",1,1,"","","","BackboneElement {[]} {[]}
","PatientSummaryHeader","Innehåller basinformation om dokumentet","","","","","","","","","",,,,,"",,,,"SEEHDSLMImagingOutcome.imagingOutcome.imagingOutcomeHeader",1,1,"","ele-1:All FHIR elements must have a @value or children {hasValue() or (children().count() > id.count())}
"
"SEEHDSLMImagingOutcome.imagingOutcome.imagingOutcomeHeader.id","SEEHDSLMImagingOutcome.imagingOutcome.imagingOutcomeHeader.id","","","",0,1,"","","","string {[]} {[]}
","Unique id for inter-element referencing","Unique id for the element within a resource (for internal references). This may be any string value that does not contain spaces.","","","","","","","","","",,,,,"",,,,"Element.id",0,1,"",""
"SEEHDSLMImagingOutcome.imagingOutcome.imagingOutcomeHeader.extension","SEEHDSLMImagingOutcome.imagingOutcome.imagingOutcomeHeader.extension","","extensions
user content","",0,*,"","","","Extension {[]} {[]}
","Additional content defined by implementations","May be used to represent additional information that is not part of the basic definition of the element. To make the use of extensions safe and manageable, there is a strict set of governance  applied to the definition and use of extensions. Though any implementer can define an extension, there is a set of requirements that SHALL be met as part of the definition of the extension.","There can be no stigma associated with the use of extensions by any application, project, or standard - regardless of the institution or jurisdiction that uses or defines the extensions.  The use of extensions is what allows the FHIR specification to retain a core level of simplicity for everyone.","","","","","","","","",,,,,"","value:url}
","Extensions are always sliced by (at least) url",,"open","Element.extension",0,*,"","ele-1:All FHIR elements must have a @value or children {hasValue() or (children().count() > id.count())}
ext-1:Must have either extensions or value[x], not both {extension.exists() != value.exists()}"
"SEEHDSLMImagingOutcome.imagingOutcome.imagingOutcomeHeader.modifierExtension","SEEHDSLMImagingOutcome.imagingOutcome.imagingOutcomeHeader.modifierExtension","","extensions
user contentmodifiers","",0,*,"","Y","Y","Extension {[]} {[]}
","Extensions that cannot be ignored even if unrecognized","May be used to represent additional information that is not part of the basic definition of the element and that modifies the understanding of the element in which it is contained and/or the understanding of the containing element's descendants. Usually modifier elements provide negation or qualification. To make the use of extensions safe and manageable, there is a strict set of governance applied to the definition and use of extensions. Though any implementer can define an extension, there is a set of requirements that SHALL be met as part of the definition of the extension. Applications processing a resource are required to check for modifier extensions.

Modifier extensions SHALL NOT change the meaning of any elements on Resource or DomainResource (including cannot change the meaning of modifierExtension itself).","There can be no stigma associated with the use of extensions by any application, project, or standard - regardless of the institution or jurisdiction that uses or defines the extensions.  The use of extensions is what allows the FHIR specification to retain a core level of simplicity for everyone.","Modifier extensions allow for extensions that *cannot* be safely ignored to be clearly distinguished from the vast majority of extensions which can be safely ignored.  This promotes interoperability by eliminating the need for implementers to prohibit the presence of extensions. For further information, see the [definition of modifier extensions](http://hl7.org/fhir/R4/extensibility.html#modifierExtension).","","","","","","","",,,,,"",,,,"BackboneElement.modifierExtension",0,*,"","ele-1:All FHIR elements must have a @value or children {hasValue() or (children().count() > id.count())}
ext-1:Must have either extensions or value[x], not both {extension.exists() != value.exists()}"
"SEEHDSLMImagingOutcome.imagingOutcome.imagingOutcomeHeader.documentId","SEEHDSLMImagingOutcome.imagingOutcome.imagingOutcomeHeader.documentId","","","",1,1,"","","","https://fhir.inera.se/ig/ehds-tk/StructureDefinition/SEEHDSRivString {[]} {[]}
","Dokumentets unika id","Dokumentets identitet som är unik inom källsystemet. Identifieraren ska vara konsistent och beständigt mellan olika majorversioner av ett kontrakt. Ett exempel på detta är att en vårdkontakt ska ha samma identifierare i majorversion 3 och 4 av ett tjänstekontrakt för att läsa vårdkontakter. Identifieraren ska vara konsistent och beständigt mellan olika kontrakt. Ett exempel på detta är att samma remiss-identitet ska användas i ett tjänstekontrakt för att läsa remisser, samt tjänstekontraktet som läser remissvar som refererar till den ursprungliga remissen.","","","","","","","","","",,,,,"",,,,"SEEHDSLMImagingOutcome.imagingOutcome.imagingOutcomeHeader.documentId",1,1,"",""
"SEEHDSLMImagingOutcome.imagingOutcome.imagingOutcomeHeader.sourceSystemHSAId","SEEHDSLMImagingOutcome.imagingOutcome.imagingOutcomeHeader.sourceSystemHSAId","","","",1,1,"","","","https://fhir.inera.se/ig/ehds-tk/StructureDefinition/SEEHDSRivString {[]} {[]}
","Källsystemets HSA-id","HSA-id för det system som dokumentet är skapat i.","","","","","","","","","",,,,,"",,,,"SEEHDSLMImagingOutcome.imagingOutcome.imagingOutcomeHeader.sourceSystemHSAId",1,1,"",""
"SEEHDSLMImagingOutcome.imagingOutcome.imagingOutcomeHeader.documentTitle","SEEHDSLMImagingOutcome.imagingOutcome.imagingOutcomeHeader.documentTitle","","","",0,1,"","","","https://fhir.inera.se/ig/ehds-tk/StructureDefinition/SEEHDSRivString {[]} {[]}
","Dokumentets titel","Titel som beskriver den information som sänds i dokumentet.","","","","","","","","","",,,,,"",,,,"SEEHDSLMImagingOutcome.imagingOutcome.imagingOutcomeHeader.documentTitle",0,1,"",""
"SEEHDSLMImagingOutcome.imagingOutcome.imagingOutcomeHeader.documentTime","SEEHDSLMImagingOutcome.imagingOutcome.imagingOutcomeHeader.documentTime","","","",0,1,"","","","https://fhir.inera.se/ig/ehds-tk/StructureDefinition/SEEHDSRivTimeStamp {[]} {[]}
","Dokumentets tidpunkt","Händelsetidpunkt, om sådan finns. Tidpunkten bör vara då undersökningen gjordes inte när bilden skapades (t.ex. skannad bild).
Format enligt XSD (TimeStampType): ÅÅÅÅMMDDttmmss.","","","","","","","","","",,,,,"",,,,"SEEHDSLMImagingOutcome.imagingOutcome.imagingOutcomeHeader.documentTime",0,1,"",""
"SEEHDSLMImagingOutcome.imagingOutcome.imagingOutcomeHeader.patientId","SEEHDSLMImagingOutcome.imagingOutcome.imagingOutcomeHeader.patientId","","","",1,1,"","","","https://fhir.inera.se/ig/ehds-tk/StructureDefinition/SEEHDSRivPersonIdTypeHealthcondActoutcome3 {[]} {[]}
","Patientens id","Identifierare för patient.","","","","","","","","","",,,,,"",,,,"SEEHDSLMImagingOutcome.imagingOutcome.imagingOutcomeHeader.patientId",1,1,"",""
"SEEHDSLMImagingOutcome.imagingOutcome.imagingOutcomeHeader.accountableHealthcareProfessional","SEEHDSLMImagingOutcome.imagingOutcome.imagingOutcomeHeader.accountableHealthcareProfessional","","","",1,1,"","","","BackboneElement {[]} {[]}
","Ansvarig hälso- och sjukvårdspersonal","Ansvarig hälso- och sjukvårdsperson. Ansvarig för undersökningsresultatet. Avser person som är ansvarig för det samlade dokumentet.","","","","","","","","","",,,,,"",,,,"SEEHDSLMImagingOutcome.imagingOutcome.imagingOutcomeHeader.accountableHealthcareProfessional",1,1,"","ele-1:All FHIR elements must have a @value or children {hasValue() or (children().count() > id.count())}
"
"SEEHDSLMImagingOutcome.imagingOutcome.imagingOutcomeHeader.accountableHealthcareProfessional.id","SEEHDSLMImagingOutcome.imagingOutcome.imagingOutcomeHeader.accountableHealthcareProfessional.id","","","",0,1,"","","","string {[]} {[]}
","Unique id for inter-element referencing","Unique id for the element within a resource (for internal references). This may be any string value that does not contain spaces.","","","","","","","","","",,,,,"",,,,"Element.id",0,1,"",""
"SEEHDSLMImagingOutcome.imagingOutcome.imagingOutcomeHeader.accountableHealthcareProfessional.extension","SEEHDSLMImagingOutcome.imagingOutcome.imagingOutcomeHeader.accountableHealthcareProfessional.extension","","extensions
user content","",0,*,"","","","Extension {[]} {[]}
","Additional content defined by implementations","May be used to represent additional information that is not part of the basic definition of the element. To make the use of extensions safe and manageable, there is a strict set of governance  applied to the definition and use of extensions. Though any implementer can define an extension, there is a set of requirements that SHALL be met as part of the definition of the extension.","There can be no stigma associated with the use of extensions by any application, project, or standard - regardless of the institution or jurisdiction that uses or defines the extensions.  The use of extensions is what allows the FHIR specification to retain a core level of simplicity for everyone.","","","","","","","","",,,,,"","value:url}
","Extensions are always sliced by (at least) url",,"open","Element.extension",0,*,"","ele-1:All FHIR elements must have a @value or children {hasValue() or (children().count() > id.count())}
ext-1:Must have either extensions or value[x], not both {extension.exists() != value.exists()}"
"SEEHDSLMImagingOutcome.imagingOutcome.imagingOutcomeHeader.accountableHealthcareProfessional.modifierExtension","SEEHDSLMImagingOutcome.imagingOutcome.imagingOutcomeHeader.accountableHealthcareProfessional.modifierExtension","","extensions
user contentmodifiers","",0,*,"","Y","Y","Extension {[]} {[]}
","Extensions that cannot be ignored even if unrecognized","May be used to represent additional information that is not part of the basic definition of the element and that modifies the understanding of the element in which it is contained and/or the understanding of the containing element's descendants. Usually modifier elements provide negation or qualification. To make the use of extensions safe and manageable, there is a strict set of governance applied to the definition and use of extensions. Though any implementer can define an extension, there is a set of requirements that SHALL be met as part of the definition of the extension. Applications processing a resource are required to check for modifier extensions.

Modifier extensions SHALL NOT change the meaning of any elements on Resource or DomainResource (including cannot change the meaning of modifierExtension itself).","There can be no stigma associated with the use of extensions by any application, project, or standard - regardless of the institution or jurisdiction that uses or defines the extensions.  The use of extensions is what allows the FHIR specification to retain a core level of simplicity for everyone.","Modifier extensions allow for extensions that *cannot* be safely ignored to be clearly distinguished from the vast majority of extensions which can be safely ignored.  This promotes interoperability by eliminating the need for implementers to prohibit the presence of extensions. For further information, see the [definition of modifier extensions](http://hl7.org/fhir/R4/extensibility.html#modifierExtension).","","","","","","","",,,,,"",,,,"BackboneElement.modifierExtension",0,*,"","ele-1:All FHIR elements must have a @value or children {hasValue() or (children().count() > id.count())}
ext-1:Must have either extensions or value[x], not both {extension.exists() != value.exists()}"
"SEEHDSLMImagingOutcome.imagingOutcome.imagingOutcomeHeader.accountableHealthcareProfessional.authorTime","SEEHDSLMImagingOutcome.imagingOutcome.imagingOutcomeHeader.accountableHealthcareProfessional.authorTime","","","",1,1,"","","","https://fhir.inera.se/ig/ehds-tk/StructureDefinition/SEEHDSRivTimeStamp {[]} {[]}
","Tidpunkt","Tidpunkt då dokumentet skapades. Det är den senaste tidpunkten då informationen uppdaterats i systemet som ska finnas här i de fall informationen har ändrats efter det att den skapades.
Format enligt XSD (TimeStampType): ÅÅÅÅMMDDttmmss.","","","","","","","","","",,,,,"",,,,"SEEHDSLMImagingOutcome.imagingOutcome.imagingOutcomeHeader.accountableHealthcareProfessional.authorTime",1,1,"",""
"SEEHDSLMImagingOutcome.imagingOutcome.imagingOutcomeHeader.accountableHealthcareProfessional.healthcareProfessionalHSAId","SEEHDSLMImagingOutcome.imagingOutcome.imagingOutcomeHeader.accountableHealthcareProfessional.healthcareProfessionalHSAId","","","",0,1,"","","","https://fhir.inera.se/ig/ehds-tk/StructureDefinition/SEEHDSRivString {[]} {[]}
","HSA-id","HSA-id hälso-och sjukvårdspersonal. Ska anges om tillgänglig.","","","","","","","","","",,,,,"",,,,"SEEHDSLMImagingOutcome.imagingOutcome.imagingOutcomeHeader.accountableHealthcareProfessional.healthcareProfessionalHSAId",0,1,"",""
"SEEHDSLMImagingOutcome.imagingOutcome.imagingOutcomeHeader.accountableHealthcareProfessional.healthcareProfessionalName","SEEHDSLMImagingOutcome.imagingOutcome.imagingOutcomeHeader.accountableHealthcareProfessional.healthcareProfessionalName","","","",0,1,"","","","https://fhir.inera.se/ig/ehds-tk/StructureDefinition/SEEHDSRivString {[]} {[]}
","Namn","Namn på hälso-och sjukvårdspersonal. Om tillgängligt ska detta anges.","","","","","","","","","",,,,,"",,,,"SEEHDSLMImagingOutcome.imagingOutcome.imagingOutcomeHeader.accountableHealthcareProfessional.healthcareProfessionalName",0,1,"",""
"SEEHDSLMImagingOutcome.imagingOutcome.imagingOutcomeHeader.accountableHealthcareProfessional.healthcareProfessionalRoleCode","SEEHDSLMImagingOutcome.imagingOutcome.imagingOutcomeHeader.accountableHealthcareProfessional.healthcareProfessionalRoleCode","","","",0,1,"","","","https://fhir.inera.se/ig/ehds-tk/StructureDefinition/SEEHDSRivCVTypeHealthcondActoutcome3 {[]} {[]}
","Yrkesroll","Information om ansvarige personens befattning. Om möjligt ska KV Befattning (OID 1.2.752.129.2.2.1.4), se referens [R 5]. Om kodverk saknas anges befattning i originalText.","","","","","","","","","",,,,,"",,,,"SEEHDSLMImagingOutcome.imagingOutcome.imagingOutcomeHeader.accountableHealthcareProfessional.healthcareProfessionalRoleCode",0,1,"",""
"SEEHDSLMImagingOutcome.imagingOutcome.imagingOutcomeHeader.accountableHealthcareProfessional.healthcareProfessionalOrgUnit","SEEHDSLMImagingOutcome.imagingOutcome.imagingOutcomeHeader.accountableHealthcareProfessional.healthcareProfessionalOrgUnit","","","",0,1,"","","","BackboneElement {[]} {[]}
","Org-enhet","Den organisation som angiven hälso-och sjukvårdsperson är uppdragstagare på. Om tillgängligt ska detta anges.","","","","","","","","","",,,,,"",,,,"SEEHDSLMImagingOutcome.imagingOutcome.imagingOutcomeHeader.accountableHealthcareProfessional.healthcareProfessionalOrgUnit",0,1,"","ele-1:All FHIR elements must have a @value or children {hasValue() or (children().count() > id.count())}
"
"SEEHDSLMImagingOutcome.imagingOutcome.imagingOutcomeHeader.accountableHealthcareProfessional.healthcareProfessionalOrgUnit.id","SEEHDSLMImagingOutcome.imagingOutcome.imagingOutcomeHeader.accountableHealthcareProfessional.healthcareProfessionalOrgUnit.id","","","",0,1,"","","","string {[]} {[]}
","Unique id for inter-element referencing","Unique id for the element within a resource (for internal references). This may be any string value that does not contain spaces.","","","","","","","","","",,,,,"",,,,"Element.id",0,1,"",""
"SEEHDSLMImagingOutcome.imagingOutcome.imagingOutcomeHeader.accountableHealthcareProfessional.healthcareProfessionalOrgUnit.extension","SEEHDSLMImagingOutcome.imagingOutcome.imagingOutcomeHeader.accountableHealthcareProfessional.healthcareProfessionalOrgUnit.extension","","extensions
user content","",0,*,"","","","Extension {[]} {[]}
","Additional content defined by implementations","May be used to represent additional information that is not part of the basic definition of the element. To make the use of extensions safe and manageable, there is a strict set of governance  applied to the definition and use of extensions. Though any implementer can define an extension, there is a set of requirements that SHALL be met as part of the definition of the extension.","There can be no stigma associated with the use of extensions by any application, project, or standard - regardless of the institution or jurisdiction that uses or defines the extensions.  The use of extensions is what allows the FHIR specification to retain a core level of simplicity for everyone.","","","","","","","","",,,,,"","value:url}
","Extensions are always sliced by (at least) url",,"open","Element.extension",0,*,"","ele-1:All FHIR elements must have a @value or children {hasValue() or (children().count() > id.count())}
ext-1:Must have either extensions or value[x], not both {extension.exists() != value.exists()}"
"SEEHDSLMImagingOutcome.imagingOutcome.imagingOutcomeHeader.accountableHealthcareProfessional.healthcareProfessionalOrgUnit.modifierExtension","SEEHDSLMImagingOutcome.imagingOutcome.imagingOutcomeHeader.accountableHealthcareProfessional.healthcareProfessionalOrgUnit.modifierExtension","","extensions
user contentmodifiers","",0,*,"","Y","Y","Extension {[]} {[]}
","Extensions that cannot be ignored even if unrecognized","May be used to represent additional information that is not part of the basic definition of the element and that modifies the understanding of the element in which it is contained and/or the understanding of the containing element's descendants. Usually modifier elements provide negation or qualification. To make the use of extensions safe and manageable, there is a strict set of governance applied to the definition and use of extensions. Though any implementer can define an extension, there is a set of requirements that SHALL be met as part of the definition of the extension. Applications processing a resource are required to check for modifier extensions.

Modifier extensions SHALL NOT change the meaning of any elements on Resource or DomainResource (including cannot change the meaning of modifierExtension itself).","There can be no stigma associated with the use of extensions by any application, project, or standard - regardless of the institution or jurisdiction that uses or defines the extensions.  The use of extensions is what allows the FHIR specification to retain a core level of simplicity for everyone.","Modifier extensions allow for extensions that *cannot* be safely ignored to be clearly distinguished from the vast majority of extensions which can be safely ignored.  This promotes interoperability by eliminating the need for implementers to prohibit the presence of extensions. For further information, see the [definition of modifier extensions](http://hl7.org/fhir/R4/extensibility.html#modifierExtension).","","","","","","","",,,,,"",,,,"BackboneElement.modifierExtension",0,*,"","ele-1:All FHIR elements must have a @value or children {hasValue() or (children().count() > id.count())}
ext-1:Must have either extensions or value[x], not both {extension.exists() != value.exists()}"
"SEEHDSLMImagingOutcome.imagingOutcome.imagingOutcomeHeader.accountableHealthcareProfessional.healthcareProfessionalOrgUnit.orgUnitHSAId","SEEHDSLMImagingOutcome.imagingOutcome.imagingOutcomeHeader.accountableHealthcareProfessional.healthcareProfessionalOrgUnit.orgUnitHSAId","","","",0,1,"","","","https://fhir.inera.se/ig/ehds-tk/StructureDefinition/SEEHDSRivString {[]} {[]}
","OrgUnit HSA-id","HSA-id för organisationsenhet. Om tillgängligt ska detta anges.","","","","","","","","","",,,,,"",,,,"SEEHDSLMImagingOutcome.imagingOutcome.imagingOutcomeHeader.accountableHealthcareProfessional.healthcareProfessionalOrgUnit.orgUnitHSAId",0,1,"",""
"SEEHDSLMImagingOutcome.imagingOutcome.imagingOutcomeHeader.accountableHealthcareProfessional.healthcareProfessionalOrgUnit.orgUnitName","SEEHDSLMImagingOutcome.imagingOutcome.imagingOutcomeHeader.accountableHealthcareProfessional.healthcareProfessionalOrgUnit.orgUnitName","","","",0,1,"","","","https://fhir.inera.se/ig/ehds-tk/StructureDefinition/SEEHDSRivString {[]} {[]}
","OrgUnit namn","Namn på organisationsenhet. Om tillgängligt ska detta anges.","","","","","","","","","",,,,,"",,,,"SEEHDSLMImagingOutcome.imagingOutcome.imagingOutcomeHeader.accountableHealthcareProfessional.healthcareProfessionalOrgUnit.orgUnitName",0,1,"",""
"SEEHDSLMImagingOutcome.imagingOutcome.imagingOutcomeHeader.accountableHealthcareProfessional.healthcareProfessionalOrgUnit.orgUnitTelecom","SEEHDSLMImagingOutcome.imagingOutcome.imagingOutcomeHeader.accountableHealthcareProfessional.healthcareProfessionalOrgUnit.orgUnitTelecom","","","",0,1,"","","","https://fhir.inera.se/ig/ehds-tk/StructureDefinition/SEEHDSRivString {[]} {[]}
","Telefon","Telefon till organisationsenhet.","","","","","","","","","",,,,,"",,,,"SEEHDSLMImagingOutcome.imagingOutcome.imagingOutcomeHeader.accountableHealthcareProfessional.healthcareProfessionalOrgUnit.orgUnitTelecom",0,1,"",""
"SEEHDSLMImagingOutcome.imagingOutcome.imagingOutcomeHeader.accountableHealthcareProfessional.healthcareProfessionalOrgUnit.orgUnitEmail","SEEHDSLMImagingOutcome.imagingOutcome.imagingOutcomeHeader.accountableHealthcareProfessional.healthcareProfessionalOrgUnit.orgUnitEmail","","","",0,1,"","","","https://fhir.inera.se/ig/ehds-tk/StructureDefinition/SEEHDSRivString {[]} {[]}
","E-post","Epost till organisationsenhet.","","","","","","","","","",,,,,"",,,,"SEEHDSLMImagingOutcome.imagingOutcome.imagingOutcomeHeader.accountableHealthcareProfessional.healthcareProfessionalOrgUnit.orgUnitEmail",0,1,"",""
"SEEHDSLMImagingOutcome.imagingOutcome.imagingOutcomeHeader.accountableHealthcareProfessional.healthcareProfessionalOrgUnit.orgUnitAddress","SEEHDSLMImagingOutcome.imagingOutcome.imagingOutcomeHeader.accountableHealthcareProfessional.healthcareProfessionalOrgUnit.orgUnitAddress","","","",0,1,"","","","https://fhir.inera.se/ig/ehds-tk/StructureDefinition/SEEHDSRivString {[]} {[]}
","Adress","Postadress till organisationsenhet. Skrivs på ett så naturligt sätt som möjligt, exempelvis:”Storgatan 12468 91 Lilleby”","","","","","","","","","",,,,,"",,,,"SEEHDSLMImagingOutcome.imagingOutcome.imagingOutcomeHeader.accountableHealthcareProfessional.healthcareProfessionalOrgUnit.orgUnitAddress",0,1,"",""
"SEEHDSLMImagingOutcome.imagingOutcome.imagingOutcomeHeader.accountableHealthcareProfessional.healthcareProfessionalOrgUnit.orgUnitLocation","SEEHDSLMImagingOutcome.imagingOutcome.imagingOutcomeHeader.accountableHealthcareProfessional.healthcareProfessionalOrgUnit.orgUnitLocation","","","",0,1,"","","","https://fhir.inera.se/ig/ehds-tk/StructureDefinition/SEEHDSRivString {[]} {[]}
","Plats","Text som anger namnet på plats eller ort för organisationens fysiska placering.","","","","","","","","","",,,,,"",,,,"SEEHDSLMImagingOutcome.imagingOutcome.imagingOutcomeHeader.accountableHealthcareProfessional.healthcareProfessionalOrgUnit.orgUnitLocation",0,1,"",""
"SEEHDSLMImagingOutcome.imagingOutcome.imagingOutcomeHeader.accountableHealthcareProfessional.healthcareProfessionalCareUnitHSAId","SEEHDSLMImagingOutcome.imagingOutcome.imagingOutcomeHeader.accountableHealthcareProfessional.healthcareProfessionalCareUnitHSAId","","","",0,1,"","","","https://fhir.inera.se/ig/ehds-tk/StructureDefinition/SEEHDSRivString {[]} {[]}
","Vårdenhetens HSA-id","Regel 1: Används för spärrhantering och åtkomstkontroll.","","","","","","","","","",,,,,"",,,,"SEEHDSLMImagingOutcome.imagingOutcome.imagingOutcomeHeader.accountableHealthcareProfessional.healthcareProfessionalCareUnitHSAId",0,1,"",""
"SEEHDSLMImagingOutcome.imagingOutcome.imagingOutcomeHeader.accountableHealthcareProfessional.healthcareProfessionalCareGiverHSAId","SEEHDSLMImagingOutcome.imagingOutcome.imagingOutcomeHeader.accountableHealthcareProfessional.healthcareProfessionalCareGiverHSAId","","","",0,1,"","","","https://fhir.inera.se/ig/ehds-tk/StructureDefinition/SEEHDSRivString {[]} {[]}
","Vårdgivarens HSA-id","Regel 1: Används för spärrhantering och åtkomstkontroll.","","","","","","","","","",,,,,"",,,,"SEEHDSLMImagingOutcome.imagingOutcome.imagingOutcomeHeader.accountableHealthcareProfessional.healthcareProfessionalCareGiverHSAId",0,1,"",""
"SEEHDSLMImagingOutcome.imagingOutcome.imagingOutcomeHeader.legalAuthenticator","SEEHDSLMImagingOutcome.imagingOutcome.imagingOutcomeHeader.legalAuthenticator","","","",0,1,"","","","BackboneElement {[]} {[]}
","Juridiskt ansvarig","Information om vem som signerat informationen i dokumentet. Det är normalt radiologen som signerar bilddiagnostiska svar. Signering = signering av remissvar. Vidimering anges i attributet attested i bodyn.","","","","","","","","","",,,,,"",,,,"SEEHDSLMImagingOutcome.imagingOutcome.imagingOutcomeHeader.legalAuthenticator",0,1,"","ele-1:All FHIR elements must have a @value or children {hasValue() or (children().count() > id.count())}
"
"SEEHDSLMImagingOutcome.imagingOutcome.imagingOutcomeHeader.legalAuthenticator.id","SEEHDSLMImagingOutcome.imagingOutcome.imagingOutcomeHeader.legalAuthenticator.id","","","",0,1,"","","","string {[]} {[]}
","Unique id for inter-element referencing","Unique id for the element within a resource (for internal references). This may be any string value that does not contain spaces.","","","","","","","","","",,,,,"",,,,"Element.id",0,1,"",""
"SEEHDSLMImagingOutcome.imagingOutcome.imagingOutcomeHeader.legalAuthenticator.extension","SEEHDSLMImagingOutcome.imagingOutcome.imagingOutcomeHeader.legalAuthenticator.extension","","extensions
user content","",0,*,"","","","Extension {[]} {[]}
","Additional content defined by implementations","May be used to represent additional information that is not part of the basic definition of the element. To make the use of extensions safe and manageable, there is a strict set of governance  applied to the definition and use of extensions. Though any implementer can define an extension, there is a set of requirements that SHALL be met as part of the definition of the extension.","There can be no stigma associated with the use of extensions by any application, project, or standard - regardless of the institution or jurisdiction that uses or defines the extensions.  The use of extensions is what allows the FHIR specification to retain a core level of simplicity for everyone.","","","","","","","","",,,,,"","value:url}
","Extensions are always sliced by (at least) url",,"open","Element.extension",0,*,"","ele-1:All FHIR elements must have a @value or children {hasValue() or (children().count() > id.count())}
ext-1:Must have either extensions or value[x], not both {extension.exists() != value.exists()}"
"SEEHDSLMImagingOutcome.imagingOutcome.imagingOutcomeHeader.legalAuthenticator.modifierExtension","SEEHDSLMImagingOutcome.imagingOutcome.imagingOutcomeHeader.legalAuthenticator.modifierExtension","","extensions
user contentmodifiers","",0,*,"","Y","Y","Extension {[]} {[]}
","Extensions that cannot be ignored even if unrecognized","May be used to represent additional information that is not part of the basic definition of the element and that modifies the understanding of the element in which it is contained and/or the understanding of the containing element's descendants. Usually modifier elements provide negation or qualification. To make the use of extensions safe and manageable, there is a strict set of governance applied to the definition and use of extensions. Though any implementer can define an extension, there is a set of requirements that SHALL be met as part of the definition of the extension. Applications processing a resource are required to check for modifier extensions.

Modifier extensions SHALL NOT change the meaning of any elements on Resource or DomainResource (including cannot change the meaning of modifierExtension itself).","There can be no stigma associated with the use of extensions by any application, project, or standard - regardless of the institution or jurisdiction that uses or defines the extensions.  The use of extensions is what allows the FHIR specification to retain a core level of simplicity for everyone.","Modifier extensions allow for extensions that *cannot* be safely ignored to be clearly distinguished from the vast majority of extensions which can be safely ignored.  This promotes interoperability by eliminating the need for implementers to prohibit the presence of extensions. For further information, see the [definition of modifier extensions](http://hl7.org/fhir/R4/extensibility.html#modifierExtension).","","","","","","","",,,,,"",,,,"BackboneElement.modifierExtension",0,*,"","ele-1:All FHIR elements must have a @value or children {hasValue() or (children().count() > id.count())}
ext-1:Must have either extensions or value[x], not both {extension.exists() != value.exists()}"
"SEEHDSLMImagingOutcome.imagingOutcome.imagingOutcomeHeader.legalAuthenticator.signatureTime","SEEHDSLMImagingOutcome.imagingOutcome.imagingOutcomeHeader.legalAuthenticator.signatureTime","","","",1,1,"","","","https://fhir.inera.se/ig/ehds-tk/StructureDefinition/SEEHDSRivTimeStamp {[]} {[]}
","Signeringstidpunkt","Tidpunkt för signering.
Format enligt XSD (TimeStampType): ÅÅÅÅMMDDttmmss.","","","","","","","","","",,,,,"",,,,"SEEHDSLMImagingOutcome.imagingOutcome.imagingOutcomeHeader.legalAuthenticator.signatureTime",1,1,"",""
"SEEHDSLMImagingOutcome.imagingOutcome.imagingOutcomeHeader.legalAuthenticator.legalAuthenticatorHSAId","SEEHDSLMImagingOutcome.imagingOutcome.imagingOutcomeHeader.legalAuthenticator.legalAuthenticatorHSAId","","","",0,1,"","","","https://fhir.inera.se/ig/ehds-tk/StructureDefinition/SEEHDSRivString {[]} {[]}
","HSA-id","HSA-id för person som signerat dokumentet. HSA-id för hälso-och sjukvårdspersonal. Ska anges om tillgänglig","","","","","","","","","",,,,,"",,,,"SEEHDSLMImagingOutcome.imagingOutcome.imagingOutcomeHeader.legalAuthenticator.legalAuthenticatorHSAId",0,1,"",""
"SEEHDSLMImagingOutcome.imagingOutcome.imagingOutcomeHeader.legalAuthenticator.legalAuthenticatorName","SEEHDSLMImagingOutcome.imagingOutcome.imagingOutcomeHeader.legalAuthenticator.legalAuthenticatorName","","","",0,1,"","","","https://fhir.inera.se/ig/ehds-tk/StructureDefinition/SEEHDSRivString {[]} {[]}
","Namn","Namnen i klartext för signerande person.","","","","","","","","","",,,,,"",,,,"SEEHDSLMImagingOutcome.imagingOutcome.imagingOutcomeHeader.legalAuthenticator.legalAuthenticatorName",0,1,"",""
"SEEHDSLMImagingOutcome.imagingOutcome.imagingOutcomeHeader.legalAuthenticator.legalAuthenticatorRoleCode","SEEHDSLMImagingOutcome.imagingOutcome.imagingOutcomeHeader.legalAuthenticator.legalAuthenticatorRoleCode","","","",0,0,"","","","https://fhir.inera.se/ig/ehds-tk/StructureDefinition/SEEHDSRivCVTypeHealthcondActoutcome3 {[]} {[]}
","Befattning för signerande person","Ska ej anges.","","","","","","","","","",,,,,"",,,,"SEEHDSLMImagingOutcome.imagingOutcome.imagingOutcomeHeader.legalAuthenticator.legalAuthenticatorRoleCode",0,0,"",""
"SEEHDSLMImagingOutcome.imagingOutcome.imagingOutcomeHeader.approvedForPatient","SEEHDSLMImagingOutcome.imagingOutcome.imagingOutcomeHeader.approvedForPatient","","","",1,1,"","","","https://fhir.inera.se/ig/ehds-tk/StructureDefinition/SEEHDSRivBoolean {[]} {[]}
","Godkänd för patientvisning","Anger om information får delas till patient. Värdet sätts i sådant fall till true, i annat fall till false.","","","","","","","","","",,,,,"",,,,"SEEHDSLMImagingOutcome.imagingOutcome.imagingOutcomeHeader.approvedForPatient",1,1,"",""
"SEEHDSLMImagingOutcome.imagingOutcome.imagingOutcomeHeader.careContactId","SEEHDSLMImagingOutcome.imagingOutcome.imagingOutcomeHeader.careContactId","","","",0,1,"","","","https://fhir.inera.se/ig/ehds-tk/StructureDefinition/SEEHDSRivString {[]} {[]}
","Vårdkontaktid","Identitetet för den hälso-och sjukvårdskontakt som föranlett den information som omfattas av dokumentet. Identiteten är unik inom källsystemet","","","","","","","","","",,,,,"",,,,"SEEHDSLMImagingOutcome.imagingOutcome.imagingOutcomeHeader.careContactId",0,1,"",""
"SEEHDSLMImagingOutcome.imagingOutcome.imagingOutcomeHeader.nullified","SEEHDSLMImagingOutcome.imagingOutcome.imagingOutcomeHeader.nullified","","","",0,1,"","","","https://fhir.inera.se/ig/ehds-tk/StructureDefinition/SEEHDSRivBoolean {[]} {[]}
","Makulerad","Anger om dokumentet makulerats i källsystemet. Sätts i så fall till true annars false. Används bl.a. i statistik-/rapportuttag med hjälp av tjänstekontrakten.","","","","","","","","","",,,,,"",,,,"SEEHDSLMImagingOutcome.imagingOutcome.imagingOutcomeHeader.nullified",0,1,"",""
"SEEHDSLMImagingOutcome.imagingOutcome.imagingOutcomeHeader.nullifiedReason","SEEHDSLMImagingOutcome.imagingOutcome.imagingOutcomeHeader.nullifiedReason","","","",0,1,"","","","https://fhir.inera.se/ig/ehds-tk/StructureDefinition/SEEHDSRivString {[]} {[]}
","Makuleringsorsak","Anger orsak till makulering","","","","","","","","","",,,,,"",,,,"SEEHDSLMImagingOutcome.imagingOutcome.imagingOutcomeHeader.nullifiedReason",0,1,"",""
"SEEHDSLMImagingOutcome.imagingOutcome.imagingOutcomeBody","SEEHDSLMImagingOutcome.imagingOutcome.imagingOutcomeBody","","","",1,1,"","","","BackboneElement {[]} {[]}
","Bilddiagnostisk information","Bilddiagnostisk information","","","","","","","","","",,,,,"",,,,"SEEHDSLMImagingOutcome.imagingOutcome.imagingOutcomeBody",1,1,"","ele-1:All FHIR elements must have a @value or children {hasValue() or (children().count() > id.count())}
"
"SEEHDSLMImagingOutcome.imagingOutcome.imagingOutcomeBody.id","SEEHDSLMImagingOutcome.imagingOutcome.imagingOutcomeBody.id","","","",0,1,"","","","string {[]} {[]}
","Unique id for inter-element referencing","Unique id for the element within a resource (for internal references). This may be any string value that does not contain spaces.","","","","","","","","","",,,,,"",,,,"Element.id",0,1,"",""
"SEEHDSLMImagingOutcome.imagingOutcome.imagingOutcomeBody.extension","SEEHDSLMImagingOutcome.imagingOutcome.imagingOutcomeBody.extension","","extensions
user content","",0,*,"","","","Extension {[]} {[]}
","Additional content defined by implementations","May be used to represent additional information that is not part of the basic definition of the element. To make the use of extensions safe and manageable, there is a strict set of governance  applied to the definition and use of extensions. Though any implementer can define an extension, there is a set of requirements that SHALL be met as part of the definition of the extension.","There can be no stigma associated with the use of extensions by any application, project, or standard - regardless of the institution or jurisdiction that uses or defines the extensions.  The use of extensions is what allows the FHIR specification to retain a core level of simplicity for everyone.","","","","","","","","",,,,,"","value:url}
","Extensions are always sliced by (at least) url",,"open","Element.extension",0,*,"","ele-1:All FHIR elements must have a @value or children {hasValue() or (children().count() > id.count())}
ext-1:Must have either extensions or value[x], not both {extension.exists() != value.exists()}"
"SEEHDSLMImagingOutcome.imagingOutcome.imagingOutcomeBody.modifierExtension","SEEHDSLMImagingOutcome.imagingOutcome.imagingOutcomeBody.modifierExtension","","extensions
user contentmodifiers","",0,*,"","Y","Y","Extension {[]} {[]}
","Extensions that cannot be ignored even if unrecognized","May be used to represent additional information that is not part of the basic definition of the element and that modifies the understanding of the element in which it is contained and/or the understanding of the containing element's descendants. Usually modifier elements provide negation or qualification. To make the use of extensions safe and manageable, there is a strict set of governance applied to the definition and use of extensions. Though any implementer can define an extension, there is a set of requirements that SHALL be met as part of the definition of the extension. Applications processing a resource are required to check for modifier extensions.

Modifier extensions SHALL NOT change the meaning of any elements on Resource or DomainResource (including cannot change the meaning of modifierExtension itself).","There can be no stigma associated with the use of extensions by any application, project, or standard - regardless of the institution or jurisdiction that uses or defines the extensions.  The use of extensions is what allows the FHIR specification to retain a core level of simplicity for everyone.","Modifier extensions allow for extensions that *cannot* be safely ignored to be clearly distinguished from the vast majority of extensions which can be safely ignored.  This promotes interoperability by eliminating the need for implementers to prohibit the presence of extensions. For further information, see the [definition of modifier extensions](http://hl7.org/fhir/R4/extensibility.html#modifierExtension).","","","","","","","",,,,,"",,,,"BackboneElement.modifierExtension",0,*,"","ele-1:All FHIR elements must have a @value or children {hasValue() or (children().count() > id.count())}
ext-1:Must have either extensions or value[x], not both {extension.exists() != value.exists()}"
"SEEHDSLMImagingOutcome.imagingOutcome.imagingOutcomeBody.examinationSpeciality","SEEHDSLMImagingOutcome.imagingOutcome.imagingOutcomeBody.examinationSpeciality","","","",0,1,"","","","https://fhir.inera.se/ig/ehds-tk/StructureDefinition/SEEHDSRivCVTypeHealthcondActoutcome3 {[]} {[]}
","Undersökningsspecialitet","Undersökningstyp. Bör anges med kod enligt SNOMED. Text som beskriver vilken specialitet som utlåtandet gäller.Exempel: Typen av specialitet som anlitats anges i text Exempel: Patologi, Klinisk fysiologi, Logopedi","","","","","","","","","",,,,,"",,,,"SEEHDSLMImagingOutcome.imagingOutcome.imagingOutcomeBody.examinationSpeciality",0,1,"",""
"SEEHDSLMImagingOutcome.imagingOutcome.imagingOutcomeBody.typeOfResult","SEEHDSLMImagingOutcome.imagingOutcome.imagingOutcomeBody.typeOfResult","","","",1,1,"","","","https://fhir.inera.se/ig/ehds-tk/StructureDefinition/SEEHDSRivString {[]} {[]}
","Typ av resultat","Kodas enligt TypeOfResultCodeEnum. Se QUESTIONS.md ASSUME-003.
Tillåtna värden enligt XSD: PREL, DEF, TILL.","","","","","","","","","",,,,,"",,,,"SEEHDSLMImagingOutcome.imagingOutcome.imagingOutcomeBody.typeOfResult",1,1,"",""
"SEEHDSLMImagingOutcome.imagingOutcome.imagingOutcomeBody.resultTime","SEEHDSLMImagingOutcome.imagingOutcome.imagingOutcomeBody.resultTime","","","",1,1,"","","","https://fhir.inera.se/ig/ehds-tk/StructureDefinition/SEEHDSRivTimeStamp {[]} {[]}
","Resultatets tidpunkt","Svarstidpunkt. Tidpunkt då svar skickas till framställaren av remissen.
Format enligt XSD (TimeStampType): ÅÅÅÅMMDDttmmss.","","","","","","","","","",,,,,"",,,,"SEEHDSLMImagingOutcome.imagingOutcome.imagingOutcomeBody.resultTime",1,1,"",""
"SEEHDSLMImagingOutcome.imagingOutcome.imagingOutcomeBody.resultReport","SEEHDSLMImagingOutcome.imagingOutcome.imagingOutcomeBody.resultReport","","","",1,1,"","","","https://fhir.inera.se/ig/ehds-tk/StructureDefinition/SEEHDSRivString {[]} {[]}
","Resultatrapport (fritext)","Text som beskriver det sammanfattade utlåtandet kring undersökningsresultatet","","","","","","","","","",,,,,"",,,,"SEEHDSLMImagingOutcome.imagingOutcome.imagingOutcomeBody.resultReport",1,1,"",""
"SEEHDSLMImagingOutcome.imagingOutcome.imagingOutcomeBody.resultComment","SEEHDSLMImagingOutcome.imagingOutcome.imagingOutcomeBody.resultComment","","","",0,1,"","","","https://fhir.inera.se/ig/ehds-tk/StructureDefinition/SEEHDSRivString {[]} {[]}
","Kommentar till resultatet","Kommentar till det sammanfattande utlåtandet","","","","","","","","","",,,,,"",,,,"SEEHDSLMImagingOutcome.imagingOutcome.imagingOutcomeBody.resultComment",0,1,"",""
"SEEHDSLMImagingOutcome.imagingOutcome.imagingOutcomeBody.radiationDose","SEEHDSLMImagingOutcome.imagingOutcome.imagingOutcomeBody.radiationDose","","","",0,*,"","","","https://fhir.inera.se/ig/ehds-tk/StructureDefinition/SEEHDSRivPQTypeHealthcondActoutcome3 {[]} {[]}
","Stråldos","Ett dosvärde som härrör till undersökningen. Dosen kan anges på flera olika sätt (t.ex. som effektiv dos i Sv) eller som KAP. Den totala dosen som härrör till underökningen är summan av alla redovisade radiationDose. Enheten ska vara SI-enhet (eller kombination av sådana). (För KAP ska värdet räknas om till Gy*m² istället för Gy*cm².)","","","","","","","","","",,,,,"",,,,"SEEHDSLMImagingOutcome.imagingOutcome.imagingOutcomeBody.radiationDose",0,*,"",""
"SEEHDSLMImagingOutcome.imagingOutcome.imagingOutcomeBody.patientData","SEEHDSLMImagingOutcome.imagingOutcome.imagingOutcomeBody.patientData","","","",0,1,"","","","BackboneElement {[]} {[]}
","Patientdata vid undersökningstillfälle","Ytterligare information om patienten med relevans för bedömningen. Kan typiskt anges i samband med givande av strukturerad bild-information enligt nedan","","","","","","","","","",,,,,"",,,,"SEEHDSLMImagingOutcome.imagingOutcome.imagingOutcomeBody.patientData",0,1,"","ele-1:All FHIR elements must have a @value or children {hasValue() or (children().count() > id.count())}
"
"SEEHDSLMImagingOutcome.imagingOutcome.imagingOutcomeBody.patientData.id","SEEHDSLMImagingOutcome.imagingOutcome.imagingOutcomeBody.patientData.id","","","",0,1,"","","","string {[]} {[]}
","Unique id for inter-element referencing","Unique id for the element within a resource (for internal references). This may be any string value that does not contain spaces.","","","","","","","","","",,,,,"",,,,"Element.id",0,1,"",""
"SEEHDSLMImagingOutcome.imagingOutcome.imagingOutcomeBody.patientData.extension","SEEHDSLMImagingOutcome.imagingOutcome.imagingOutcomeBody.patientData.extension","","extensions
user content","",0,*,"","","","Extension {[]} {[]}
","Additional content defined by implementations","May be used to represent additional information that is not part of the basic definition of the element. To make the use of extensions safe and manageable, there is a strict set of governance  applied to the definition and use of extensions. Though any implementer can define an extension, there is a set of requirements that SHALL be met as part of the definition of the extension.","There can be no stigma associated with the use of extensions by any application, project, or standard - regardless of the institution or jurisdiction that uses or defines the extensions.  The use of extensions is what allows the FHIR specification to retain a core level of simplicity for everyone.","","","","","","","","",,,,,"","value:url}
","Extensions are always sliced by (at least) url",,"open","Element.extension",0,*,"","ele-1:All FHIR elements must have a @value or children {hasValue() or (children().count() > id.count())}
ext-1:Must have either extensions or value[x], not both {extension.exists() != value.exists()}"
"SEEHDSLMImagingOutcome.imagingOutcome.imagingOutcomeBody.patientData.modifierExtension","SEEHDSLMImagingOutcome.imagingOutcome.imagingOutcomeBody.patientData.modifierExtension","","extensions
user contentmodifiers","",0,*,"","Y","Y","Extension {[]} {[]}
","Extensions that cannot be ignored even if unrecognized","May be used to represent additional information that is not part of the basic definition of the element and that modifies the understanding of the element in which it is contained and/or the understanding of the containing element's descendants. Usually modifier elements provide negation or qualification. To make the use of extensions safe and manageable, there is a strict set of governance applied to the definition and use of extensions. Though any implementer can define an extension, there is a set of requirements that SHALL be met as part of the definition of the extension. Applications processing a resource are required to check for modifier extensions.

Modifier extensions SHALL NOT change the meaning of any elements on Resource or DomainResource (including cannot change the meaning of modifierExtension itself).","There can be no stigma associated with the use of extensions by any application, project, or standard - regardless of the institution or jurisdiction that uses or defines the extensions.  The use of extensions is what allows the FHIR specification to retain a core level of simplicity for everyone.","Modifier extensions allow for extensions that *cannot* be safely ignored to be clearly distinguished from the vast majority of extensions which can be safely ignored.  This promotes interoperability by eliminating the need for implementers to prohibit the presence of extensions. For further information, see the [definition of modifier extensions](http://hl7.org/fhir/R4/extensibility.html#modifierExtension).","","","","","","","",,,,,"",,,,"BackboneElement.modifierExtension",0,*,"","ele-1:All FHIR elements must have a @value or children {hasValue() or (children().count() > id.count())}
ext-1:Must have either extensions or value[x], not both {extension.exists() != value.exists()}"
"SEEHDSLMImagingOutcome.imagingOutcome.imagingOutcomeBody.patientData.patientWeight","SEEHDSLMImagingOutcome.imagingOutcome.imagingOutcomeBody.patientData.patientWeight","","","",0,1,"","","","https://fhir.inera.se/ig/ehds-tk/StructureDefinition/SEEHDSRivPQTypeHealthcondActoutcome3 {[]} {[]}
","Patientens vikt","Patientens vikt i kgvid undersökningstillfället.","","","","","","","","","",,,,,"",,,,"SEEHDSLMImagingOutcome.imagingOutcome.imagingOutcomeBody.patientData.patientWeight",0,1,"",""
"SEEHDSLMImagingOutcome.imagingOutcome.imagingOutcomeBody.patientData.patientLength","SEEHDSLMImagingOutcome.imagingOutcome.imagingOutcomeBody.patientData.patientLength","","","",0,1,"","","","https://fhir.inera.se/ig/ehds-tk/StructureDefinition/SEEHDSRivPQTypeHealthcondActoutcome3 {[]} {[]}
","Patientens längd","Patientens längd i cm vid undersökningstillfället.","","","","","","","","","",,,,,"",,,,"SEEHDSLMImagingOutcome.imagingOutcome.imagingOutcomeBody.patientData.patientLength",0,1,"",""
"SEEHDSLMImagingOutcome.imagingOutcome.imagingOutcomeBody.imageRecording","SEEHDSLMImagingOutcome.imagingOutcome.imagingOutcomeBody.imageRecording","","","",0,*,"","","","BackboneElement {[]} {[]}
","Bildtagning","Beskrivning av bild-tagning(ar). Bild(er) tas som en eller flera tagningar (noll tillåts i fall då tillgång till bild saknas, utan endast (remiss och) sammanfattande utlåtande finns). En bildtagning kan i sin tur ha flera bilder","","","","","","","","","",,,,,"",,,,"SEEHDSLMImagingOutcome.imagingOutcome.imagingOutcomeBody.imageRecording",0,*,"","ele-1:All FHIR elements must have a @value or children {hasValue() or (children().count() > id.count())}
"
"SEEHDSLMImagingOutcome.imagingOutcome.imagingOutcomeBody.imageRecording.id","SEEHDSLMImagingOutcome.imagingOutcome.imagingOutcomeBody.imageRecording.id","","","",0,1,"","","","string {[]} {[]}
","Unique id for inter-element referencing","Unique id for the element within a resource (for internal references). This may be any string value that does not contain spaces.","","","","","","","","","",,,,,"",,,,"Element.id",0,1,"",""
"SEEHDSLMImagingOutcome.imagingOutcome.imagingOutcomeBody.imageRecording.extension","SEEHDSLMImagingOutcome.imagingOutcome.imagingOutcomeBody.imageRecording.extension","","extensions
user content","",0,*,"","","","Extension {[]} {[]}
","Additional content defined by implementations","May be used to represent additional information that is not part of the basic definition of the element. To make the use of extensions safe and manageable, there is a strict set of governance  applied to the definition and use of extensions. Though any implementer can define an extension, there is a set of requirements that SHALL be met as part of the definition of the extension.","There can be no stigma associated with the use of extensions by any application, project, or standard - regardless of the institution or jurisdiction that uses or defines the extensions.  The use of extensions is what allows the FHIR specification to retain a core level of simplicity for everyone.","","","","","","","","",,,,,"","value:url}
","Extensions are always sliced by (at least) url",,"open","Element.extension",0,*,"","ele-1:All FHIR elements must have a @value or children {hasValue() or (children().count() > id.count())}
ext-1:Must have either extensions or value[x], not both {extension.exists() != value.exists()}"
"SEEHDSLMImagingOutcome.imagingOutcome.imagingOutcomeBody.imageRecording.modifierExtension","SEEHDSLMImagingOutcome.imagingOutcome.imagingOutcomeBody.imageRecording.modifierExtension","","extensions
user contentmodifiers","",0,*,"","Y","Y","Extension {[]} {[]}
","Extensions that cannot be ignored even if unrecognized","May be used to represent additional information that is not part of the basic definition of the element and that modifies the understanding of the element in which it is contained and/or the understanding of the containing element's descendants. Usually modifier elements provide negation or qualification. To make the use of extensions safe and manageable, there is a strict set of governance applied to the definition and use of extensions. Though any implementer can define an extension, there is a set of requirements that SHALL be met as part of the definition of the extension. Applications processing a resource are required to check for modifier extensions.

Modifier extensions SHALL NOT change the meaning of any elements on Resource or DomainResource (including cannot change the meaning of modifierExtension itself).","There can be no stigma associated with the use of extensions by any application, project, or standard - regardless of the institution or jurisdiction that uses or defines the extensions.  The use of extensions is what allows the FHIR specification to retain a core level of simplicity for everyone.","Modifier extensions allow for extensions that *cannot* be safely ignored to be clearly distinguished from the vast majority of extensions which can be safely ignored.  This promotes interoperability by eliminating the need for implementers to prohibit the presence of extensions. For further information, see the [definition of modifier extensions](http://hl7.org/fhir/R4/extensibility.html#modifierExtension).","","","","","","","",,,,,"",,,,"BackboneElement.modifierExtension",0,*,"","ele-1:All FHIR elements must have a @value or children {hasValue() or (children().count() > id.count())}
ext-1:Must have either extensions or value[x], not both {extension.exists() != value.exists()}"
"SEEHDSLMImagingOutcome.imagingOutcome.imagingOutcomeBody.imageRecording.recordingId","SEEHDSLMImagingOutcome.imagingOutcome.imagingOutcomeBody.imageRecording.recordingId","","","",0,1,"","","","https://fhir.inera.se/ig/ehds-tk/StructureDefinition/SEEHDSRivIITypeHealthcondActoutcome3 {[]} {[]}
","Bildtagningens id","Id för Bild-tagningen som är unikt inom källsystemet.","","","","","","","","","",,,,,"",,,,"SEEHDSLMImagingOutcome.imagingOutcome.imagingOutcomeBody.imageRecording.recordingId",0,1,"",""
"SEEHDSLMImagingOutcome.imagingOutcome.imagingOutcomeBody.imageRecording.examinationActivity","SEEHDSLMImagingOutcome.imagingOutcome.imagingOutcomeBody.imageRecording.examinationActivity","","","",1,1,"","","","https://fhir.inera.se/ig/ehds-tk/StructureDefinition/SEEHDSRivCVTypeHealthcondActoutcome3 {[]} {[]}
","Undersökningsaktivitet","Åtgärdskod för utförd typ av Bild. KRÅ91-kod eller i förekommande fall annat kodverk. Om inget gemensamt kodverk används, anges åtgärdsbeskrivning i originalText.","","","","","","","","","",,,,,"",,,,"SEEHDSLMImagingOutcome.imagingOutcome.imagingOutcomeBody.imageRecording.examinationActivity",1,1,"",""
"SEEHDSLMImagingOutcome.imagingOutcome.imagingOutcomeBody.imageRecording.examinationTimePeriod","SEEHDSLMImagingOutcome.imagingOutcome.imagingOutcomeBody.imageRecording.examinationTimePeriod","","","",1,1,"","","","https://fhir.inera.se/ig/ehds-tk/StructureDefinition/SEEHDSRivTimePeriodTypeHealthcondActoutcome3 {[]} {[]}
","Undersökningsperiod","Tidpunkt då Bild-insamlingen startar och slutar","","","","","","","","","",,,,,"",,,,"SEEHDSLMImagingOutcome.imagingOutcome.imagingOutcomeBody.imageRecording.examinationTimePeriod",1,1,"",""
"SEEHDSLMImagingOutcome.imagingOutcome.imagingOutcomeBody.imageRecording.examinationStatus","SEEHDSLMImagingOutcome.imagingOutcome.imagingOutcomeBody.imageRecording.examinationStatus","","","",0,1,"","","","https://fhir.inera.se/ig/ehds-tk/StructureDefinition/SEEHDSRivString {[]} {[]}
","Undersökningsstatus","Text som anger åtgärdens status. Kommer från KV åtgärdsstatus i V-TIM 1.0. Tillåtna värden är: Initierad, Planerad (bevakad), Tidbokad, Uppskjuten, Annullerad, Pågående, Avvakta, Avbruten, Avklarad, Inaktuell, Makulerad.
Tillåtna värden enligt XSD: Initierad, Planerad, Tidbokad, Uppskjuten, Annullerad, Pågående, Avvakta, Avbruten, Avklarad, Inaktuell, Makulerad.","","","","","","","","","",,,,,"",,,,"SEEHDSLMImagingOutcome.imagingOutcome.imagingOutcomeBody.imageRecording.examinationStatus",0,1,"",""
"SEEHDSLMImagingOutcome.imagingOutcome.imagingOutcomeBody.imageRecording.examinationUnit","SEEHDSLMImagingOutcome.imagingOutcome.imagingOutcomeBody.imageRecording.examinationUnit","","","",0,1,"","","","https://fhir.inera.se/ig/ehds-tk/StructureDefinition/SEEHDSRivString {[]} {[]}
","Undersökningsenhet","Text som anger vilken typ av labenhet som undersökningsresultatet härrör från. T ex MR-lab, CT inom bild","","","","","","","","","",,,,,"",,,,"SEEHDSLMImagingOutcome.imagingOutcome.imagingOutcomeBody.imageRecording.examinationUnit",0,1,"",""
"SEEHDSLMImagingOutcome.imagingOutcome.imagingOutcomeBody.imageRecording.accountableHealthcareProfessional","SEEHDSLMImagingOutcome.imagingOutcome.imagingOutcomeBody.imageRecording.accountableHealthcareProfessional","","","",0,1,"","","","BackboneElement {[]} {[]}
","Ansvarig personal","Hälso- och sjukvårdsperson som är ansvarig för informationen som härstammar från insamlingstillfället. Den person som har den fysiska kontakten med patienten vid insamlandet av data.","","","","","","","","","",,,,,"",,,,"SEEHDSLMImagingOutcome.imagingOutcome.imagingOutcomeBody.imageRecording.accountableHealthcareProfessional",0,1,"","ele-1:All FHIR elements must have a @value or children {hasValue() or (children().count() > id.count())}
"
"SEEHDSLMImagingOutcome.imagingOutcome.imagingOutcomeBody.imageRecording.accountableHealthcareProfessional.id","SEEHDSLMImagingOutcome.imagingOutcome.imagingOutcomeBody.imageRecording.accountableHealthcareProfessional.id","","","",0,1,"","","","string {[]} {[]}
","Unique id for inter-element referencing","Unique id for the element within a resource (for internal references). This may be any string value that does not contain spaces.","","","","","","","","","",,,,,"",,,,"Element.id",0,1,"",""
"SEEHDSLMImagingOutcome.imagingOutcome.imagingOutcomeBody.imageRecording.accountableHealthcareProfessional.extension","SEEHDSLMImagingOutcome.imagingOutcome.imagingOutcomeBody.imageRecording.accountableHealthcareProfessional.extension","","extensions
user content","",0,*,"","","","Extension {[]} {[]}
","Additional content defined by implementations","May be used to represent additional information that is not part of the basic definition of the element. To make the use of extensions safe and manageable, there is a strict set of governance  applied to the definition and use of extensions. Though any implementer can define an extension, there is a set of requirements that SHALL be met as part of the definition of the extension.","There can be no stigma associated with the use of extensions by any application, project, or standard - regardless of the institution or jurisdiction that uses or defines the extensions.  The use of extensions is what allows the FHIR specification to retain a core level of simplicity for everyone.","","","","","","","","",,,,,"","value:url}
","Extensions are always sliced by (at least) url",,"open","Element.extension",0,*,"","ele-1:All FHIR elements must have a @value or children {hasValue() or (children().count() > id.count())}
ext-1:Must have either extensions or value[x], not both {extension.exists() != value.exists()}"
"SEEHDSLMImagingOutcome.imagingOutcome.imagingOutcomeBody.imageRecording.accountableHealthcareProfessional.modifierExtension","SEEHDSLMImagingOutcome.imagingOutcome.imagingOutcomeBody.imageRecording.accountableHealthcareProfessional.modifierExtension","","extensions
user contentmodifiers","",0,*,"","Y","Y","Extension {[]} {[]}
","Extensions that cannot be ignored even if unrecognized","May be used to represent additional information that is not part of the basic definition of the element and that modifies the understanding of the element in which it is contained and/or the understanding of the containing element's descendants. Usually modifier elements provide negation or qualification. To make the use of extensions safe and manageable, there is a strict set of governance applied to the definition and use of extensions. Though any implementer can define an extension, there is a set of requirements that SHALL be met as part of the definition of the extension. Applications processing a resource are required to check for modifier extensions.

Modifier extensions SHALL NOT change the meaning of any elements on Resource or DomainResource (including cannot change the meaning of modifierExtension itself).","There can be no stigma associated with the use of extensions by any application, project, or standard - regardless of the institution or jurisdiction that uses or defines the extensions.  The use of extensions is what allows the FHIR specification to retain a core level of simplicity for everyone.","Modifier extensions allow for extensions that *cannot* be safely ignored to be clearly distinguished from the vast majority of extensions which can be safely ignored.  This promotes interoperability by eliminating the need for implementers to prohibit the presence of extensions. For further information, see the [definition of modifier extensions](http://hl7.org/fhir/R4/extensibility.html#modifierExtension).","","","","","","","",,,,,"",,,,"BackboneElement.modifierExtension",0,*,"","ele-1:All FHIR elements must have a @value or children {hasValue() or (children().count() > id.count())}
ext-1:Must have either extensions or value[x], not both {extension.exists() != value.exists()}"
"SEEHDSLMImagingOutcome.imagingOutcome.imagingOutcomeBody.imageRecording.accountableHealthcareProfessional.authorTime","SEEHDSLMImagingOutcome.imagingOutcome.imagingOutcomeBody.imageRecording.accountableHealthcareProfessional.authorTime","","","",1,1,"","","","https://fhir.inera.se/ig/ehds-tk/StructureDefinition/SEEHDSRivTimeStamp {[]} {[]}
","Tidpunkt","Tidpunkt då dokumentet skapades. Det är den senaste tidpunkten då informationen uppdaterats i systemet som ska finnas här i de fall informationen har ändrats efter det att den skapades. Attributet sätts till detsamma som examinationTimePeriod.end, eller .start i de fall som inget .end finns
Format enligt XSD (TimeStampType): ÅÅÅÅMMDDttmmss.","","","","","","","","","",,,,,"",,,,"SEEHDSLMImagingOutcome.imagingOutcome.imagingOutcomeBody.imageRecording.accountableHealthcareProfessional.authorTime",1,1,"",""
"SEEHDSLMImagingOutcome.imagingOutcome.imagingOutcomeBody.imageRecording.accountableHealthcareProfessional.healthcareProfessionalHSAId","SEEHDSLMImagingOutcome.imagingOutcome.imagingOutcomeBody.imageRecording.accountableHealthcareProfessional.healthcareProfessionalHSAId","","","",0,1,"","","","https://fhir.inera.se/ig/ehds-tk/StructureDefinition/SEEHDSRivString {[]} {[]}
","HSA-id","HSA-id för hälso-och sjukvårdspersonal. Ska anges om tillgänglig.","","","","","","","","","",,,,,"",,,,"SEEHDSLMImagingOutcome.imagingOutcome.imagingOutcomeBody.imageRecording.accountableHealthcareProfessional.healthcareProfessionalHSAId",0,1,"",""
"SEEHDSLMImagingOutcome.imagingOutcome.imagingOutcomeBody.imageRecording.accountableHealthcareProfessional.healthcareProfessionalName","SEEHDSLMImagingOutcome.imagingOutcome.imagingOutcomeBody.imageRecording.accountableHealthcareProfessional.healthcareProfessionalName","","","",0,1,"","","","https://fhir.inera.se/ig/ehds-tk/StructureDefinition/SEEHDSRivString {[]} {[]}
","Namn","Namn på hälso-och sjukvårdspersonal. Om tillgängligt ska detta anges.","","","","","","","","","",,,,,"",,,,"SEEHDSLMImagingOutcome.imagingOutcome.imagingOutcomeBody.imageRecording.accountableHealthcareProfessional.healthcareProfessionalName",0,1,"",""
"SEEHDSLMImagingOutcome.imagingOutcome.imagingOutcomeBody.imageRecording.accountableHealthcareProfessional.healthcareProfessionalRoleCode","SEEHDSLMImagingOutcome.imagingOutcome.imagingOutcomeBody.imageRecording.accountableHealthcareProfessional.healthcareProfessionalRoleCode","","","",0,1,"","","","https://fhir.inera.se/ig/ehds-tk/StructureDefinition/SEEHDSRivCVTypeHealthcondActoutcome3 {[]} {[]}
","Yrkesroll","Information om ansvarige personens befattning. Om möjligt ska KV Befattning (OID 1.2.752.129.2.2.1.4), se referens [R 5]. Om kodverk saknas anges befattning i originalText.","","","","","","","","","",,,,,"",,,,"SEEHDSLMImagingOutcome.imagingOutcome.imagingOutcomeBody.imageRecording.accountableHealthcareProfessional.healthcareProfessionalRoleCode",0,1,"",""
"SEEHDSLMImagingOutcome.imagingOutcome.imagingOutcomeBody.imageRecording.accountableHealthcareProfessional.healthcareProfessionalOrgUnit","SEEHDSLMImagingOutcome.imagingOutcome.imagingOutcomeBody.imageRecording.accountableHealthcareProfessional.healthcareProfessionalOrgUnit","","","",0,1,"","","","BackboneElement {[]} {[]}
","Org-enhet","Den organisation som angiven hälso-och sjukvårdsperson är uppdragstagare på. Om tillgängligt ska detta anges.","","","","","","","","","",,,,,"",,,,"SEEHDSLMImagingOutcome.imagingOutcome.imagingOutcomeBody.imageRecording.accountableHealthcareProfessional.healthcareProfessionalOrgUnit",0,1,"","ele-1:All FHIR elements must have a @value or children {hasValue() or (children().count() > id.count())}
"
"SEEHDSLMImagingOutcome.imagingOutcome.imagingOutcomeBody.imageRecording.accountableHealthcareProfessional.healthcareProfessionalOrgUnit.id","SEEHDSLMImagingOutcome.imagingOutcome.imagingOutcomeBody.imageRecording.accountableHealthcareProfessional.healthcareProfessionalOrgUnit.id","","","",0,1,"","","","string {[]} {[]}
","Unique id for inter-element referencing","Unique id for the element within a resource (for internal references). This may be any string value that does not contain spaces.","","","","","","","","","",,,,,"",,,,"Element.id",0,1,"",""
"SEEHDSLMImagingOutcome.imagingOutcome.imagingOutcomeBody.imageRecording.accountableHealthcareProfessional.healthcareProfessionalOrgUnit.extension","SEEHDSLMImagingOutcome.imagingOutcome.imagingOutcomeBody.imageRecording.accountableHealthcareProfessional.healthcareProfessionalOrgUnit.extension","","extensions
user content","",0,*,"","","","Extension {[]} {[]}
","Additional content defined by implementations","May be used to represent additional information that is not part of the basic definition of the element. To make the use of extensions safe and manageable, there is a strict set of governance  applied to the definition and use of extensions. Though any implementer can define an extension, there is a set of requirements that SHALL be met as part of the definition of the extension.","There can be no stigma associated with the use of extensions by any application, project, or standard - regardless of the institution or jurisdiction that uses or defines the extensions.  The use of extensions is what allows the FHIR specification to retain a core level of simplicity for everyone.","","","","","","","","",,,,,"","value:url}
","Extensions are always sliced by (at least) url",,"open","Element.extension",0,*,"","ele-1:All FHIR elements must have a @value or children {hasValue() or (children().count() > id.count())}
ext-1:Must have either extensions or value[x], not both {extension.exists() != value.exists()}"
"SEEHDSLMImagingOutcome.imagingOutcome.imagingOutcomeBody.imageRecording.accountableHealthcareProfessional.healthcareProfessionalOrgUnit.modifierExtension","SEEHDSLMImagingOutcome.imagingOutcome.imagingOutcomeBody.imageRecording.accountableHealthcareProfessional.healthcareProfessionalOrgUnit.modifierExtension","","extensions
user contentmodifiers","",0,*,"","Y","Y","Extension {[]} {[]}
","Extensions that cannot be ignored even if unrecognized","May be used to represent additional information that is not part of the basic definition of the element and that modifies the understanding of the element in which it is contained and/or the understanding of the containing element's descendants. Usually modifier elements provide negation or qualification. To make the use of extensions safe and manageable, there is a strict set of governance applied to the definition and use of extensions. Though any implementer can define an extension, there is a set of requirements that SHALL be met as part of the definition of the extension. Applications processing a resource are required to check for modifier extensions.

Modifier extensions SHALL NOT change the meaning of any elements on Resource or DomainResource (including cannot change the meaning of modifierExtension itself).","There can be no stigma associated with the use of extensions by any application, project, or standard - regardless of the institution or jurisdiction that uses or defines the extensions.  The use of extensions is what allows the FHIR specification to retain a core level of simplicity for everyone.","Modifier extensions allow for extensions that *cannot* be safely ignored to be clearly distinguished from the vast majority of extensions which can be safely ignored.  This promotes interoperability by eliminating the need for implementers to prohibit the presence of extensions. For further information, see the [definition of modifier extensions](http://hl7.org/fhir/R4/extensibility.html#modifierExtension).","","","","","","","",,,,,"",,,,"BackboneElement.modifierExtension",0,*,"","ele-1:All FHIR elements must have a @value or children {hasValue() or (children().count() > id.count())}
ext-1:Must have either extensions or value[x], not both {extension.exists() != value.exists()}"
"SEEHDSLMImagingOutcome.imagingOutcome.imagingOutcomeBody.imageRecording.accountableHealthcareProfessional.healthcareProfessionalOrgUnit.orgUnitHSAId","SEEHDSLMImagingOutcome.imagingOutcome.imagingOutcomeBody.imageRecording.accountableHealthcareProfessional.healthcareProfessionalOrgUnit.orgUnitHSAId","","","",0,1,"","","","https://fhir.inera.se/ig/ehds-tk/StructureDefinition/SEEHDSRivString {[]} {[]}
","HSA-id för organisationsenhet","HSA-id för organisationsenhet. Om tillgängligt ska detta anges.","","","","","","","","","",,,,,"",,,,"SEEHDSLMImagingOutcome.imagingOutcome.imagingOutcomeBody.imageRecording.accountableHealthcareProfessional.healthcareProfessionalOrgUnit.orgUnitHSAId",0,1,"",""
"SEEHDSLMImagingOutcome.imagingOutcome.imagingOutcomeBody.imageRecording.accountableHealthcareProfessional.healthcareProfessionalOrgUnit.orgUnitName","SEEHDSLMImagingOutcome.imagingOutcome.imagingOutcomeBody.imageRecording.accountableHealthcareProfessional.healthcareProfessionalOrgUnit.orgUnitName","","","",0,1,"","","","https://fhir.inera.se/ig/ehds-tk/StructureDefinition/SEEHDSRivString {[]} {[]}
","Namn på organisationsenhet","Namn på organisationsenhet. Om tillgängligt ska detta anges.","","","","","","","","","",,,,,"",,,,"SEEHDSLMImagingOutcome.imagingOutcome.imagingOutcomeBody.imageRecording.accountableHealthcareProfessional.healthcareProfessionalOrgUnit.orgUnitName",0,1,"",""
"SEEHDSLMImagingOutcome.imagingOutcome.imagingOutcomeBody.imageRecording.accountableHealthcareProfessional.healthcareProfessionalOrgUnit.orgUnitTelecom","SEEHDSLMImagingOutcome.imagingOutcome.imagingOutcomeBody.imageRecording.accountableHealthcareProfessional.healthcareProfessionalOrgUnit.orgUnitTelecom","","","",0,1,"","","","https://fhir.inera.se/ig/ehds-tk/StructureDefinition/SEEHDSRivString {[]} {[]}
","Telefon till organisationsenhet","Telefon till organisationsenhet.","","","","","","","","","",,,,,"",,,,"SEEHDSLMImagingOutcome.imagingOutcome.imagingOutcomeBody.imageRecording.accountableHealthcareProfessional.healthcareProfessionalOrgUnit.orgUnitTelecom",0,1,"",""
"SEEHDSLMImagingOutcome.imagingOutcome.imagingOutcomeBody.imageRecording.accountableHealthcareProfessional.healthcareProfessionalOrgUnit.orgUnitEmail","SEEHDSLMImagingOutcome.imagingOutcome.imagingOutcomeBody.imageRecording.accountableHealthcareProfessional.healthcareProfessionalOrgUnit.orgUnitEmail","","","",0,1,"","","","https://fhir.inera.se/ig/ehds-tk/StructureDefinition/SEEHDSRivString {[]} {[]}
","E-post till organisationsenhet","Epost till organisationsenhet.","","","","","","","","","",,,,,"",,,,"SEEHDSLMImagingOutcome.imagingOutcome.imagingOutcomeBody.imageRecording.accountableHealthcareProfessional.healthcareProfessionalOrgUnit.orgUnitEmail",0,1,"",""
"SEEHDSLMImagingOutcome.imagingOutcome.imagingOutcomeBody.imageRecording.accountableHealthcareProfessional.healthcareProfessionalOrgUnit.orgUnitAddress","SEEHDSLMImagingOutcome.imagingOutcome.imagingOutcomeBody.imageRecording.accountableHealthcareProfessional.healthcareProfessionalOrgUnit.orgUnitAddress","","","",0,1,"","","","https://fhir.inera.se/ig/ehds-tk/StructureDefinition/SEEHDSRivString {[]} {[]}
","Postadress till organisationsenhet","Postadress till organisationsenhet. Skrivs på ett så naturligt sätt som möjligt, exempelvis:”Storgatan 12468 91 Lilleby”","","","","","","","","","",,,,,"",,,,"SEEHDSLMImagingOutcome.imagingOutcome.imagingOutcomeBody.imageRecording.accountableHealthcareProfessional.healthcareProfessionalOrgUnit.orgUnitAddress",0,1,"",""
"SEEHDSLMImagingOutcome.imagingOutcome.imagingOutcomeBody.imageRecording.accountableHealthcareProfessional.healthcareProfessionalOrgUnit.orgUnitLocation","SEEHDSLMImagingOutcome.imagingOutcome.imagingOutcomeBody.imageRecording.accountableHealthcareProfessional.healthcareProfessionalOrgUnit.orgUnitLocation","","","",0,1,"","","","https://fhir.inera.se/ig/ehds-tk/StructureDefinition/SEEHDSRivString {[]} {[]}
","Plats för organisationsenhet","Text som anger namnet på plats eller ort för organisationens fysiska placering.","","","","","","","","","",,,,,"",,,,"SEEHDSLMImagingOutcome.imagingOutcome.imagingOutcomeBody.imageRecording.accountableHealthcareProfessional.healthcareProfessionalOrgUnit.orgUnitLocation",0,1,"",""
"SEEHDSLMImagingOutcome.imagingOutcome.imagingOutcomeBody.imageRecording.accountableHealthcareProfessional.healthcareProfessionalCareUnitHSAId","SEEHDSLMImagingOutcome.imagingOutcome.imagingOutcomeBody.imageRecording.accountableHealthcareProfessional.healthcareProfessionalCareUnitHSAId","","","",0,0,"","","","https://fhir.inera.se/ig/ehds-tk/StructureDefinition/SEEHDSRivString {[]} {[]}
","HSA-id för vårdenhet","Ska ej anges.","","","","","","","","","",,,,,"",,,,"SEEHDSLMImagingOutcome.imagingOutcome.imagingOutcomeBody.imageRecording.accountableHealthcareProfessional.healthcareProfessionalCareUnitHSAId",0,0,"",""
"SEEHDSLMImagingOutcome.imagingOutcome.imagingOutcomeBody.imageRecording.accountableHealthcareProfessional.healthcareProfessionalCareGiverHSAId","SEEHDSLMImagingOutcome.imagingOutcome.imagingOutcomeBody.imageRecording.accountableHealthcareProfessional.healthcareProfessionalCareGiverHSAId","","","",0,0,"","","","https://fhir.inera.se/ig/ehds-tk/StructureDefinition/SEEHDSRivString {[]} {[]}
","HSA-id för vårdgivare","Ska ej anges.","","","","","","","","","",,,,,"",,,,"SEEHDSLMImagingOutcome.imagingOutcome.imagingOutcomeBody.imageRecording.accountableHealthcareProfessional.healthcareProfessionalCareGiverHSAId",0,0,"",""
"SEEHDSLMImagingOutcome.imagingOutcome.imagingOutcomeBody.imageRecording.numberOfImages","SEEHDSLMImagingOutcome.imagingOutcome.imagingOutcomeBody.imageRecording.numberOfImages","","","",0,1,"","","","https://fhir.inera.se/ig/ehds-tk/StructureDefinition/SEEHDSRivInteger {[]} {[]}
","Antal bilder","Det totala antalet bilder i bildtagningen","","","","","","","","","",,,,,"",,,,"SEEHDSLMImagingOutcome.imagingOutcome.imagingOutcomeBody.imageRecording.numberOfImages",0,1,"",""
"SEEHDSLMImagingOutcome.imagingOutcome.imagingOutcomeBody.imageRecording.modalityData","SEEHDSLMImagingOutcome.imagingOutcome.imagingOutcomeBody.imageRecording.modalityData","","","",0,1,"","","","BackboneElement {[]} {[]}
","Modalitetsdata","Information om bild-utrustningen som använts","","","","","","","","","",,,,,"",,,,"SEEHDSLMImagingOutcome.imagingOutcome.imagingOutcomeBody.imageRecording.modalityData",0,1,"","ele-1:All FHIR elements must have a @value or children {hasValue() or (children().count() > id.count())}
"
"SEEHDSLMImagingOutcome.imagingOutcome.imagingOutcomeBody.imageRecording.modalityData.id","SEEHDSLMImagingOutcome.imagingOutcome.imagingOutcomeBody.imageRecording.modalityData.id","","","",0,1,"","","","string {[]} {[]}
","Unique id for inter-element referencing","Unique id for the element within a resource (for internal references). This may be any string value that does not contain spaces.","","","","","","","","","",,,,,"",,,,"Element.id",0,1,"",""
"SEEHDSLMImagingOutcome.imagingOutcome.imagingOutcomeBody.imageRecording.modalityData.extension","SEEHDSLMImagingOutcome.imagingOutcome.imagingOutcomeBody.imageRecording.modalityData.extension","","extensions
user content","",0,*,"","","","Extension {[]} {[]}
","Additional content defined by implementations","May be used to represent additional information that is not part of the basic definition of the element. To make the use of extensions safe and manageable, there is a strict set of governance  applied to the definition and use of extensions. Though any implementer can define an extension, there is a set of requirements that SHALL be met as part of the definition of the extension.","There can be no stigma associated with the use of extensions by any application, project, or standard - regardless of the institution or jurisdiction that uses or defines the extensions.  The use of extensions is what allows the FHIR specification to retain a core level of simplicity for everyone.","","","","","","","","",,,,,"","value:url}
","Extensions are always sliced by (at least) url",,"open","Element.extension",0,*,"","ele-1:All FHIR elements must have a @value or children {hasValue() or (children().count() > id.count())}
ext-1:Must have either extensions or value[x], not both {extension.exists() != value.exists()}"
"SEEHDSLMImagingOutcome.imagingOutcome.imagingOutcomeBody.imageRecording.modalityData.modifierExtension","SEEHDSLMImagingOutcome.imagingOutcome.imagingOutcomeBody.imageRecording.modalityData.modifierExtension","","extensions
user contentmodifiers","",0,*,"","Y","Y","Extension {[]} {[]}
","Extensions that cannot be ignored even if unrecognized","May be used to represent additional information that is not part of the basic definition of the element and that modifies the understanding of the element in which it is contained and/or the understanding of the containing element's descendants. Usually modifier elements provide negation or qualification. To make the use of extensions safe and manageable, there is a strict set of governance applied to the definition and use of extensions. Though any implementer can define an extension, there is a set of requirements that SHALL be met as part of the definition of the extension. Applications processing a resource are required to check for modifier extensions.

Modifier extensions SHALL NOT change the meaning of any elements on Resource or DomainResource (including cannot change the meaning of modifierExtension itself).","There can be no stigma associated with the use of extensions by any application, project, or standard - regardless of the institution or jurisdiction that uses or defines the extensions.  The use of extensions is what allows the FHIR specification to retain a core level of simplicity for everyone.","Modifier extensions allow for extensions that *cannot* be safely ignored to be clearly distinguished from the vast majority of extensions which can be safely ignored.  This promotes interoperability by eliminating the need for implementers to prohibit the presence of extensions. For further information, see the [definition of modifier extensions](http://hl7.org/fhir/R4/extensibility.html#modifierExtension).","","","","","","","",,,,,"",,,,"BackboneElement.modifierExtension",0,*,"","ele-1:All FHIR elements must have a @value or children {hasValue() or (children().count() > id.count())}
ext-1:Must have either extensions or value[x], not both {extension.exists() != value.exists()}"
"SEEHDSLMImagingOutcome.imagingOutcome.imagingOutcomeBody.imageRecording.modalityData.typeOfModality","SEEHDSLMImagingOutcome.imagingOutcome.imagingOutcomeBody.imageRecording.modalityData.typeOfModality","","","",0,1,"","","","https://fhir.inera.se/ig/ehds-tk/StructureDefinition/SEEHDSRivString {[]} {[]}
","Modalitetstyp (t.ex. CT, MR)","Modalitetstyp för bildfångande utrustning.","","","","","","","","","",,,,,"",,,,"SEEHDSLMImagingOutcome.imagingOutcome.imagingOutcomeBody.imageRecording.modalityData.typeOfModality",0,1,"",""
"SEEHDSLMImagingOutcome.imagingOutcome.imagingOutcomeBody.imageRecording.modalityData.manufacturer","SEEHDSLMImagingOutcome.imagingOutcome.imagingOutcomeBody.imageRecording.modalityData.manufacturer","","","",0,1,"","","","https://fhir.inera.se/ig/ehds-tk/StructureDefinition/SEEHDSRivString {[]} {[]}
","Tillverkare","Producerande utrustnings tillverkare.","","","","","","","","","",,,,,"",,,,"SEEHDSLMImagingOutcome.imagingOutcome.imagingOutcomeBody.imageRecording.modalityData.manufacturer",0,1,"",""
"SEEHDSLMImagingOutcome.imagingOutcome.imagingOutcomeBody.imageRecording.modalityData.modelName","SEEHDSLMImagingOutcome.imagingOutcome.imagingOutcomeBody.imageRecording.modalityData.modelName","","","",0,1,"","","","https://fhir.inera.se/ig/ehds-tk/StructureDefinition/SEEHDSRivString {[]} {[]}
","Modellnamn","Producerande utrustnings modellnamn.","","","","","","","","","",,,,,"",,,,"SEEHDSLMImagingOutcome.imagingOutcome.imagingOutcomeBody.imageRecording.modalityData.modelName",0,1,"",""
"SEEHDSLMImagingOutcome.imagingOutcome.imagingOutcomeBody.imageRecording.modalityData.equipmentId","SEEHDSLMImagingOutcome.imagingOutcome.imagingOutcomeBody.imageRecording.modalityData.equipmentId","","","",0,1,"","","","https://fhir.inera.se/ig/ehds-tk/StructureDefinition/SEEHDSRivString {[]} {[]}
","Utrustningens id","Identifierare för utrustningen. Kan tex vara serienummer eller inventarienummer.","","","","","","","","","",,,,,"",,,,"SEEHDSLMImagingOutcome.imagingOutcome.imagingOutcomeBody.imageRecording.modalityData.equipmentId",0,1,"",""
"SEEHDSLMImagingOutcome.imagingOutcome.imagingOutcomeBody.imageRecording.modalityData.softwareVersion","SEEHDSLMImagingOutcome.imagingOutcome.imagingOutcomeBody.imageRecording.modalityData.softwareVersion","","","",0,1,"","","","https://fhir.inera.se/ig/ehds-tk/StructureDefinition/SEEHDSRivString {[]} {[]}
","Programvaruversion","Text som anger tillverkarens version av den bildproducerande mjukvaran","","","","","","","","","",,,,,"",,,,"SEEHDSLMImagingOutcome.imagingOutcome.imagingOutcomeBody.imageRecording.modalityData.softwareVersion",0,1,"",""
"SEEHDSLMImagingOutcome.imagingOutcome.imagingOutcomeBody.imageRecording.modalityData.lineFilter","SEEHDSLMImagingOutcome.imagingOutcome.imagingOutcomeBody.imageRecording.modalityData.lineFilter","","","",0,0,"","","","https://fhir.inera.se/ig/ehds-tk/StructureDefinition/SEEHDSRivPQTypeHealthcondActoutcome3 {[]} {[]}
","Linjefilter","Ska ej anges.","","","","","","","","","",,,,,"",,,,"SEEHDSLMImagingOutcome.imagingOutcome.imagingOutcomeBody.imageRecording.modalityData.lineFilter",0,0,"",""
"SEEHDSLMImagingOutcome.imagingOutcome.imagingOutcomeBody.imageRecording.imageDicomData","SEEHDSLMImagingOutcome.imagingOutcome.imagingOutcomeBody.imageRecording.imageDicomData","","","",0,*,"","","","BackboneElement {[]} {[]}
","DICOM-bilddata","DICOM-objekt. För att ge renderbar data som kan visas på det sätt som användaren önskar (med hjälp av en viewer/renderare) ges möjligheten att skicka med binärdata eller en URI till ett DICOM-objekt i någon av SOP-klasserna för Bild. Både imageDicomData och ImageStaticData kan, och om möjligt bör anges för att underlätta för konsument.","","","","","","","","","",,,,,"",,,,"SEEHDSLMImagingOutcome.imagingOutcome.imagingOutcomeBody.imageRecording.imageDicomData",0,*,"","ele-1:All FHIR elements must have a @value or children {hasValue() or (children().count() > id.count())}
"
"SEEHDSLMImagingOutcome.imagingOutcome.imagingOutcomeBody.imageRecording.imageDicomData.id","SEEHDSLMImagingOutcome.imagingOutcome.imagingOutcomeBody.imageRecording.imageDicomData.id","","","",0,1,"","","","string {[]} {[]}
","Unique id for inter-element referencing","Unique id for the element within a resource (for internal references). This may be any string value that does not contain spaces.","","","","","","","","","",,,,,"",,,,"Element.id",0,1,"",""
"SEEHDSLMImagingOutcome.imagingOutcome.imagingOutcomeBody.imageRecording.imageDicomData.extension","SEEHDSLMImagingOutcome.imagingOutcome.imagingOutcomeBody.imageRecording.imageDicomData.extension","","extensions
user content","",0,*,"","","","Extension {[]} {[]}
","Additional content defined by implementations","May be used to represent additional information that is not part of the basic definition of the element. To make the use of extensions safe and manageable, there is a strict set of governance  applied to the definition and use of extensions. Though any implementer can define an extension, there is a set of requirements that SHALL be met as part of the definition of the extension.","There can be no stigma associated with the use of extensions by any application, project, or standard - regardless of the institution or jurisdiction that uses or defines the extensions.  The use of extensions is what allows the FHIR specification to retain a core level of simplicity for everyone.","","","","","","","","",,,,,"","value:url}
","Extensions are always sliced by (at least) url",,"open","Element.extension",0,*,"","ele-1:All FHIR elements must have a @value or children {hasValue() or (children().count() > id.count())}
ext-1:Must have either extensions or value[x], not both {extension.exists() != value.exists()}"
"SEEHDSLMImagingOutcome.imagingOutcome.imagingOutcomeBody.imageRecording.imageDicomData.modifierExtension","SEEHDSLMImagingOutcome.imagingOutcome.imagingOutcomeBody.imageRecording.imageDicomData.modifierExtension","","extensions
user contentmodifiers","",0,*,"","Y","Y","Extension {[]} {[]}
","Extensions that cannot be ignored even if unrecognized","May be used to represent additional information that is not part of the basic definition of the element and that modifies the understanding of the element in which it is contained and/or the understanding of the containing element's descendants. Usually modifier elements provide negation or qualification. To make the use of extensions safe and manageable, there is a strict set of governance applied to the definition and use of extensions. Though any implementer can define an extension, there is a set of requirements that SHALL be met as part of the definition of the extension. Applications processing a resource are required to check for modifier extensions.

Modifier extensions SHALL NOT change the meaning of any elements on Resource or DomainResource (including cannot change the meaning of modifierExtension itself).","There can be no stigma associated with the use of extensions by any application, project, or standard - regardless of the institution or jurisdiction that uses or defines the extensions.  The use of extensions is what allows the FHIR specification to retain a core level of simplicity for everyone.","Modifier extensions allow for extensions that *cannot* be safely ignored to be clearly distinguished from the vast majority of extensions which can be safely ignored.  This promotes interoperability by eliminating the need for implementers to prohibit the presence of extensions. For further information, see the [definition of modifier extensions](http://hl7.org/fhir/R4/extensibility.html#modifierExtension).","","","","","","","",,,,,"",,,,"BackboneElement.modifierExtension",0,*,"","ele-1:All FHIR elements must have a @value or children {hasValue() or (children().count() > id.count())}
ext-1:Must have either extensions or value[x], not both {extension.exists() != value.exists()}"
"SEEHDSLMImagingOutcome.imagingOutcome.imagingOutcomeBody.imageRecording.imageDicomData.dicomSOP","SEEHDSLMImagingOutcome.imagingOutcome.imagingOutcomeBody.imageRecording.imageDicomData.dicomSOP","","","",1,1,"","","","https://fhir.inera.se/ig/ehds-tk/StructureDefinition/SEEHDSRivString {[]} {[]}
","DICOM SOP (UID)","SOP UID för DICOM-objektet. Beskriver vilken information som kan förväntas i datan (jmf. mediaType nedan för statisk bild). T.ex. 1.2.840.10008.5.1.4.1.1.1.1 för digital x-ray for presentation","","","","","","","","","",,,,,"",,,,"SEEHDSLMImagingOutcome.imagingOutcome.imagingOutcomeBody.imageRecording.imageDicomData.dicomSOP",1,1,"",""
"SEEHDSLMImagingOutcome.imagingOutcome.imagingOutcomeBody.imageRecording.imageDicomData.dicomValue","SEEHDSLMImagingOutcome.imagingOutcome.imagingOutcomeBody.imageRecording.imageDicomData.dicomValue","","","",0,1,"","","","https://fhir.inera.se/ig/ehds-tk/StructureDefinition/SEEHDSRivBase64Binary {[]} {[]}
","DICOM binärdata","Binärdata som representerar objektet. Ett och endast ett av DicomValue och DicomReference ska anges.","","","","","","","","","",,,,,"",,,,"SEEHDSLMImagingOutcome.imagingOutcome.imagingOutcomeBody.imageRecording.imageDicomData.dicomValue",0,1,"",""
"SEEHDSLMImagingOutcome.imagingOutcome.imagingOutcomeBody.imageRecording.imageDicomData.dicomReference","SEEHDSLMImagingOutcome.imagingOutcome.imagingOutcomeBody.imageRecording.imageDicomData.dicomReference","","","",0,1,"","","","https://fhir.inera.se/ig/ehds-tk/StructureDefinition/SEEHDSRivAnyURI {[]} {[]}
","Referens till DICOM-bild","Referens till externt DICOM-objekt med åtkomst enligt WADO. En tillverkarspecifik länk som är möjlig att via en säker anslutning visa i en webklient","","","","","","","","","",,,,,"",,,,"SEEHDSLMImagingOutcome.imagingOutcome.imagingOutcomeBody.imageRecording.imageDicomData.dicomReference",0,1,"",""
"SEEHDSLMImagingOutcome.imagingOutcome.imagingOutcomeBody.imageRecording.imageStructuredData","SEEHDSLMImagingOutcome.imagingOutcome.imagingOutcomeBody.imageRecording.imageStructuredData","","","",0,*,"","","","BackboneElement {[]} {[]}
","Strukturerad bilddata","Strukturerad mätdata för bild-tagningen med statiskt bildobjekt eller referens till bildfil.","","","","","","","","","",,,,,"",,,,"SEEHDSLMImagingOutcome.imagingOutcome.imagingOutcomeBody.imageRecording.imageStructuredData",0,*,"","ele-1:All FHIR elements must have a @value or children {hasValue() or (children().count() > id.count())}
"
"SEEHDSLMImagingOutcome.imagingOutcome.imagingOutcomeBody.imageRecording.imageStructuredData.id","SEEHDSLMImagingOutcome.imagingOutcome.imagingOutcomeBody.imageRecording.imageStructuredData.id","","","",0,1,"","","","string {[]} {[]}
","Unique id for inter-element referencing","Unique id for the element within a resource (for internal references). This may be any string value that does not contain spaces.","","","","","","","","","",,,,,"",,,,"Element.id",0,1,"",""
"SEEHDSLMImagingOutcome.imagingOutcome.imagingOutcomeBody.imageRecording.imageStructuredData.extension","SEEHDSLMImagingOutcome.imagingOutcome.imagingOutcomeBody.imageRecording.imageStructuredData.extension","","extensions
user content","",0,*,"","","","Extension {[]} {[]}
","Additional content defined by implementations","May be used to represent additional information that is not part of the basic definition of the element. To make the use of extensions safe and manageable, there is a strict set of governance  applied to the definition and use of extensions. Though any implementer can define an extension, there is a set of requirements that SHALL be met as part of the definition of the extension.","There can be no stigma associated with the use of extensions by any application, project, or standard - regardless of the institution or jurisdiction that uses or defines the extensions.  The use of extensions is what allows the FHIR specification to retain a core level of simplicity for everyone.","","","","","","","","",,,,,"","value:url}
","Extensions are always sliced by (at least) url",,"open","Element.extension",0,*,"","ele-1:All FHIR elements must have a @value or children {hasValue() or (children().count() > id.count())}
ext-1:Must have either extensions or value[x], not both {extension.exists() != value.exists()}"
"SEEHDSLMImagingOutcome.imagingOutcome.imagingOutcomeBody.imageRecording.imageStructuredData.modifierExtension","SEEHDSLMImagingOutcome.imagingOutcome.imagingOutcomeBody.imageRecording.imageStructuredData.modifierExtension","","extensions
user contentmodifiers","",0,*,"","Y","Y","Extension {[]} {[]}
","Extensions that cannot be ignored even if unrecognized","May be used to represent additional information that is not part of the basic definition of the element and that modifies the understanding of the element in which it is contained and/or the understanding of the containing element's descendants. Usually modifier elements provide negation or qualification. To make the use of extensions safe and manageable, there is a strict set of governance applied to the definition and use of extensions. Though any implementer can define an extension, there is a set of requirements that SHALL be met as part of the definition of the extension. Applications processing a resource are required to check for modifier extensions.

Modifier extensions SHALL NOT change the meaning of any elements on Resource or DomainResource (including cannot change the meaning of modifierExtension itself).","There can be no stigma associated with the use of extensions by any application, project, or standard - regardless of the institution or jurisdiction that uses or defines the extensions.  The use of extensions is what allows the FHIR specification to retain a core level of simplicity for everyone.","Modifier extensions allow for extensions that *cannot* be safely ignored to be clearly distinguished from the vast majority of extensions which can be safely ignored.  This promotes interoperability by eliminating the need for implementers to prohibit the presence of extensions. For further information, see the [definition of modifier extensions](http://hl7.org/fhir/R4/extensibility.html#modifierExtension).","","","","","","","",,,,,"",,,,"BackboneElement.modifierExtension",0,*,"","ele-1:All FHIR elements must have a @value or children {hasValue() or (children().count() > id.count())}
ext-1:Must have either extensions or value[x], not both {extension.exists() != value.exists()}"
"SEEHDSLMImagingOutcome.imagingOutcome.imagingOutcomeBody.imageRecording.imageStructuredData.aperture","SEEHDSLMImagingOutcome.imagingOutcome.imagingOutcomeBody.imageRecording.imageStructuredData.aperture","","","",0,1,"","","","https://fhir.inera.se/ig/ehds-tk/StructureDefinition/SEEHDSRivPQTypeHealthcondActoutcome3 {[]} {[]}
","Bländare","Anges som f/(enhetslöst).","","","","","","","","","",,,,,"",,,,"SEEHDSLMImagingOutcome.imagingOutcome.imagingOutcomeBody.imageRecording.imageStructuredData.aperture",0,1,"",""
"SEEHDSLMImagingOutcome.imagingOutcome.imagingOutcomeBody.imageRecording.imageStructuredData.exposureTime","SEEHDSLMImagingOutcome.imagingOutcome.imagingOutcomeBody.imageRecording.imageStructuredData.exposureTime","","","",0,1,"","","","https://fhir.inera.se/ig/ehds-tk/StructureDefinition/SEEHDSRivPQTypeHealthcondActoutcome3 {[]} {[]}
","Exponeringstid","I sekunder","","","","","","","","","",,,,,"",,,,"SEEHDSLMImagingOutcome.imagingOutcome.imagingOutcomeBody.imageRecording.imageStructuredData.exposureTime",0,1,"",""
"SEEHDSLMImagingOutcome.imagingOutcome.imagingOutcomeBody.imageRecording.imageStructuredData.imageCreationTime","SEEHDSLMImagingOutcome.imagingOutcome.imagingOutcomeBody.imageRecording.imageStructuredData.imageCreationTime","","","",0,1,"","","","https://fhir.inera.se/ig/ehds-tk/StructureDefinition/SEEHDSRivTimeStamp {[]} {[]}
","Bildskapningstidpunkt","Tid då bilden skapats.
Format enligt XSD (TimeStampType): ÅÅÅÅMMDDttmmss.","","","","","","","","","",,,,,"",,,,"SEEHDSLMImagingOutcome.imagingOutcome.imagingOutcomeBody.imageRecording.imageStructuredData.imageCreationTime",0,1,"",""
"SEEHDSLMImagingOutcome.imagingOutcome.imagingOutcomeBody.imageRecording.imageStructuredData.bodyPartExamined","SEEHDSLMImagingOutcome.imagingOutcome.imagingOutcomeBody.imageRecording.imageStructuredData.bodyPartExamined","","","",0,1,"","","","https://fhir.inera.se/ig/ehds-tk/StructureDefinition/SEEHDSRivCVTypeHealthcondActoutcome3 {[]} {[]}
","Undersökt kroppsdel","Kroppsdel. Bör anges med kod ur SNOMED CT (OID: 1.2.752.116.2.1.1). Om kodverk saknas kan kroppsdel anges i originalText.","","","","","","","","","",,,,,"",,,,"SEEHDSLMImagingOutcome.imagingOutcome.imagingOutcomeBody.imageRecording.imageStructuredData.bodyPartExamined",0,1,"",""
"SEEHDSLMImagingOutcome.imagingOutcome.imagingOutcomeBody.imageRecording.imageStructuredData.contrastAgentUsed","SEEHDSLMImagingOutcome.imagingOutcome.imagingOutcomeBody.imageRecording.imageStructuredData.contrastAgentUsed","","","",0,1,"","","","https://fhir.inera.se/ig/ehds-tk/StructureDefinition/SEEHDSRivString {[]} {[]}
","Kontrastmedel","Kontrast som använts vid bildtagningen.","","","","","","","","","",,,,,"",,,,"SEEHDSLMImagingOutcome.imagingOutcome.imagingOutcomeBody.imageRecording.imageStructuredData.contrastAgentUsed",0,1,"",""
"SEEHDSLMImagingOutcome.imagingOutcome.imagingOutcomeBody.imageRecording.imageStructuredData.magneticFieldStrength","SEEHDSLMImagingOutcome.imagingOutcome.imagingOutcomeBody.imageRecording.imageStructuredData.magneticFieldStrength","","","",0,1,"","","","https://fhir.inera.se/ig/ehds-tk/StructureDefinition/SEEHDSRivPQTypeHealthcondActoutcome3 {[]} {[]}
","Magnetfältstyrka","Magnetisk fältsyrka i T.","","","","","","","","","",,,,,"",,,,"SEEHDSLMImagingOutcome.imagingOutcome.imagingOutcomeBody.imageRecording.imageStructuredData.magneticFieldStrength",0,1,"",""
"SEEHDSLMImagingOutcome.imagingOutcome.imagingOutcomeBody.imageRecording.imageStructuredData.copyright","SEEHDSLMImagingOutcome.imagingOutcome.imagingOutcomeBody.imageRecording.imageStructuredData.copyright","","","",0,1,"","","","https://fhir.inera.se/ig/ehds-tk/StructureDefinition/SEEHDSRivString {[]} {[]}
","Upphovsrätt","Copyright-ägare av bilden","","","","","","","","","",,,,,"",,,,"SEEHDSLMImagingOutcome.imagingOutcome.imagingOutcomeBody.imageRecording.imageStructuredData.copyright",0,1,"",""
"SEEHDSLMImagingOutcome.imagingOutcome.imagingOutcomeBody.imageRecording.imageStructuredData.imageData","SEEHDSLMImagingOutcome.imagingOutcome.imagingOutcomeBody.imageRecording.imageStructuredData.imageData","","","",1,1,"","","","BackboneElement {[]} {[]}
","Bilddata","Möjlighet att svara med en bild i något av de tillåtna formaten enligt HL7 multimediatyper (inkl. PDF).","","","","","","","","","",,,,,"",,,,"SEEHDSLMImagingOutcome.imagingOutcome.imagingOutcomeBody.imageRecording.imageStructuredData.imageData",1,1,"","ele-1:All FHIR elements must have a @value or children {hasValue() or (children().count() > id.count())}
"
"SEEHDSLMImagingOutcome.imagingOutcome.imagingOutcomeBody.imageRecording.imageStructuredData.imageData.id","SEEHDSLMImagingOutcome.imagingOutcome.imagingOutcomeBody.imageRecording.imageStructuredData.imageData.id","","","",0,1,"","","","string {[]} {[]}
","Unique id for inter-element referencing","Unique id for the element within a resource (for internal references). This may be any string value that does not contain spaces.","","","","","","","","","",,,,,"",,,,"Element.id",0,1,"",""
"SEEHDSLMImagingOutcome.imagingOutcome.imagingOutcomeBody.imageRecording.imageStructuredData.imageData.extension","SEEHDSLMImagingOutcome.imagingOutcome.imagingOutcomeBody.imageRecording.imageStructuredData.imageData.extension","","extensions
user content","",0,*,"","","","Extension {[]} {[]}
","Additional content defined by implementations","May be used to represent additional information that is not part of the basic definition of the element. To make the use of extensions safe and manageable, there is a strict set of governance  applied to the definition and use of extensions. Though any implementer can define an extension, there is a set of requirements that SHALL be met as part of the definition of the extension.","There can be no stigma associated with the use of extensions by any application, project, or standard - regardless of the institution or jurisdiction that uses or defines the extensions.  The use of extensions is what allows the FHIR specification to retain a core level of simplicity for everyone.","","","","","","","","",,,,,"","value:url}
","Extensions are always sliced by (at least) url",,"open","Element.extension",0,*,"","ele-1:All FHIR elements must have a @value or children {hasValue() or (children().count() > id.count())}
ext-1:Must have either extensions or value[x], not both {extension.exists() != value.exists()}"
"SEEHDSLMImagingOutcome.imagingOutcome.imagingOutcomeBody.imageRecording.imageStructuredData.imageData.modifierExtension","SEEHDSLMImagingOutcome.imagingOutcome.imagingOutcomeBody.imageRecording.imageStructuredData.imageData.modifierExtension","","extensions
user contentmodifiers","",0,*,"","Y","Y","Extension {[]} {[]}
","Extensions that cannot be ignored even if unrecognized","May be used to represent additional information that is not part of the basic definition of the element and that modifies the understanding of the element in which it is contained and/or the understanding of the containing element's descendants. Usually modifier elements provide negation or qualification. To make the use of extensions safe and manageable, there is a strict set of governance applied to the definition and use of extensions. Though any implementer can define an extension, there is a set of requirements that SHALL be met as part of the definition of the extension. Applications processing a resource are required to check for modifier extensions.

Modifier extensions SHALL NOT change the meaning of any elements on Resource or DomainResource (including cannot change the meaning of modifierExtension itself).","There can be no stigma associated with the use of extensions by any application, project, or standard - regardless of the institution or jurisdiction that uses or defines the extensions.  The use of extensions is what allows the FHIR specification to retain a core level of simplicity for everyone.","Modifier extensions allow for extensions that *cannot* be safely ignored to be clearly distinguished from the vast majority of extensions which can be safely ignored.  This promotes interoperability by eliminating the need for implementers to prohibit the presence of extensions. For further information, see the [definition of modifier extensions](http://hl7.org/fhir/R4/extensibility.html#modifierExtension).","","","","","","","",,,,,"",,,,"BackboneElement.modifierExtension",0,*,"","ele-1:All FHIR elements must have a @value or children {hasValue() or (children().count() > id.count())}
ext-1:Must have either extensions or value[x], not both {extension.exists() != value.exists()}"
"SEEHDSLMImagingOutcome.imagingOutcome.imagingOutcomeBody.imageRecording.imageStructuredData.imageData.mediaType","SEEHDSLMImagingOutcome.imagingOutcome.imagingOutcomeBody.imageRecording.imageStructuredData.imageData.mediaType","","","",1,1,"","","","https://fhir.inera.se/ig/ehds-tk/StructureDefinition/SEEHDSRivString {[]} {[]}
","Medietyp","Mediatyper enligt HL7 MediaType
Tillåtna värden enligt XSD: application/dicom, application/msword, application/pdf, audio/basic, audio/k32adpcm, audio/mpeg, image/g3fax, image/gif, image/jpeg, image/png, image/tiff, model/vrml, multipart/x-hl7-cda-level1, text/html, text/plain, text/rtf, text/sgml, text/x-hl7-ft, text/xml, video/mpeg, video/x-avi.","","","","","","","","","",,,,,"",,,,"SEEHDSLMImagingOutcome.imagingOutcome.imagingOutcomeBody.imageRecording.imageStructuredData.imageData.mediaType",1,1,"",""
"SEEHDSLMImagingOutcome.imagingOutcome.imagingOutcomeBody.imageRecording.imageStructuredData.imageData.value","SEEHDSLMImagingOutcome.imagingOutcome.imagingOutcomeBody.imageRecording.imageStructuredData.imageData.value","","","",0,1,"","","","https://fhir.inera.se/ig/ehds-tk/StructureDefinition/SEEHDSRivBase64Binary {[]} {[]}
","Binär bild","Value är binärdata som representerar objektet. Ett och endast ett av value och reference ska anges.","","","","","","","","","",,,,,"",,,,"SEEHDSLMImagingOutcome.imagingOutcome.imagingOutcomeBody.imageRecording.imageStructuredData.imageData.value",0,1,"",""
"SEEHDSLMImagingOutcome.imagingOutcome.imagingOutcomeBody.imageRecording.imageStructuredData.imageData.reference","SEEHDSLMImagingOutcome.imagingOutcome.imagingOutcomeBody.imageRecording.imageStructuredData.imageData.reference","","","",0,1,"","","","https://fhir.inera.se/ig/ehds-tk/StructureDefinition/SEEHDSRivAnyURI {[]} {[]}
","Referens-URL","Referens till extern bild i form av en URL. Ett och endast ett av value och reference ska anges. En tillverkarspecifik länk som är möjlig att via en säker anslutning visa i en webklient","","","","","","","","","",,,,,"",,,,"SEEHDSLMImagingOutcome.imagingOutcome.imagingOutcomeBody.imageRecording.imageStructuredData.imageData.reference",0,1,"",""
"SEEHDSLMImagingOutcome.imagingOutcome.imagingOutcomeBody.imageRecording.imageStructuredData.imageData.burnedInaAnnotations","SEEHDSLMImagingOutcome.imagingOutcome.imagingOutcomeBody.imageRecording.imageStructuredData.imageData.burnedInaAnnotations","","","",0,1,"","","","https://fhir.inera.se/ig/ehds-tk/StructureDefinition/SEEHDSRivBoolean {[]} {[]}
","Inbrända annotationer (elementnamnet stavas så i XSD:n)","Inbrända annotationer (elementnamnet stavas så i XSD:n)","","","","","","","","","",,,,,"",,,,"SEEHDSLMImagingOutcome.imagingOutcome.imagingOutcomeBody.imageRecording.imageStructuredData.imageData.burnedInaAnnotations",0,1,"",""
"SEEHDSLMImagingOutcome.imagingOutcome.imagingOutcomeBody.referral","SEEHDSLMImagingOutcome.imagingOutcome.imagingOutcomeBody.referral","","","",0,1,"","","","BackboneElement {[]} {[]}
","Kopplad remiss","Information om den remiss som ligger till grund för undersökningen och dess svar. Måste vara valfri eftersom tagning av Bild inte alltid remitteras","","","","","","","","","",,,,,"",,,,"SEEHDSLMImagingOutcome.imagingOutcome.imagingOutcomeBody.referral",0,1,"","ele-1:All FHIR elements must have a @value or children {hasValue() or (children().count() > id.count())}
"
"SEEHDSLMImagingOutcome.imagingOutcome.imagingOutcomeBody.referral.id","SEEHDSLMImagingOutcome.imagingOutcome.imagingOutcomeBody.referral.id","","","",0,1,"","","","string {[]} {[]}
","Unique id for inter-element referencing","Unique id for the element within a resource (for internal references). This may be any string value that does not contain spaces.","","","","","","","","","",,,,,"",,,,"Element.id",0,1,"",""
"SEEHDSLMImagingOutcome.imagingOutcome.imagingOutcomeBody.referral.extension","SEEHDSLMImagingOutcome.imagingOutcome.imagingOutcomeBody.referral.extension","","extensions
user content","",0,*,"","","","Extension {[]} {[]}
","Additional content defined by implementations","May be used to represent additional information that is not part of the basic definition of the element. To make the use of extensions safe and manageable, there is a strict set of governance  applied to the definition and use of extensions. Though any implementer can define an extension, there is a set of requirements that SHALL be met as part of the definition of the extension.","There can be no stigma associated with the use of extensions by any application, project, or standard - regardless of the institution or jurisdiction that uses or defines the extensions.  The use of extensions is what allows the FHIR specification to retain a core level of simplicity for everyone.","","","","","","","","",,,,,"","value:url}
","Extensions are always sliced by (at least) url",,"open","Element.extension",0,*,"","ele-1:All FHIR elements must have a @value or children {hasValue() or (children().count() > id.count())}
ext-1:Must have either extensions or value[x], not both {extension.exists() != value.exists()}"
"SEEHDSLMImagingOutcome.imagingOutcome.imagingOutcomeBody.referral.modifierExtension","SEEHDSLMImagingOutcome.imagingOutcome.imagingOutcomeBody.referral.modifierExtension","","extensions
user contentmodifiers","",0,*,"","Y","Y","Extension {[]} {[]}
","Extensions that cannot be ignored even if unrecognized","May be used to represent additional information that is not part of the basic definition of the element and that modifies the understanding of the element in which it is contained and/or the understanding of the containing element's descendants. Usually modifier elements provide negation or qualification. To make the use of extensions safe and manageable, there is a strict set of governance applied to the definition and use of extensions. Though any implementer can define an extension, there is a set of requirements that SHALL be met as part of the definition of the extension. Applications processing a resource are required to check for modifier extensions.

Modifier extensions SHALL NOT change the meaning of any elements on Resource or DomainResource (including cannot change the meaning of modifierExtension itself).","There can be no stigma associated with the use of extensions by any application, project, or standard - regardless of the institution or jurisdiction that uses or defines the extensions.  The use of extensions is what allows the FHIR specification to retain a core level of simplicity for everyone.","Modifier extensions allow for extensions that *cannot* be safely ignored to be clearly distinguished from the vast majority of extensions which can be safely ignored.  This promotes interoperability by eliminating the need for implementers to prohibit the presence of extensions. For further information, see the [definition of modifier extensions](http://hl7.org/fhir/R4/extensibility.html#modifierExtension).","","","","","","","",,,,,"",,,,"BackboneElement.modifierExtension",0,*,"","ele-1:All FHIR elements must have a @value or children {hasValue() or (children().count() > id.count())}
ext-1:Must have either extensions or value[x], not both {extension.exists() != value.exists()}"
"SEEHDSLMImagingOutcome.imagingOutcome.imagingOutcomeBody.referral.referralId","SEEHDSLMImagingOutcome.imagingOutcome.imagingOutcomeBody.referral.referralId","","","",1,1,"","","","https://fhir.inera.se/ig/ehds-tk/StructureDefinition/SEEHDSRivString {[]} {[]}
","Remissens id","Remissens identitet som är unik inom det lokala avsändande systemet. Motsvarar vårdbegäran-id","","","","","","","","","",,,,,"",,,,"SEEHDSLMImagingOutcome.imagingOutcome.imagingOutcomeBody.referral.referralId",1,1,"",""
"SEEHDSLMImagingOutcome.imagingOutcome.imagingOutcomeBody.referral.referralReason","SEEHDSLMImagingOutcome.imagingOutcome.imagingOutcomeBody.referral.referralReason","","","",0,1,"","","","https://fhir.inera.se/ig/ehds-tk/StructureDefinition/SEEHDSRivString {[]} {[]}
","Remissorsak","Text som anger frågeställningen","","","","","","","","","",,,,,"",,,,"SEEHDSLMImagingOutcome.imagingOutcome.imagingOutcomeBody.referral.referralReason",0,1,"",""
"SEEHDSLMImagingOutcome.imagingOutcome.imagingOutcomeBody.referral.anamnesis","SEEHDSLMImagingOutcome.imagingOutcome.imagingOutcomeBody.referral.anamnesis","","","",0,1,"","","","https://fhir.inera.se/ig/ehds-tk/StructureDefinition/SEEHDSRivString {[]} {[]}
","Anamnes","Text som anger bakgrund till frågeställningen","","","","","","","","","",,,,,"",,,,"SEEHDSLMImagingOutcome.imagingOutcome.imagingOutcomeBody.referral.anamnesis",0,1,"",""
"SEEHDSLMImagingOutcome.imagingOutcome.imagingOutcomeBody.referral.careContactId","SEEHDSLMImagingOutcome.imagingOutcome.imagingOutcomeBody.referral.careContactId","","","",0,1,"","","","https://fhir.inera.se/ig/ehds-tk/StructureDefinition/SEEHDSRivString {[]} {[]}
","Vårdkontaktid","Identitet för den hälso-och sjukvårdskontakt som föranlett remissen. Identiteten är unik inom producernade system.","","","","","","","","","",,,,,"",,,,"SEEHDSLMImagingOutcome.imagingOutcome.imagingOutcomeBody.referral.careContactId",0,1,"",""
"SEEHDSLMImagingOutcome.imagingOutcome.imagingOutcomeBody.referral.accountableHealthcareProfessional","SEEHDSLMImagingOutcome.imagingOutcome.imagingOutcomeBody.referral.accountableHealthcareProfessional","","","",1,1,"","","","BackboneElement {[]} {[]}
","Remittent","Information om den hälso-och sjukvårdspersonal som framställt remissen, nedan kallad remittent.","","","","","","","","","",,,,,"",,,,"SEEHDSLMImagingOutcome.imagingOutcome.imagingOutcomeBody.referral.accountableHealthcareProfessional",1,1,"","ele-1:All FHIR elements must have a @value or children {hasValue() or (children().count() > id.count())}
"
"SEEHDSLMImagingOutcome.imagingOutcome.imagingOutcomeBody.referral.accountableHealthcareProfessional.id","SEEHDSLMImagingOutcome.imagingOutcome.imagingOutcomeBody.referral.accountableHealthcareProfessional.id","","","",0,1,"","","","string {[]} {[]}
","Unique id for inter-element referencing","Unique id for the element within a resource (for internal references). This may be any string value that does not contain spaces.","","","","","","","","","",,,,,"",,,,"Element.id",0,1,"",""
"SEEHDSLMImagingOutcome.imagingOutcome.imagingOutcomeBody.referral.accountableHealthcareProfessional.extension","SEEHDSLMImagingOutcome.imagingOutcome.imagingOutcomeBody.referral.accountableHealthcareProfessional.extension","","extensions
user content","",0,*,"","","","Extension {[]} {[]}
","Additional content defined by implementations","May be used to represent additional information that is not part of the basic definition of the element. To make the use of extensions safe and manageable, there is a strict set of governance  applied to the definition and use of extensions. Though any implementer can define an extension, there is a set of requirements that SHALL be met as part of the definition of the extension.","There can be no stigma associated with the use of extensions by any application, project, or standard - regardless of the institution or jurisdiction that uses or defines the extensions.  The use of extensions is what allows the FHIR specification to retain a core level of simplicity for everyone.","","","","","","","","",,,,,"","value:url}
","Extensions are always sliced by (at least) url",,"open","Element.extension",0,*,"","ele-1:All FHIR elements must have a @value or children {hasValue() or (children().count() > id.count())}
ext-1:Must have either extensions or value[x], not both {extension.exists() != value.exists()}"
"SEEHDSLMImagingOutcome.imagingOutcome.imagingOutcomeBody.referral.accountableHealthcareProfessional.modifierExtension","SEEHDSLMImagingOutcome.imagingOutcome.imagingOutcomeBody.referral.accountableHealthcareProfessional.modifierExtension","","extensions
user contentmodifiers","",0,*,"","Y","Y","Extension {[]} {[]}
","Extensions that cannot be ignored even if unrecognized","May be used to represent additional information that is not part of the basic definition of the element and that modifies the understanding of the element in which it is contained and/or the understanding of the containing element's descendants. Usually modifier elements provide negation or qualification. To make the use of extensions safe and manageable, there is a strict set of governance applied to the definition and use of extensions. Though any implementer can define an extension, there is a set of requirements that SHALL be met as part of the definition of the extension. Applications processing a resource are required to check for modifier extensions.

Modifier extensions SHALL NOT change the meaning of any elements on Resource or DomainResource (including cannot change the meaning of modifierExtension itself).","There can be no stigma associated with the use of extensions by any application, project, or standard - regardless of the institution or jurisdiction that uses or defines the extensions.  The use of extensions is what allows the FHIR specification to retain a core level of simplicity for everyone.","Modifier extensions allow for extensions that *cannot* be safely ignored to be clearly distinguished from the vast majority of extensions which can be safely ignored.  This promotes interoperability by eliminating the need for implementers to prohibit the presence of extensions. For further information, see the [definition of modifier extensions](http://hl7.org/fhir/R4/extensibility.html#modifierExtension).","","","","","","","",,,,,"",,,,"BackboneElement.modifierExtension",0,*,"","ele-1:All FHIR elements must have a @value or children {hasValue() or (children().count() > id.count())}
ext-1:Must have either extensions or value[x], not both {extension.exists() != value.exists()}"
"SEEHDSLMImagingOutcome.imagingOutcome.imagingOutcomeBody.referral.accountableHealthcareProfessional.authorTime","SEEHDSLMImagingOutcome.imagingOutcome.imagingOutcomeBody.referral.accountableHealthcareProfessional.authorTime","","","",1,1,"","","","https://fhir.inera.se/ig/ehds-tk/StructureDefinition/SEEHDSRivTimeStamp {[]} {[]}
","Tidpunkt","Tid då remissen framställdes
Format enligt XSD (TimeStampType): ÅÅÅÅMMDDttmmss.","","","","","","","","","",,,,,"",,,,"SEEHDSLMImagingOutcome.imagingOutcome.imagingOutcomeBody.referral.accountableHealthcareProfessional.authorTime",1,1,"",""
"SEEHDSLMImagingOutcome.imagingOutcome.imagingOutcomeBody.referral.accountableHealthcareProfessional.healthcareProfessionalHSAId","SEEHDSLMImagingOutcome.imagingOutcome.imagingOutcomeBody.referral.accountableHealthcareProfessional.healthcareProfessionalHSAId","","","",0,1,"","","","https://fhir.inera.se/ig/ehds-tk/StructureDefinition/SEEHDSRivString {[]} {[]}
","HSA-id","Remittentens HSA-id. HSA-id hälso-och sjukvårdspersonal. Ska anges om tillgänglig.","","","","","","","","","",,,,,"",,,,"SEEHDSLMImagingOutcome.imagingOutcome.imagingOutcomeBody.referral.accountableHealthcareProfessional.healthcareProfessionalHSAId",0,1,"",""
"SEEHDSLMImagingOutcome.imagingOutcome.imagingOutcomeBody.referral.accountableHealthcareProfessional.healthcareProfessionalName","SEEHDSLMImagingOutcome.imagingOutcome.imagingOutcomeBody.referral.accountableHealthcareProfessional.healthcareProfessionalName","","","",0,1,"","","","https://fhir.inera.se/ig/ehds-tk/StructureDefinition/SEEHDSRivString {[]} {[]}
","Namn","Namn på remittenten. Om tillgängligt ska detta anges.","","","","","","","","","",,,,,"",,,,"SEEHDSLMImagingOutcome.imagingOutcome.imagingOutcomeBody.referral.accountableHealthcareProfessional.healthcareProfessionalName",0,1,"",""
"SEEHDSLMImagingOutcome.imagingOutcome.imagingOutcomeBody.referral.accountableHealthcareProfessional.healthcareProfessionalRoleCode","SEEHDSLMImagingOutcome.imagingOutcome.imagingOutcomeBody.referral.accountableHealthcareProfessional.healthcareProfessionalRoleCode","","","",0,1,"","","","https://fhir.inera.se/ig/ehds-tk/StructureDefinition/SEEHDSRivCVTypeHealthcondActoutcome3 {[]} {[]}
","Yrkesroll","Information om remittentens befattning. Om möjligt ska KV Befattning (OID 1.2.752.129.2.2.1.4) användas. Om kodverk saknas anges befattning i originalText.","","","","","","","","","",,,,,"",,,,"SEEHDSLMImagingOutcome.imagingOutcome.imagingOutcomeBody.referral.accountableHealthcareProfessional.healthcareProfessionalRoleCode",0,1,"",""
"SEEHDSLMImagingOutcome.imagingOutcome.imagingOutcomeBody.referral.accountableHealthcareProfessional.healthcareProfessionalOrgUnit","SEEHDSLMImagingOutcome.imagingOutcome.imagingOutcomeBody.referral.accountableHealthcareProfessional.healthcareProfessionalOrgUnit","","","",1,1,"","","","BackboneElement {[]} {[]}
","Org-enhet (obligatorisk i remissen)","Den organisation som remittenten är uppdragstagare på","","","","","","","","","",,,,,"",,,,"SEEHDSLMImagingOutcome.imagingOutcome.imagingOutcomeBody.referral.accountableHealthcareProfessional.healthcareProfessionalOrgUnit",1,1,"","ele-1:All FHIR elements must have a @value or children {hasValue() or (children().count() > id.count())}
"
"SEEHDSLMImagingOutcome.imagingOutcome.imagingOutcomeBody.referral.accountableHealthcareProfessional.healthcareProfessionalOrgUnit.id","SEEHDSLMImagingOutcome.imagingOutcome.imagingOutcomeBody.referral.accountableHealthcareProfessional.healthcareProfessionalOrgUnit.id","","","",0,1,"","","","string {[]} {[]}
","Unique id for inter-element referencing","Unique id for the element within a resource (for internal references). This may be any string value that does not contain spaces.","","","","","","","","","",,,,,"",,,,"Element.id",0,1,"",""
"SEEHDSLMImagingOutcome.imagingOutcome.imagingOutcomeBody.referral.accountableHealthcareProfessional.healthcareProfessionalOrgUnit.extension","SEEHDSLMImagingOutcome.imagingOutcome.imagingOutcomeBody.referral.accountableHealthcareProfessional.healthcareProfessionalOrgUnit.extension","","extensions
user content","",0,*,"","","","Extension {[]} {[]}
","Additional content defined by implementations","May be used to represent additional information that is not part of the basic definition of the element. To make the use of extensions safe and manageable, there is a strict set of governance  applied to the definition and use of extensions. Though any implementer can define an extension, there is a set of requirements that SHALL be met as part of the definition of the extension.","There can be no stigma associated with the use of extensions by any application, project, or standard - regardless of the institution or jurisdiction that uses or defines the extensions.  The use of extensions is what allows the FHIR specification to retain a core level of simplicity for everyone.","","","","","","","","",,,,,"","value:url}
","Extensions are always sliced by (at least) url",,"open","Element.extension",0,*,"","ele-1:All FHIR elements must have a @value or children {hasValue() or (children().count() > id.count())}
ext-1:Must have either extensions or value[x], not both {extension.exists() != value.exists()}"
"SEEHDSLMImagingOutcome.imagingOutcome.imagingOutcomeBody.referral.accountableHealthcareProfessional.healthcareProfessionalOrgUnit.modifierExtension","SEEHDSLMImagingOutcome.imagingOutcome.imagingOutcomeBody.referral.accountableHealthcareProfessional.healthcareProfessionalOrgUnit.modifierExtension","","extensions
user contentmodifiers","",0,*,"","Y","Y","Extension {[]} {[]}
","Extensions that cannot be ignored even if unrecognized","May be used to represent additional information that is not part of the basic definition of the element and that modifies the understanding of the element in which it is contained and/or the understanding of the containing element's descendants. Usually modifier elements provide negation or qualification. To make the use of extensions safe and manageable, there is a strict set of governance applied to the definition and use of extensions. Though any implementer can define an extension, there is a set of requirements that SHALL be met as part of the definition of the extension. Applications processing a resource are required to check for modifier extensions.

Modifier extensions SHALL NOT change the meaning of any elements on Resource or DomainResource (including cannot change the meaning of modifierExtension itself).","There can be no stigma associated with the use of extensions by any application, project, or standard - regardless of the institution or jurisdiction that uses or defines the extensions.  The use of extensions is what allows the FHIR specification to retain a core level of simplicity for everyone.","Modifier extensions allow for extensions that *cannot* be safely ignored to be clearly distinguished from the vast majority of extensions which can be safely ignored.  This promotes interoperability by eliminating the need for implementers to prohibit the presence of extensions. For further information, see the [definition of modifier extensions](http://hl7.org/fhir/R4/extensibility.html#modifierExtension).","","","","","","","",,,,,"",,,,"BackboneElement.modifierExtension",0,*,"","ele-1:All FHIR elements must have a @value or children {hasValue() or (children().count() > id.count())}
ext-1:Must have either extensions or value[x], not both {extension.exists() != value.exists()}"
"SEEHDSLMImagingOutcome.imagingOutcome.imagingOutcomeBody.referral.accountableHealthcareProfessional.healthcareProfessionalOrgUnit.orgUnitHSAId","SEEHDSLMImagingOutcome.imagingOutcome.imagingOutcomeBody.referral.accountableHealthcareProfessional.healthcareProfessionalOrgUnit.orgUnitHSAId","","","",1,1,"","","","https://fhir.inera.se/ig/ehds-tk/StructureDefinition/SEEHDSRivString {[]} {[]}
","OrgUnit HSA-id","HSA-id för organisationsenhet.","","","","","","","","","",,,,,"",,,,"SEEHDSLMImagingOutcome.imagingOutcome.imagingOutcomeBody.referral.accountableHealthcareProfessional.healthcareProfessionalOrgUnit.orgUnitHSAId",1,1,"",""
"SEEHDSLMImagingOutcome.imagingOutcome.imagingOutcomeBody.referral.accountableHealthcareProfessional.healthcareProfessionalOrgUnit.orgUnitName","SEEHDSLMImagingOutcome.imagingOutcome.imagingOutcomeBody.referral.accountableHealthcareProfessional.healthcareProfessionalOrgUnit.orgUnitName","","","",1,1,"","","","https://fhir.inera.se/ig/ehds-tk/StructureDefinition/SEEHDSRivString {[]} {[]}
","OrgUnit namn","Namnet på den organisation som remittenten är uppdragstagare på","","","","","","","","","",,,,,"",,,,"SEEHDSLMImagingOutcome.imagingOutcome.imagingOutcomeBody.referral.accountableHealthcareProfessional.healthcareProfessionalOrgUnit.orgUnitName",1,1,"",""
"SEEHDSLMImagingOutcome.imagingOutcome.imagingOutcomeBody.referral.accountableHealthcareProfessional.healthcareProfessionalOrgUnit.orgUnitTelecom","SEEHDSLMImagingOutcome.imagingOutcome.imagingOutcomeBody.referral.accountableHealthcareProfessional.healthcareProfessionalOrgUnit.orgUnitTelecom","","","",0,1,"","","","https://fhir.inera.se/ig/ehds-tk/StructureDefinition/SEEHDSRivString {[]} {[]}
","Telefon","Telefon till organisationsenhet","","","","","","","","","",,,,,"",,,,"SEEHDSLMImagingOutcome.imagingOutcome.imagingOutcomeBody.referral.accountableHealthcareProfessional.healthcareProfessionalOrgUnit.orgUnitTelecom",0,1,"",""
"SEEHDSLMImagingOutcome.imagingOutcome.imagingOutcomeBody.referral.accountableHealthcareProfessional.healthcareProfessionalOrgUnit.orgUnitEmail","SEEHDSLMImagingOutcome.imagingOutcome.imagingOutcomeBody.referral.accountableHealthcareProfessional.healthcareProfessionalOrgUnit.orgUnitEmail","","","",0,1,"","","","https://fhir.inera.se/ig/ehds-tk/StructureDefinition/SEEHDSRivString {[]} {[]}
","E-post","Epost till enhet","","","","","","","","","",,,,,"",,,,"SEEHDSLMImagingOutcome.imagingOutcome.imagingOutcomeBody.referral.accountableHealthcareProfessional.healthcareProfessionalOrgUnit.orgUnitEmail",0,1,"",""
"SEEHDSLMImagingOutcome.imagingOutcome.imagingOutcomeBody.referral.accountableHealthcareProfessional.healthcareProfessionalOrgUnit.orgUnitAddress","SEEHDSLMImagingOutcome.imagingOutcome.imagingOutcomeBody.referral.accountableHealthcareProfessional.healthcareProfessionalOrgUnit.orgUnitAddress","","","",0,1,"","","","https://fhir.inera.se/ig/ehds-tk/StructureDefinition/SEEHDSRivString {[]} {[]}
","Adress","Postadress för den organisation som remittenten är uppdragstagare på","","","","","","","","","",,,,,"",,,,"SEEHDSLMImagingOutcome.imagingOutcome.imagingOutcomeBody.referral.accountableHealthcareProfessional.healthcareProfessionalOrgUnit.orgUnitAddress",0,1,"",""
"SEEHDSLMImagingOutcome.imagingOutcome.imagingOutcomeBody.referral.accountableHealthcareProfessional.healthcareProfessionalOrgUnit.orgUnitLocation","SEEHDSLMImagingOutcome.imagingOutcome.imagingOutcomeBody.referral.accountableHealthcareProfessional.healthcareProfessionalOrgUnit.orgUnitLocation","","","",0,1,"","","","https://fhir.inera.se/ig/ehds-tk/StructureDefinition/SEEHDSRivString {[]} {[]}
","Plats","Text som anger namnet på plats eller ort för organisationens fysiska placering","","","","","","","","","",,,,,"",,,,"SEEHDSLMImagingOutcome.imagingOutcome.imagingOutcomeBody.referral.accountableHealthcareProfessional.healthcareProfessionalOrgUnit.orgUnitLocation",0,1,"",""
"SEEHDSLMImagingOutcome.imagingOutcome.imagingOutcomeBody.referral.accountableHealthcareProfessional.healthcareProfessionalCareUnitHSAId","SEEHDSLMImagingOutcome.imagingOutcome.imagingOutcomeBody.referral.accountableHealthcareProfessional.healthcareProfessionalCareUnitHSAId","","","",0,0,"","","","https://fhir.inera.se/ig/ehds-tk/StructureDefinition/SEEHDSRivString {[]} {[]}
","HSA-id för vårdenhet","Ska ej anges.","","","","","","","","","",,,,,"",,,,"SEEHDSLMImagingOutcome.imagingOutcome.imagingOutcomeBody.referral.accountableHealthcareProfessional.healthcareProfessionalCareUnitHSAId",0,0,"",""
"SEEHDSLMImagingOutcome.imagingOutcome.imagingOutcomeBody.referral.accountableHealthcareProfessional.healthcareProfessionalCareGiverHSAId","SEEHDSLMImagingOutcome.imagingOutcome.imagingOutcomeBody.referral.accountableHealthcareProfessional.healthcareProfessionalCareGiverHSAId","","","",0,0,"","","","https://fhir.inera.se/ig/ehds-tk/StructureDefinition/SEEHDSRivString {[]} {[]}
","HSA-id för vårdgivare","Ska ej anges.","","","","","","","","","",,,,,"",,,,"SEEHDSLMImagingOutcome.imagingOutcome.imagingOutcomeBody.referral.accountableHealthcareProfessional.healthcareProfessionalCareGiverHSAId",0,0,"",""
"SEEHDSLMImagingOutcome.imagingOutcome.imagingOutcomeBody.referral.attested","SEEHDSLMImagingOutcome.imagingOutcome.imagingOutcomeBody.referral.attested","","","",0,1,"","","","BackboneElement {[]} {[]}
","Attestering","Information om den som vidimerat mottaget svar på remissen","","","","","","","","","",,,,,"",,,,"SEEHDSLMImagingOutcome.imagingOutcome.imagingOutcomeBody.referral.attested",0,1,"","ele-1:All FHIR elements must have a @value or children {hasValue() or (children().count() > id.count())}
"
"SEEHDSLMImagingOutcome.imagingOutcome.imagingOutcomeBody.referral.attested.id","SEEHDSLMImagingOutcome.imagingOutcome.imagingOutcomeBody.referral.attested.id","","","",0,1,"","","","string {[]} {[]}
","Unique id for inter-element referencing","Unique id for the element within a resource (for internal references). This may be any string value that does not contain spaces.","","","","","","","","","",,,,,"",,,,"Element.id",0,1,"",""
"SEEHDSLMImagingOutcome.imagingOutcome.imagingOutcomeBody.referral.attested.extension","SEEHDSLMImagingOutcome.imagingOutcome.imagingOutcomeBody.referral.attested.extension","","extensions
user content","",0,*,"","","","Extension {[]} {[]}
","Additional content defined by implementations","May be used to represent additional information that is not part of the basic definition of the element. To make the use of extensions safe and manageable, there is a strict set of governance  applied to the definition and use of extensions. Though any implementer can define an extension, there is a set of requirements that SHALL be met as part of the definition of the extension.","There can be no stigma associated with the use of extensions by any application, project, or standard - regardless of the institution or jurisdiction that uses or defines the extensions.  The use of extensions is what allows the FHIR specification to retain a core level of simplicity for everyone.","","","","","","","","",,,,,"","value:url}
","Extensions are always sliced by (at least) url",,"open","Element.extension",0,*,"","ele-1:All FHIR elements must have a @value or children {hasValue() or (children().count() > id.count())}
ext-1:Must have either extensions or value[x], not both {extension.exists() != value.exists()}"
"SEEHDSLMImagingOutcome.imagingOutcome.imagingOutcomeBody.referral.attested.modifierExtension","SEEHDSLMImagingOutcome.imagingOutcome.imagingOutcomeBody.referral.attested.modifierExtension","","extensions
user contentmodifiers","",0,*,"","Y","Y","Extension {[]} {[]}
","Extensions that cannot be ignored even if unrecognized","May be used to represent additional information that is not part of the basic definition of the element and that modifies the understanding of the element in which it is contained and/or the understanding of the containing element's descendants. Usually modifier elements provide negation or qualification. To make the use of extensions safe and manageable, there is a strict set of governance applied to the definition and use of extensions. Though any implementer can define an extension, there is a set of requirements that SHALL be met as part of the definition of the extension. Applications processing a resource are required to check for modifier extensions.

Modifier extensions SHALL NOT change the meaning of any elements on Resource or DomainResource (including cannot change the meaning of modifierExtension itself).","There can be no stigma associated with the use of extensions by any application, project, or standard - regardless of the institution or jurisdiction that uses or defines the extensions.  The use of extensions is what allows the FHIR specification to retain a core level of simplicity for everyone.","Modifier extensions allow for extensions that *cannot* be safely ignored to be clearly distinguished from the vast majority of extensions which can be safely ignored.  This promotes interoperability by eliminating the need for implementers to prohibit the presence of extensions. For further information, see the [definition of modifier extensions](http://hl7.org/fhir/R4/extensibility.html#modifierExtension).","","","","","","","",,,,,"",,,,"BackboneElement.modifierExtension",0,*,"","ele-1:All FHIR elements must have a @value or children {hasValue() or (children().count() > id.count())}
ext-1:Must have either extensions or value[x], not both {extension.exists() != value.exists()}"
"SEEHDSLMImagingOutcome.imagingOutcome.imagingOutcomeBody.referral.attested.signatureTime","SEEHDSLMImagingOutcome.imagingOutcome.imagingOutcomeBody.referral.attested.signatureTime","","","",1,1,"","","","https://fhir.inera.se/ig/ehds-tk/StructureDefinition/SEEHDSRivTimeStamp {[]} {[]}
","Attesttidpunkt","Tidpunkt för vidimering.
Format enligt XSD (TimeStampType): ÅÅÅÅMMDDttmmss.","","","","","","","","","",,,,,"",,,,"SEEHDSLMImagingOutcome.imagingOutcome.imagingOutcomeBody.referral.attested.signatureTime",1,1,"",""
"SEEHDSLMImagingOutcome.imagingOutcome.imagingOutcomeBody.referral.attested.legalAuthenticatorHSAId","SEEHDSLMImagingOutcome.imagingOutcome.imagingOutcomeBody.referral.attested.legalAuthenticatorHSAId","","","",0,1,"","","","https://fhir.inera.se/ig/ehds-tk/StructureDefinition/SEEHDSRivString {[]} {[]}
","HSA-id","HSA-id för person som vidimerat dokumentet. HSA-id för hälso-och sjukvårdspersonal. Ska anges om tillgänglig.","","","","","","","","","",,,,,"",,,,"SEEHDSLMImagingOutcome.imagingOutcome.imagingOutcomeBody.referral.attested.legalAuthenticatorHSAId",0,1,"",""
"SEEHDSLMImagingOutcome.imagingOutcome.imagingOutcomeBody.referral.attested.legalAuthenticatorName","SEEHDSLMImagingOutcome.imagingOutcome.imagingOutcomeBody.referral.attested.legalAuthenticatorName","","","",0,1,"","","","https://fhir.inera.se/ig/ehds-tk/StructureDefinition/SEEHDSRivString {[]} {[]}
","Namn","Namnen i klartext för vidimerande person.","","","","","","","","","",,,,,"",,,,"SEEHDSLMImagingOutcome.imagingOutcome.imagingOutcomeBody.referral.attested.legalAuthenticatorName",0,1,"",""
"SEEHDSLMImagingOutcome.imagingOutcome.imagingOutcomeBody.referral.attested.legalAuthenticatorRoleCode","SEEHDSLMImagingOutcome.imagingOutcome.imagingOutcomeBody.referral.attested.legalAuthenticatorRoleCode","","","",0,0,"","","","https://fhir.inera.se/ig/ehds-tk/StructureDefinition/SEEHDSRivCVTypeHealthcondActoutcome3 {[]} {[]}
","Befattning för signerande person","Ska ej anges.","","","","","","","","","",,,,,"",,,,"SEEHDSLMImagingOutcome.imagingOutcome.imagingOutcomeBody.referral.attested.legalAuthenticatorRoleCode",0,0,"",""
"SEEHDSLMImagingOutcome.result","SEEHDSLMImagingOutcome.result","","","",1,1,"","","","BackboneElement {[]} {[]}
","Resultat","Innehåller information om begäran gick bra eller ej.","","","","","","","","","",,,,,"",,,,"SEEHDSLMImagingOutcome.result",1,1,"","ele-1:All FHIR elements must have a @value or children {hasValue() or (children().count() > id.count())}
"
"SEEHDSLMImagingOutcome.result.id","SEEHDSLMImagingOutcome.result.id","","","",0,1,"","","","string {[]} {[]}
","Unique id for inter-element referencing","Unique id for the element within a resource (for internal references). This may be any string value that does not contain spaces.","","","","","","","","","",,,,,"",,,,"Element.id",0,1,"",""
"SEEHDSLMImagingOutcome.result.extension","SEEHDSLMImagingOutcome.result.extension","","extensions
user content","",0,*,"","","","Extension {[]} {[]}
","Additional content defined by implementations","May be used to represent additional information that is not part of the basic definition of the element. To make the use of extensions safe and manageable, there is a strict set of governance  applied to the definition and use of extensions. Though any implementer can define an extension, there is a set of requirements that SHALL be met as part of the definition of the extension.","There can be no stigma associated with the use of extensions by any application, project, or standard - regardless of the institution or jurisdiction that uses or defines the extensions.  The use of extensions is what allows the FHIR specification to retain a core level of simplicity for everyone.","","","","","","","","",,,,,"","value:url}
","Extensions are always sliced by (at least) url",,"open","Element.extension",0,*,"","ele-1:All FHIR elements must have a @value or children {hasValue() or (children().count() > id.count())}
ext-1:Must have either extensions or value[x], not both {extension.exists() != value.exists()}"
"SEEHDSLMImagingOutcome.result.modifierExtension","SEEHDSLMImagingOutcome.result.modifierExtension","","extensions
user contentmodifiers","",0,*,"","Y","Y","Extension {[]} {[]}
","Extensions that cannot be ignored even if unrecognized","May be used to represent additional information that is not part of the basic definition of the element and that modifies the understanding of the element in which it is contained and/or the understanding of the containing element's descendants. Usually modifier elements provide negation or qualification. To make the use of extensions safe and manageable, there is a strict set of governance applied to the definition and use of extensions. Though any implementer can define an extension, there is a set of requirements that SHALL be met as part of the definition of the extension. Applications processing a resource are required to check for modifier extensions.

Modifier extensions SHALL NOT change the meaning of any elements on Resource or DomainResource (including cannot change the meaning of modifierExtension itself).","There can be no stigma associated with the use of extensions by any application, project, or standard - regardless of the institution or jurisdiction that uses or defines the extensions.  The use of extensions is what allows the FHIR specification to retain a core level of simplicity for everyone.","Modifier extensions allow for extensions that *cannot* be safely ignored to be clearly distinguished from the vast majority of extensions which can be safely ignored.  This promotes interoperability by eliminating the need for implementers to prohibit the presence of extensions. For further information, see the [definition of modifier extensions](http://hl7.org/fhir/R4/extensibility.html#modifierExtension).","","","","","","","",,,,,"",,,,"BackboneElement.modifierExtension",0,*,"","ele-1:All FHIR elements must have a @value or children {hasValue() or (children().count() > id.count())}
ext-1:Must have either extensions or value[x], not both {extension.exists() != value.exists()}"
"SEEHDSLMImagingOutcome.result.resultCode","SEEHDSLMImagingOutcome.result.resultCode","","","",1,1,"","","","https://fhir.inera.se/ig/ehds-tk/StructureDefinition/SEEHDSRivString {[]} {[]}
","Resultatkod (OK, INFO eller ERROR)","Kan endast vara OK, INFO eller ERROR
Tillåtna värden enligt XSD: OK, ERROR, INFO.","","","","","","","","","",,,,,"",,,,"SEEHDSLMImagingOutcome.result.resultCode",1,1,"",""
"SEEHDSLMImagingOutcome.result.errorCode","SEEHDSLMImagingOutcome.result.errorCode","","","",0,1,"","","","https://fhir.inera.se/ig/ehds-tk/StructureDefinition/SEEHDSRivString {[]} {[]}
","Felkod (sätts endast om resultCode är ERROR)","Sätts endast om resultCode är ERROR, se kapitel 4.4 för mer information.
Tillåtna värden enligt XSD: INVALID_REQUEST.","","","","","","","","","",,,,,"",,,,"SEEHDSLMImagingOutcome.result.errorCode",0,1,"",""
"SEEHDSLMImagingOutcome.result.logId","SEEHDSLMImagingOutcome.result.logId","","","",1,1,"","","","https://fhir.inera.se/ig/ehds-tk/StructureDefinition/SEEHDSRivString {[]} {[]}
","Log-id (UUID för felsökning)","En UUID som kan användas vid felanmälan för att användas vid felsökning av producent.","","","","","","","","","",,,,,"",,,,"SEEHDSLMImagingOutcome.result.logId",1,1,"",""
"SEEHDSLMImagingOutcome.result.subCode","SEEHDSLMImagingOutcome.result.subCode","","","",0,1,"","","","https://fhir.inera.se/ig/ehds-tk/StructureDefinition/SEEHDSRivString {[]} {[]}
","Subkod","Inga subkoder är specificerade.","","","","","","","","","",,,,,"",,,,"SEEHDSLMImagingOutcome.result.subCode",0,1,"",""
"SEEHDSLMImagingOutcome.result.message","SEEHDSLMImagingOutcome.result.message","","","",0,1,"","","","https://fhir.inera.se/ig/ehds-tk/StructureDefinition/SEEHDSRivString {[]} {[]}
","Beskrivande meddelande","En beskrivande text som kan visas för användaren.","","","","","","","","","",,,,,"",,,,"SEEHDSLMImagingOutcome.result.message",0,1,"",""
