"Id","Path","Slice Name","Alias(s)","Label","Min","Max","Must Support?","Is Modifier?","Is Summary?","Type(s)","Short","Definition","Comments","Requirements","Default Value","Meaning When Missing","Fixed Value","Pattern","Example","Minimum Value","Maximum Value","Maximum Length","Binding Strength","Binding Description","Binding Value Set","Code","Slicing Discriminator","Slicing Description","Slicing Ordered","Slicing Rules","Base Path","Base Min","Base Max","Condition(s)","Constraint(s)"
"SEEHDSLMAlertInformation","SEEHDSLMAlertInformation","","","",0,*,"","","","null {[]} {[]}
","GetAlertInformation","Logisk modell för tjänstekontraktet GetAlertInformation
(RIV-TA urn:riv:clinicalprocess:healthcond:description:GetAlertInformationResponder:2).
Representerar responsens informationsstruktur: uppmärksamhetsinformation för en patient,
exempelvis överkänslighet mot läkemedel, allvarlig sjukdom, behandling, smittsam sjukdom,
vårdbegränsning eller historisk varning.

Body-strukturen är XOR – exakt en av hypersensitivity, seriousDisease, treatment,
communicableDisease, restrictionOfCare, unstructuredAlertInformation ska anges per post.","","","","","","","","","",,,,,"",,,,"Base",0,*,"",""
"SEEHDSLMAlertInformation.alertInformation","SEEHDSLMAlertInformation.alertInformation","","","",0,*,"","","","BackboneElement {[]} {[]}
","Uppmärksamhetsinformation","Den uppmärksamhetsinformation som matchar begäran.
Kardinalitet: Valfri, lista.","","","","","","","","","",,,,,"",,,,"SEEHDSLMAlertInformation.alertInformation",0,*,"","ele-1:All FHIR elements must have a @value or children {hasValue() or (children().count() > id.count())}
"
"SEEHDSLMAlertInformation.alertInformation.id","SEEHDSLMAlertInformation.alertInformation.id","","","",0,1,"","","","string {[]} {[]}
","Unique id for inter-element referencing","Unique id for the element within a resource (for internal references). This may be any string value that does not contain spaces.","","","","","","","","","",,,,,"",,,,"Element.id",0,1,"",""
"SEEHDSLMAlertInformation.alertInformation.extension","SEEHDSLMAlertInformation.alertInformation.extension","","extensions
user content","",0,*,"","","","Extension {[]} {[]}
","Additional content defined by implementations","May be used to represent additional information that is not part of the basic definition of the element. To make the use of extensions safe and manageable, there is a strict set of governance  applied to the definition and use of extensions. Though any implementer can define an extension, there is a set of requirements that SHALL be met as part of the definition of the extension.","There can be no stigma associated with the use of extensions by any application, project, or standard - regardless of the institution or jurisdiction that uses or defines the extensions.  The use of extensions is what allows the FHIR specification to retain a core level of simplicity for everyone.","","","","","","","","",,,,,"","value:url}
","Extensions are always sliced by (at least) url",,"open","Element.extension",0,*,"","ele-1:All FHIR elements must have a @value or children {hasValue() or (children().count() > id.count())}
ext-1:Must have either extensions or value[x], not both {extension.exists() != value.exists()}"
"SEEHDSLMAlertInformation.alertInformation.modifierExtension","SEEHDSLMAlertInformation.alertInformation.modifierExtension","","extensions
user contentmodifiers","",0,*,"","Y","Y","Extension {[]} {[]}
","Extensions that cannot be ignored even if unrecognized","May be used to represent additional information that is not part of the basic definition of the element and that modifies the understanding of the element in which it is contained and/or the understanding of the containing element's descendants. Usually modifier elements provide negation or qualification. To make the use of extensions safe and manageable, there is a strict set of governance applied to the definition and use of extensions. Though any implementer can define an extension, there is a set of requirements that SHALL be met as part of the definition of the extension. Applications processing a resource are required to check for modifier extensions.

Modifier extensions SHALL NOT change the meaning of any elements on Resource or DomainResource (including cannot change the meaning of modifierExtension itself).","There can be no stigma associated with the use of extensions by any application, project, or standard - regardless of the institution or jurisdiction that uses or defines the extensions.  The use of extensions is what allows the FHIR specification to retain a core level of simplicity for everyone.","Modifier extensions allow for extensions that *cannot* be safely ignored to be clearly distinguished from the vast majority of extensions which can be safely ignored.  This promotes interoperability by eliminating the need for implementers to prohibit the presence of extensions. For further information, see the [definition of modifier extensions](http://hl7.org/fhir/R4/extensibility.html#modifierExtension).","","","","","","","",,,,,"",,,,"BackboneElement.modifierExtension",0,*,"","ele-1:All FHIR elements must have a @value or children {hasValue() or (children().count() > id.count())}
ext-1:Must have either extensions or value[x], not both {extension.exists() != value.exists()}"
"SEEHDSLMAlertInformation.alertInformation.alertInformationHeader","SEEHDSLMAlertInformation.alertInformation.alertInformationHeader","","","",1,1,"","","","BackboneElement {[]} {[]}
","Dokumenthuvud (PatientSummaryHeader)","Innehåller basinformation om dokumentet (PatientSummaryHeaderType).
OBS: documentTitle, documentTime, nullified och nullifiedReason är N/A (0..0) för detta TK.
Kardinalitet: Obligatorisk.","","","","","","","","","",,,,,"",,,,"SEEHDSLMAlertInformation.alertInformation.alertInformationHeader",1,1,"","ele-1:All FHIR elements must have a @value or children {hasValue() or (children().count() > id.count())}
"
"SEEHDSLMAlertInformation.alertInformation.alertInformationHeader.id","SEEHDSLMAlertInformation.alertInformation.alertInformationHeader.id","","","",0,1,"","","","string {[]} {[]}
","Unique id for inter-element referencing","Unique id for the element within a resource (for internal references). This may be any string value that does not contain spaces.","","","","","","","","","",,,,,"",,,,"Element.id",0,1,"",""
"SEEHDSLMAlertInformation.alertInformation.alertInformationHeader.extension","SEEHDSLMAlertInformation.alertInformation.alertInformationHeader.extension","","extensions
user content","",0,*,"","","","Extension {[]} {[]}
","Additional content defined by implementations","May be used to represent additional information that is not part of the basic definition of the element. To make the use of extensions safe and manageable, there is a strict set of governance  applied to the definition and use of extensions. Though any implementer can define an extension, there is a set of requirements that SHALL be met as part of the definition of the extension.","There can be no stigma associated with the use of extensions by any application, project, or standard - regardless of the institution or jurisdiction that uses or defines the extensions.  The use of extensions is what allows the FHIR specification to retain a core level of simplicity for everyone.","","","","","","","","",,,,,"","value:url}
","Extensions are always sliced by (at least) url",,"open","Element.extension",0,*,"","ele-1:All FHIR elements must have a @value or children {hasValue() or (children().count() > id.count())}
ext-1:Must have either extensions or value[x], not both {extension.exists() != value.exists()}"
"SEEHDSLMAlertInformation.alertInformation.alertInformationHeader.modifierExtension","SEEHDSLMAlertInformation.alertInformation.alertInformationHeader.modifierExtension","","extensions
user contentmodifiers","",0,*,"","Y","Y","Extension {[]} {[]}
","Extensions that cannot be ignored even if unrecognized","May be used to represent additional information that is not part of the basic definition of the element and that modifies the understanding of the element in which it is contained and/or the understanding of the containing element's descendants. Usually modifier elements provide negation or qualification. To make the use of extensions safe and manageable, there is a strict set of governance applied to the definition and use of extensions. Though any implementer can define an extension, there is a set of requirements that SHALL be met as part of the definition of the extension. Applications processing a resource are required to check for modifier extensions.

Modifier extensions SHALL NOT change the meaning of any elements on Resource or DomainResource (including cannot change the meaning of modifierExtension itself).","There can be no stigma associated with the use of extensions by any application, project, or standard - regardless of the institution or jurisdiction that uses or defines the extensions.  The use of extensions is what allows the FHIR specification to retain a core level of simplicity for everyone.","Modifier extensions allow for extensions that *cannot* be safely ignored to be clearly distinguished from the vast majority of extensions which can be safely ignored.  This promotes interoperability by eliminating the need for implementers to prohibit the presence of extensions. For further information, see the [definition of modifier extensions](http://hl7.org/fhir/R4/extensibility.html#modifierExtension).","","","","","","","",,,,,"",,,,"BackboneElement.modifierExtension",0,*,"","ele-1:All FHIR elements must have a @value or children {hasValue() or (children().count() > id.count())}
ext-1:Must have either extensions or value[x], not both {extension.exists() != value.exists()}"
"SEEHDSLMAlertInformation.alertInformation.alertInformationHeader.documentId","SEEHDSLMAlertInformation.alertInformation.alertInformationHeader.documentId","","","",1,1,"","","","string {[]} {[]}
","Dokumentets identitet","Dokumentets identitet som är unik inom källsystemet.
Kardinalitet: Obligatorisk.","","","","","","","","","",,,,,"",,,,"SEEHDSLMAlertInformation.alertInformation.alertInformationHeader.documentId",1,1,"",""
"SEEHDSLMAlertInformation.alertInformation.alertInformationHeader.sourceSystemHSAId","SEEHDSLMAlertInformation.alertInformation.alertInformationHeader.sourceSystemHSAId","","","",1,1,"","","","Identifier {[]} {[]}
","HSA-id för källsystem","HSA-id för det system som tillgängliggör informationen.
Kardinalitet: Obligatorisk.","","","","","","","","","",,,,,"",,,,"SEEHDSLMAlertInformation.alertInformation.alertInformationHeader.sourceSystemHSAId",1,1,"",""
"SEEHDSLMAlertInformation.alertInformation.alertInformationHeader.patientId","SEEHDSLMAlertInformation.alertInformation.alertInformationHeader.patientId","","","",1,1,"","","","Identifier {[]} {[]}
","Patientidentifierare","Identifierare för patient. id = patientens identifierare (12 tecken).
type = OID för typ av identifierare.
Kardinalitet: Obligatorisk.","","","","","","","","","",,,,,"",,,,"SEEHDSLMAlertInformation.alertInformation.alertInformationHeader.patientId",1,1,"",""
"SEEHDSLMAlertInformation.alertInformation.alertInformationHeader.accountableHealthcareProfessional","SEEHDSLMAlertInformation.alertInformation.alertInformationHeader.accountableHealthcareProfessional","","","",1,1,"","","","BackboneElement {[]} {[]}
","Ansvarig hälso- och sjukvårdsperson","Information om den hälso- och sjukvårdsperson som är ansvarig för informationen.
Kardinalitet: Obligatorisk.","","","","","","","","","",,,,,"",,,,"SEEHDSLMAlertInformation.alertInformation.alertInformationHeader.accountableHealthcareProfessional",1,1,"","ele-1:All FHIR elements must have a @value or children {hasValue() or (children().count() > id.count())}
"
"SEEHDSLMAlertInformation.alertInformation.alertInformationHeader.accountableHealthcareProfessional.id","SEEHDSLMAlertInformation.alertInformation.alertInformationHeader.accountableHealthcareProfessional.id","","","",0,1,"","","","string {[]} {[]}
","Unique id for inter-element referencing","Unique id for the element within a resource (for internal references). This may be any string value that does not contain spaces.","","","","","","","","","",,,,,"",,,,"Element.id",0,1,"",""
"SEEHDSLMAlertInformation.alertInformation.alertInformationHeader.accountableHealthcareProfessional.extension","SEEHDSLMAlertInformation.alertInformation.alertInformationHeader.accountableHealthcareProfessional.extension","","extensions
user content","",0,*,"","","","Extension {[]} {[]}
","Additional content defined by implementations","May be used to represent additional information that is not part of the basic definition of the element. To make the use of extensions safe and manageable, there is a strict set of governance  applied to the definition and use of extensions. Though any implementer can define an extension, there is a set of requirements that SHALL be met as part of the definition of the extension.","There can be no stigma associated with the use of extensions by any application, project, or standard - regardless of the institution or jurisdiction that uses or defines the extensions.  The use of extensions is what allows the FHIR specification to retain a core level of simplicity for everyone.","","","","","","","","",,,,,"","value:url}
","Extensions are always sliced by (at least) url",,"open","Element.extension",0,*,"","ele-1:All FHIR elements must have a @value or children {hasValue() or (children().count() > id.count())}
ext-1:Must have either extensions or value[x], not both {extension.exists() != value.exists()}"
"SEEHDSLMAlertInformation.alertInformation.alertInformationHeader.accountableHealthcareProfessional.modifierExtension","SEEHDSLMAlertInformation.alertInformation.alertInformationHeader.accountableHealthcareProfessional.modifierExtension","","extensions
user contentmodifiers","",0,*,"","Y","Y","Extension {[]} {[]}
","Extensions that cannot be ignored even if unrecognized","May be used to represent additional information that is not part of the basic definition of the element and that modifies the understanding of the element in which it is contained and/or the understanding of the containing element's descendants. Usually modifier elements provide negation or qualification. To make the use of extensions safe and manageable, there is a strict set of governance applied to the definition and use of extensions. Though any implementer can define an extension, there is a set of requirements that SHALL be met as part of the definition of the extension. Applications processing a resource are required to check for modifier extensions.

Modifier extensions SHALL NOT change the meaning of any elements on Resource or DomainResource (including cannot change the meaning of modifierExtension itself).","There can be no stigma associated with the use of extensions by any application, project, or standard - regardless of the institution or jurisdiction that uses or defines the extensions.  The use of extensions is what allows the FHIR specification to retain a core level of simplicity for everyone.","Modifier extensions allow for extensions that *cannot* be safely ignored to be clearly distinguished from the vast majority of extensions which can be safely ignored.  This promotes interoperability by eliminating the need for implementers to prohibit the presence of extensions. For further information, see the [definition of modifier extensions](http://hl7.org/fhir/R4/extensibility.html#modifierExtension).","","","","","","","",,,,,"",,,,"BackboneElement.modifierExtension",0,*,"","ele-1:All FHIR elements must have a @value or children {hasValue() or (children().count() > id.count())}
ext-1:Must have either extensions or value[x], not both {extension.exists() != value.exists()}"
"SEEHDSLMAlertInformation.alertInformation.alertInformationHeader.accountableHealthcareProfessional.authorTime","SEEHDSLMAlertInformation.alertInformation.alertInformationHeader.accountableHealthcareProfessional.authorTime","","","",1,1,"","","","dateTime {[]} {[]}
","Tidpunkt för registrering","Tidpunkt då informationen registrerades. Format: YYYYMMDDhhmmss.
Kardinalitet: Obligatorisk.","","","","","","","","","",,,,,"",,,,"SEEHDSLMAlertInformation.alertInformation.alertInformationHeader.accountableHealthcareProfessional.authorTime",1,1,"",""
"SEEHDSLMAlertInformation.alertInformation.alertInformationHeader.accountableHealthcareProfessional.healthcareProfessionalHSAId","SEEHDSLMAlertInformation.alertInformation.alertInformationHeader.accountableHealthcareProfessional.healthcareProfessionalHSAId","","","",0,1,"","","","Identifier {[]} {[]}
","HSA-id för hälso- och sjukvårdspersonal","HSA-id för hälso- och sjukvårdspersonal.
Kardinalitet: Valfri.","","","","","","","","","",,,,,"",,,,"SEEHDSLMAlertInformation.alertInformation.alertInformationHeader.accountableHealthcareProfessional.healthcareProfessionalHSAId",0,1,"",""
"SEEHDSLMAlertInformation.alertInformation.alertInformationHeader.accountableHealthcareProfessional.healthcareProfessionalName","SEEHDSLMAlertInformation.alertInformation.alertInformationHeader.accountableHealthcareProfessional.healthcareProfessionalName","","","",0,1,"","","","string {[]} {[]}
","Namn","Namn på hälso- och sjukvårdspersonal.
Kardinalitet: Valfri.","","","","","","","","","",,,,,"",,,,"SEEHDSLMAlertInformation.alertInformation.alertInformationHeader.accountableHealthcareProfessional.healthcareProfessionalName",0,1,"",""
"SEEHDSLMAlertInformation.alertInformation.alertInformationHeader.accountableHealthcareProfessional.healthcareProfessionalRoleCode","SEEHDSLMAlertInformation.alertInformation.alertInformationHeader.accountableHealthcareProfessional.healthcareProfessionalRoleCode","","","",0,1,"","","","CodeableConcept {[]} {[]}
","Befattning (CVType)","Information om personens befattning. KV Befattning (OID 1.2.752.129.2.2.1.4).
Kardinalitet: Valfri.","","","","","","","","","",,,,,"",,,,"SEEHDSLMAlertInformation.alertInformation.alertInformationHeader.accountableHealthcareProfessional.healthcareProfessionalRoleCode",0,1,"",""
"SEEHDSLMAlertInformation.alertInformation.alertInformationHeader.accountableHealthcareProfessional.healthcareProfessionalOrgUnit","SEEHDSLMAlertInformation.alertInformation.alertInformationHeader.accountableHealthcareProfessional.healthcareProfessionalOrgUnit","","","",0,1,"","","","BackboneElement {[]} {[]}
","Organisationsenhet","Den organisation som hälso- och sjukvårdspersonalen är uppdragstagare i.
Kardinalitet: Valfri.","","","","","","","","","",,,,,"",,,,"SEEHDSLMAlertInformation.alertInformation.alertInformationHeader.accountableHealthcareProfessional.healthcareProfessionalOrgUnit",0,1,"","ele-1:All FHIR elements must have a @value or children {hasValue() or (children().count() > id.count())}
"
"SEEHDSLMAlertInformation.alertInformation.alertInformationHeader.accountableHealthcareProfessional.healthcareProfessionalOrgUnit.id","SEEHDSLMAlertInformation.alertInformation.alertInformationHeader.accountableHealthcareProfessional.healthcareProfessionalOrgUnit.id","","","",0,1,"","","","string {[]} {[]}
","Unique id for inter-element referencing","Unique id for the element within a resource (for internal references). This may be any string value that does not contain spaces.","","","","","","","","","",,,,,"",,,,"Element.id",0,1,"",""
"SEEHDSLMAlertInformation.alertInformation.alertInformationHeader.accountableHealthcareProfessional.healthcareProfessionalOrgUnit.extension","SEEHDSLMAlertInformation.alertInformation.alertInformationHeader.accountableHealthcareProfessional.healthcareProfessionalOrgUnit.extension","","extensions
user content","",0,*,"","","","Extension {[]} {[]}
","Additional content defined by implementations","May be used to represent additional information that is not part of the basic definition of the element. To make the use of extensions safe and manageable, there is a strict set of governance  applied to the definition and use of extensions. Though any implementer can define an extension, there is a set of requirements that SHALL be met as part of the definition of the extension.","There can be no stigma associated with the use of extensions by any application, project, or standard - regardless of the institution or jurisdiction that uses or defines the extensions.  The use of extensions is what allows the FHIR specification to retain a core level of simplicity for everyone.","","","","","","","","",,,,,"","value:url}
","Extensions are always sliced by (at least) url",,"open","Element.extension",0,*,"","ele-1:All FHIR elements must have a @value or children {hasValue() or (children().count() > id.count())}
ext-1:Must have either extensions or value[x], not both {extension.exists() != value.exists()}"
"SEEHDSLMAlertInformation.alertInformation.alertInformationHeader.accountableHealthcareProfessional.healthcareProfessionalOrgUnit.modifierExtension","SEEHDSLMAlertInformation.alertInformation.alertInformationHeader.accountableHealthcareProfessional.healthcareProfessionalOrgUnit.modifierExtension","","extensions
user contentmodifiers","",0,*,"","Y","Y","Extension {[]} {[]}
","Extensions that cannot be ignored even if unrecognized","May be used to represent additional information that is not part of the basic definition of the element and that modifies the understanding of the element in which it is contained and/or the understanding of the containing element's descendants. Usually modifier elements provide negation or qualification. To make the use of extensions safe and manageable, there is a strict set of governance applied to the definition and use of extensions. Though any implementer can define an extension, there is a set of requirements that SHALL be met as part of the definition of the extension. Applications processing a resource are required to check for modifier extensions.

Modifier extensions SHALL NOT change the meaning of any elements on Resource or DomainResource (including cannot change the meaning of modifierExtension itself).","There can be no stigma associated with the use of extensions by any application, project, or standard - regardless of the institution or jurisdiction that uses or defines the extensions.  The use of extensions is what allows the FHIR specification to retain a core level of simplicity for everyone.","Modifier extensions allow for extensions that *cannot* be safely ignored to be clearly distinguished from the vast majority of extensions which can be safely ignored.  This promotes interoperability by eliminating the need for implementers to prohibit the presence of extensions. For further information, see the [definition of modifier extensions](http://hl7.org/fhir/R4/extensibility.html#modifierExtension).","","","","","","","",,,,,"",,,,"BackboneElement.modifierExtension",0,*,"","ele-1:All FHIR elements must have a @value or children {hasValue() or (children().count() > id.count())}
ext-1:Must have either extensions or value[x], not both {extension.exists() != value.exists()}"
"SEEHDSLMAlertInformation.alertInformation.alertInformationHeader.accountableHealthcareProfessional.healthcareProfessionalOrgUnit.orgUnitHSAId","SEEHDSLMAlertInformation.alertInformation.alertInformationHeader.accountableHealthcareProfessional.healthcareProfessionalOrgUnit.orgUnitHSAId","","","",1,1,"","","","Identifier {[]} {[]}
","HSA-id för organisationsenhet","HSA-id för organisationsenhet.
Kardinalitet: Obligatorisk (inom OrgUnitType).","","","","","","","","","",,,,,"",,,,"SEEHDSLMAlertInformation.alertInformation.alertInformationHeader.accountableHealthcareProfessional.healthcareProfessionalOrgUnit.orgUnitHSAId",1,1,"",""
"SEEHDSLMAlertInformation.alertInformation.alertInformationHeader.accountableHealthcareProfessional.healthcareProfessionalOrgUnit.orgUnitName","SEEHDSLMAlertInformation.alertInformation.alertInformationHeader.accountableHealthcareProfessional.healthcareProfessionalOrgUnit.orgUnitName","","","",1,1,"","","","string {[]} {[]}
","Namn på organisationsenhet","Namn på organisationsenhet.
Kardinalitet: Obligatorisk (inom OrgUnitType).","","","","","","","","","",,,,,"",,,,"SEEHDSLMAlertInformation.alertInformation.alertInformationHeader.accountableHealthcareProfessional.healthcareProfessionalOrgUnit.orgUnitName",1,1,"",""
"SEEHDSLMAlertInformation.alertInformation.alertInformationHeader.accountableHealthcareProfessional.healthcareProfessionalOrgUnit.orgUnitTelecom","SEEHDSLMAlertInformation.alertInformation.alertInformationHeader.accountableHealthcareProfessional.healthcareProfessionalOrgUnit.orgUnitTelecom","","","",0,1,"","","","string {[]} {[]}
","Telefon till organisationsenhet","Telefon till organisationsenhet.
Kardinalitet: Valfri.","","","","","","","","","",,,,,"",,,,"SEEHDSLMAlertInformation.alertInformation.alertInformationHeader.accountableHealthcareProfessional.healthcareProfessionalOrgUnit.orgUnitTelecom",0,1,"",""
"SEEHDSLMAlertInformation.alertInformation.alertInformationHeader.accountableHealthcareProfessional.healthcareProfessionalOrgUnit.orgUnitEmail","SEEHDSLMAlertInformation.alertInformation.alertInformationHeader.accountableHealthcareProfessional.healthcareProfessionalOrgUnit.orgUnitEmail","","","",0,1,"","","","string {[]} {[]}
","Epost till organisationsenhet","Epost till organisationsenhet.
Kardinalitet: Valfri.","","","","","","","","","",,,,,"",,,,"SEEHDSLMAlertInformation.alertInformation.alertInformationHeader.accountableHealthcareProfessional.healthcareProfessionalOrgUnit.orgUnitEmail",0,1,"",""
"SEEHDSLMAlertInformation.alertInformation.alertInformationHeader.accountableHealthcareProfessional.healthcareProfessionalOrgUnit.orgUnitAddress","SEEHDSLMAlertInformation.alertInformation.alertInformationHeader.accountableHealthcareProfessional.healthcareProfessionalOrgUnit.orgUnitAddress","","","",0,1,"","","","string {[]} {[]}
","Postadress för organisationsenhet","Postadress för organisationsenhet.
Kardinalitet: Valfri.","","","","","","","","","",,,,,"",,,,"SEEHDSLMAlertInformation.alertInformation.alertInformationHeader.accountableHealthcareProfessional.healthcareProfessionalOrgUnit.orgUnitAddress",0,1,"",""
"SEEHDSLMAlertInformation.alertInformation.alertInformationHeader.accountableHealthcareProfessional.healthcareProfessionalOrgUnit.orgUnitLocation","SEEHDSLMAlertInformation.alertInformation.alertInformationHeader.accountableHealthcareProfessional.healthcareProfessionalOrgUnit.orgUnitLocation","","","",0,1,"","","","string {[]} {[]}
","Fysisk plats för organisationsenhet","Text som anger namn på plats eller ort för organisationens fysiska placering.
Kardinalitet: Valfri.","","","","","","","","","",,,,,"",,,,"SEEHDSLMAlertInformation.alertInformation.alertInformationHeader.accountableHealthcareProfessional.healthcareProfessionalOrgUnit.orgUnitLocation",0,1,"",""
"SEEHDSLMAlertInformation.alertInformation.alertInformationHeader.accountableHealthcareProfessional.healthcareProfessionalCareUnitHSAId","SEEHDSLMAlertInformation.alertInformation.alertInformationHeader.accountableHealthcareProfessional.healthcareProfessionalCareUnitHSAId","","","",0,1,"","","","Identifier {[]} {[]}
","HSA-id för vårdenhet","HSA-id för vårdenhet. Se regel 1 i TKB.
Kardinalitet: Valfri (villkorlig, se regel 1).","","","","","","","","","",,,,,"",,,,"SEEHDSLMAlertInformation.alertInformation.alertInformationHeader.accountableHealthcareProfessional.healthcareProfessionalCareUnitHSAId",0,1,"",""
"SEEHDSLMAlertInformation.alertInformation.alertInformationHeader.accountableHealthcareProfessional.healthcareProfessionalCareGiverHSAId","SEEHDSLMAlertInformation.alertInformation.alertInformationHeader.accountableHealthcareProfessional.healthcareProfessionalCareGiverHSAId","","","",0,1,"","","","Identifier {[]} {[]}
","HSA-id för vårdgivare","HSA-id för vårdgivaren.
Kardinalitet: Valfri.","","","","","","","","","",,,,,"",,,,"SEEHDSLMAlertInformation.alertInformation.alertInformationHeader.accountableHealthcareProfessional.healthcareProfessionalCareGiverHSAId",0,1,"",""
"SEEHDSLMAlertInformation.alertInformation.alertInformationHeader.legalAuthenticator","SEEHDSLMAlertInformation.alertInformation.alertInformationHeader.legalAuthenticator","","","",0,1,"","","","BackboneElement {[]} {[]}
","Signerande person","Information om vem som signerat informationen i dokumentet.
Kardinalitet: Valfri.","","","","","","","","","",,,,,"",,,,"SEEHDSLMAlertInformation.alertInformation.alertInformationHeader.legalAuthenticator",0,1,"","ele-1:All FHIR elements must have a @value or children {hasValue() or (children().count() > id.count())}
"
"SEEHDSLMAlertInformation.alertInformation.alertInformationHeader.legalAuthenticator.id","SEEHDSLMAlertInformation.alertInformation.alertInformationHeader.legalAuthenticator.id","","","",0,1,"","","","string {[]} {[]}
","Unique id for inter-element referencing","Unique id for the element within a resource (for internal references). This may be any string value that does not contain spaces.","","","","","","","","","",,,,,"",,,,"Element.id",0,1,"",""
"SEEHDSLMAlertInformation.alertInformation.alertInformationHeader.legalAuthenticator.extension","SEEHDSLMAlertInformation.alertInformation.alertInformationHeader.legalAuthenticator.extension","","extensions
user content","",0,*,"","","","Extension {[]} {[]}
","Additional content defined by implementations","May be used to represent additional information that is not part of the basic definition of the element. To make the use of extensions safe and manageable, there is a strict set of governance  applied to the definition and use of extensions. Though any implementer can define an extension, there is a set of requirements that SHALL be met as part of the definition of the extension.","There can be no stigma associated with the use of extensions by any application, project, or standard - regardless of the institution or jurisdiction that uses or defines the extensions.  The use of extensions is what allows the FHIR specification to retain a core level of simplicity for everyone.","","","","","","","","",,,,,"","value:url}
","Extensions are always sliced by (at least) url",,"open","Element.extension",0,*,"","ele-1:All FHIR elements must have a @value or children {hasValue() or (children().count() > id.count())}
ext-1:Must have either extensions or value[x], not both {extension.exists() != value.exists()}"
"SEEHDSLMAlertInformation.alertInformation.alertInformationHeader.legalAuthenticator.modifierExtension","SEEHDSLMAlertInformation.alertInformation.alertInformationHeader.legalAuthenticator.modifierExtension","","extensions
user contentmodifiers","",0,*,"","Y","Y","Extension {[]} {[]}
","Extensions that cannot be ignored even if unrecognized","May be used to represent additional information that is not part of the basic definition of the element and that modifies the understanding of the element in which it is contained and/or the understanding of the containing element's descendants. Usually modifier elements provide negation or qualification. To make the use of extensions safe and manageable, there is a strict set of governance applied to the definition and use of extensions. Though any implementer can define an extension, there is a set of requirements that SHALL be met as part of the definition of the extension. Applications processing a resource are required to check for modifier extensions.

Modifier extensions SHALL NOT change the meaning of any elements on Resource or DomainResource (including cannot change the meaning of modifierExtension itself).","There can be no stigma associated with the use of extensions by any application, project, or standard - regardless of the institution or jurisdiction that uses or defines the extensions.  The use of extensions is what allows the FHIR specification to retain a core level of simplicity for everyone.","Modifier extensions allow for extensions that *cannot* be safely ignored to be clearly distinguished from the vast majority of extensions which can be safely ignored.  This promotes interoperability by eliminating the need for implementers to prohibit the presence of extensions. For further information, see the [definition of modifier extensions](http://hl7.org/fhir/R4/extensibility.html#modifierExtension).","","","","","","","",,,,,"",,,,"BackboneElement.modifierExtension",0,*,"","ele-1:All FHIR elements must have a @value or children {hasValue() or (children().count() > id.count())}
ext-1:Must have either extensions or value[x], not both {extension.exists() != value.exists()}"
"SEEHDSLMAlertInformation.alertInformation.alertInformationHeader.legalAuthenticator.signatureTime","SEEHDSLMAlertInformation.alertInformation.alertInformationHeader.legalAuthenticator.signatureTime","","","",1,1,"","","","dateTime {[]} {[]}
","Tidpunkt för signering","Tidpunkt för signering. Format: YYYYMMDDhhmmss.
Kardinalitet: Obligatorisk.","","","","","","","","","",,,,,"",,,,"SEEHDSLMAlertInformation.alertInformation.alertInformationHeader.legalAuthenticator.signatureTime",1,1,"",""
"SEEHDSLMAlertInformation.alertInformation.alertInformationHeader.legalAuthenticator.legalAuthenticatorHSAId","SEEHDSLMAlertInformation.alertInformation.alertInformationHeader.legalAuthenticator.legalAuthenticatorHSAId","","","",0,1,"","","","Identifier {[]} {[]}
","HSA-id för signerande","HSA-id för person som signerat dokumentet.
Kardinalitet: Valfri.","","","","","","","","","",,,,,"",,,,"SEEHDSLMAlertInformation.alertInformation.alertInformationHeader.legalAuthenticator.legalAuthenticatorHSAId",0,1,"",""
"SEEHDSLMAlertInformation.alertInformation.alertInformationHeader.legalAuthenticator.legalAuthenticatorName","SEEHDSLMAlertInformation.alertInformation.alertInformationHeader.legalAuthenticator.legalAuthenticatorName","","","",0,1,"","","","string {[]} {[]}
","Namn på signerande person","Namn i klartext för signerande person.
Kardinalitet: Valfri.","","","","","","","","","",,,,,"",,,,"SEEHDSLMAlertInformation.alertInformation.alertInformationHeader.legalAuthenticator.legalAuthenticatorName",0,1,"",""
"SEEHDSLMAlertInformation.alertInformation.alertInformationHeader.approvedForPatient","SEEHDSLMAlertInformation.alertInformation.alertInformationHeader.approvedForPatient","","","",1,1,"","","","boolean {[]} {[]}
","Godkänd för visning till patient","Anger om information får delas till patient.
Kardinalitet: Obligatorisk.","","","","","","","","","",,,,,"",,,,"SEEHDSLMAlertInformation.alertInformation.alertInformationHeader.approvedForPatient",1,1,"",""
"SEEHDSLMAlertInformation.alertInformation.alertInformationHeader.careContactId","SEEHDSLMAlertInformation.alertInformation.alertInformationHeader.careContactId","","","",0,1,"","","","string {[]} {[]}
","Vårdkontakts-id","Identitet för den hälso- och sjukvårdskontakt som uppmärksamhetsinformationen gäller.
Kardinalitet: Valfri.","","","","","","","","","",,,,,"",,,,"SEEHDSLMAlertInformation.alertInformation.alertInformationHeader.careContactId",0,1,"",""
"SEEHDSLMAlertInformation.alertInformation.alertInformationBody","SEEHDSLMAlertInformation.alertInformation.alertInformationBody","","","",1,1,"","","","BackboneElement {[]} {[]}
","Uppmärksamhetsinformationens innehåll (AlertInformationBodyType)","AlertInformationBodyType — uppmärksamhetsinformationens informationsinnehåll.
Exakt en av hypersensitivity, seriousDisease, treatment, communicableDisease,
restrictionOfCare, unstructuredAlertInformation ska anges (XOR).
Kardinalitet: Obligatorisk.","","","","","","","","","",,,,,"",,,,"SEEHDSLMAlertInformation.alertInformation.alertInformationBody",1,1,"","ele-1:All FHIR elements must have a @value or children {hasValue() or (children().count() > id.count())}
"
"SEEHDSLMAlertInformation.alertInformation.alertInformationBody.id","SEEHDSLMAlertInformation.alertInformation.alertInformationBody.id","","","",0,1,"","","","string {[]} {[]}
","Unique id for inter-element referencing","Unique id for the element within a resource (for internal references). This may be any string value that does not contain spaces.","","","","","","","","","",,,,,"",,,,"Element.id",0,1,"",""
"SEEHDSLMAlertInformation.alertInformation.alertInformationBody.extension","SEEHDSLMAlertInformation.alertInformation.alertInformationBody.extension","","extensions
user content","",0,*,"","","","Extension {[]} {[]}
","Additional content defined by implementations","May be used to represent additional information that is not part of the basic definition of the element. To make the use of extensions safe and manageable, there is a strict set of governance  applied to the definition and use of extensions. Though any implementer can define an extension, there is a set of requirements that SHALL be met as part of the definition of the extension.","There can be no stigma associated with the use of extensions by any application, project, or standard - regardless of the institution or jurisdiction that uses or defines the extensions.  The use of extensions is what allows the FHIR specification to retain a core level of simplicity for everyone.","","","","","","","","",,,,,"","value:url}
","Extensions are always sliced by (at least) url",,"open","Element.extension",0,*,"","ele-1:All FHIR elements must have a @value or children {hasValue() or (children().count() > id.count())}
ext-1:Must have either extensions or value[x], not both {extension.exists() != value.exists()}"
"SEEHDSLMAlertInformation.alertInformation.alertInformationBody.modifierExtension","SEEHDSLMAlertInformation.alertInformation.alertInformationBody.modifierExtension","","extensions
user contentmodifiers","",0,*,"","Y","Y","Extension {[]} {[]}
","Extensions that cannot be ignored even if unrecognized","May be used to represent additional information that is not part of the basic definition of the element and that modifies the understanding of the element in which it is contained and/or the understanding of the containing element's descendants. Usually modifier elements provide negation or qualification. To make the use of extensions safe and manageable, there is a strict set of governance applied to the definition and use of extensions. Though any implementer can define an extension, there is a set of requirements that SHALL be met as part of the definition of the extension. Applications processing a resource are required to check for modifier extensions.

Modifier extensions SHALL NOT change the meaning of any elements on Resource or DomainResource (including cannot change the meaning of modifierExtension itself).","There can be no stigma associated with the use of extensions by any application, project, or standard - regardless of the institution or jurisdiction that uses or defines the extensions.  The use of extensions is what allows the FHIR specification to retain a core level of simplicity for everyone.","Modifier extensions allow for extensions that *cannot* be safely ignored to be clearly distinguished from the vast majority of extensions which can be safely ignored.  This promotes interoperability by eliminating the need for implementers to prohibit the presence of extensions. For further information, see the [definition of modifier extensions](http://hl7.org/fhir/R4/extensibility.html#modifierExtension).","","","","","","","",,,,,"",,,,"BackboneElement.modifierExtension",0,*,"","ele-1:All FHIR elements must have a @value or children {hasValue() or (children().count() > id.count())}
ext-1:Must have either extensions or value[x], not both {extension.exists() != value.exists()}"
"SEEHDSLMAlertInformation.alertInformation.alertInformationBody.typeOfAlertInformation","SEEHDSLMAlertInformation.alertInformation.alertInformationBody.typeOfAlertInformation","","","",1,1,"","","","CodeableConcept {[]} {[]}
","Typ av uppmärksamhetssignal (CVType)","Kod som anger vilken typ av uppmärksamhetssignal som avses.
Bör tas från KV Uppmärksamhetstyp eller KV Informationstyp (OID 1.2.752.129.2.2.2.1).
OID för KV Uppmärksamhetstyp saknas – använd KV Informationstyp som fallback.
Kardinalitet: Obligatorisk.
Regel 2 (NPÖ): För att uppmärksamhetssignaler ska skickas till NPÖ måste en av följande
KV Informationstyp-koder anges: upp-ube, upp-ube-beh, upp-ube-lbe, upp-ube-kod, upp-uas,
upp-uas-sjd, upp-vbe, upp-vbe-vbe, upp-arb, upp-arb-smf, upp-arb-smf-vag, upp-arb-smf-sjd,
upp-est, upp-est-rub, upp-est-inh. Alternativt KV Uppmärksamhetstyp-koder: Överkänslighet,
Allvarlig sjukdom, Allvarlig behandling, Smittsam sjukdom, Vårdbegränsning,
Historisk varningsinformation.","","","","","","","","","",,,,,"",,,,"SEEHDSLMAlertInformation.alertInformation.alertInformationBody.typeOfAlertInformation",1,1,"",""
"SEEHDSLMAlertInformation.alertInformation.alertInformationBody.ascertainedDate","SEEHDSLMAlertInformation.alertInformation.alertInformationBody.ascertainedDate","","","",0,1,"","","","date {[]} {[]}
","Datum för konstaterande","Datum då förhållandet som föranledde uppmärksamhetssignalen konstaterades.
Kardinalitet: Valfri.","","","","","","","","","",,,,,"",,,,"SEEHDSLMAlertInformation.alertInformation.alertInformationBody.ascertainedDate",0,1,"",""
"SEEHDSLMAlertInformation.alertInformation.alertInformationBody.verifiedTime","SEEHDSLMAlertInformation.alertInformation.alertInformationBody.verifiedTime","","","",0,1,"","","","dateTime {[]} {[]}
","Tidpunkt för verifiering","Tidpunkt då uppmärksamhetssignalen verifierades i det lokala systemet.
Kardinalitet: Valfri.","","","","","","","","","",,,,,"",,,,"SEEHDSLMAlertInformation.alertInformation.alertInformationBody.verifiedTime",0,1,"",""
"SEEHDSLMAlertInformation.alertInformation.alertInformationBody.validityTimePeriod","SEEHDSLMAlertInformation.alertInformation.alertInformationBody.validityTimePeriod","","","",1,1,"","","","BackboneElement {[]} {[]}
","Giltighetstid","Tidsintervallet inom vilket uppmärksamhetssignalen är giltig.
Kardinalitet: Obligatorisk.","","","","","","","","","",,,,,"",,,,"SEEHDSLMAlertInformation.alertInformation.alertInformationBody.validityTimePeriod",1,1,"","ele-1:All FHIR elements must have a @value or children {hasValue() or (children().count() > id.count())}
"
"SEEHDSLMAlertInformation.alertInformation.alertInformationBody.validityTimePeriod.id","SEEHDSLMAlertInformation.alertInformation.alertInformationBody.validityTimePeriod.id","","","",0,1,"","","","string {[]} {[]}
","Unique id for inter-element referencing","Unique id for the element within a resource (for internal references). This may be any string value that does not contain spaces.","","","","","","","","","",,,,,"",,,,"Element.id",0,1,"",""
"SEEHDSLMAlertInformation.alertInformation.alertInformationBody.validityTimePeriod.extension","SEEHDSLMAlertInformation.alertInformation.alertInformationBody.validityTimePeriod.extension","","extensions
user content","",0,*,"","","","Extension {[]} {[]}
","Additional content defined by implementations","May be used to represent additional information that is not part of the basic definition of the element. To make the use of extensions safe and manageable, there is a strict set of governance  applied to the definition and use of extensions. Though any implementer can define an extension, there is a set of requirements that SHALL be met as part of the definition of the extension.","There can be no stigma associated with the use of extensions by any application, project, or standard - regardless of the institution or jurisdiction that uses or defines the extensions.  The use of extensions is what allows the FHIR specification to retain a core level of simplicity for everyone.","","","","","","","","",,,,,"","value:url}
","Extensions are always sliced by (at least) url",,"open","Element.extension",0,*,"","ele-1:All FHIR elements must have a @value or children {hasValue() or (children().count() > id.count())}
ext-1:Must have either extensions or value[x], not both {extension.exists() != value.exists()}"
"SEEHDSLMAlertInformation.alertInformation.alertInformationBody.validityTimePeriod.modifierExtension","SEEHDSLMAlertInformation.alertInformation.alertInformationBody.validityTimePeriod.modifierExtension","","extensions
user contentmodifiers","",0,*,"","Y","Y","Extension {[]} {[]}
","Extensions that cannot be ignored even if unrecognized","May be used to represent additional information that is not part of the basic definition of the element and that modifies the understanding of the element in which it is contained and/or the understanding of the containing element's descendants. Usually modifier elements provide negation or qualification. To make the use of extensions safe and manageable, there is a strict set of governance applied to the definition and use of extensions. Though any implementer can define an extension, there is a set of requirements that SHALL be met as part of the definition of the extension. Applications processing a resource are required to check for modifier extensions.

Modifier extensions SHALL NOT change the meaning of any elements on Resource or DomainResource (including cannot change the meaning of modifierExtension itself).","There can be no stigma associated with the use of extensions by any application, project, or standard - regardless of the institution or jurisdiction that uses or defines the extensions.  The use of extensions is what allows the FHIR specification to retain a core level of simplicity for everyone.","Modifier extensions allow for extensions that *cannot* be safely ignored to be clearly distinguished from the vast majority of extensions which can be safely ignored.  This promotes interoperability by eliminating the need for implementers to prohibit the presence of extensions. For further information, see the [definition of modifier extensions](http://hl7.org/fhir/R4/extensibility.html#modifierExtension).","","","","","","","",,,,,"",,,,"BackboneElement.modifierExtension",0,*,"","ele-1:All FHIR elements must have a @value or children {hasValue() or (children().count() > id.count())}
ext-1:Must have either extensions or value[x], not both {extension.exists() != value.exists()}"
"SEEHDSLMAlertInformation.alertInformation.alertInformationBody.validityTimePeriod.start","SEEHDSLMAlertInformation.alertInformation.alertInformationBody.validityTimePeriod.start","","","",1,1,"","","","dateTime {[]} {[]}
","Startdatum för giltighet","Startdatum/tidpunkt för giltighetstiden. Format: YYYYMMDDhhmmss.
Kardinalitet: Obligatorisk.","","","","","","","","","",,,,,"",,,,"SEEHDSLMAlertInformation.alertInformation.alertInformationBody.validityTimePeriod.start",1,1,"",""
"SEEHDSLMAlertInformation.alertInformation.alertInformationBody.validityTimePeriod.end","SEEHDSLMAlertInformation.alertInformation.alertInformationBody.validityTimePeriod.end","","","",0,1,"","","","dateTime {[]} {[]}
","Slutdatum för giltighet","Slutdatum/tidpunkt för giltighetstiden. Format: YYYYMMDDhhmmss.
Anges när man bedömer att uppmärksamhetssignalen har en känd sluttidpunkt.
Kardinalitet: Valfri.","","","","","","","","","",,,,,"",,,,"SEEHDSLMAlertInformation.alertInformation.alertInformationBody.validityTimePeriod.end",0,1,"",""
"SEEHDSLMAlertInformation.alertInformation.alertInformationBody.alertInformationComment","SEEHDSLMAlertInformation.alertInformation.alertInformationBody.alertInformationComment","","","",0,1,"","","","string {[]} {[]}
","Kommentar","Kommentar av ansvarig hälso- och sjukvårdspersonal angående uppmärksamhetssignalen.
Vid läkemedelsöverkänslighet kan kommentaren avse anamnes, reaktionsbeskrivning, möjliga agens.
Kardinalitet: Valfri.","","","","","","","","","",,,,,"",,,,"SEEHDSLMAlertInformation.alertInformation.alertInformationBody.alertInformationComment",0,1,"",""
"SEEHDSLMAlertInformation.alertInformation.alertInformationBody.obsoleteTime","SEEHDSLMAlertInformation.alertInformation.alertInformationBody.obsoleteTime","","","",0,1,"","","","dateTime {[]} {[]}
","Tidpunkt för inaktivering","Tidpunkt då uppmärksamhetssignalen registrerades som inaktuell i det lokala systemet.
Kardinalitet: Valfri.","","","","","","","","","",,,,,"",,,,"SEEHDSLMAlertInformation.alertInformation.alertInformationBody.obsoleteTime",0,1,"",""
"SEEHDSLMAlertInformation.alertInformation.alertInformationBody.obsoleteComment","SEEHDSLMAlertInformation.alertInformation.alertInformationBody.obsoleteComment","","","",0,1,"","","","string {[]} {[]}
","Kommentar till inaktivering","Information om varför uppmärksamhetssignalen gjorts inaktuell.
Kardinalitet: Valfri.","","","","","","","","","",,,,,"",,,,"SEEHDSLMAlertInformation.alertInformation.alertInformationBody.obsoleteComment",0,1,"",""
"SEEHDSLMAlertInformation.alertInformation.alertInformationBody.hypersensitivity","SEEHDSLMAlertInformation.alertInformation.alertInformationBody.hypersensitivity","","","",0,1,"","","","BackboneElement {[]} {[]}
","Överkänslighet (HyperSensitivityType)","XOR med seriousDisease, treatment, communicableDisease, restrictionOfCare, unstructuredAlertInformation.
Kardinalitet: Valfri.","","","","","","","","","",,,,,"",,,,"SEEHDSLMAlertInformation.alertInformation.alertInformationBody.hypersensitivity",0,1,"","ele-1:All FHIR elements must have a @value or children {hasValue() or (children().count() > id.count())}
"
"SEEHDSLMAlertInformation.alertInformation.alertInformationBody.hypersensitivity.id","SEEHDSLMAlertInformation.alertInformation.alertInformationBody.hypersensitivity.id","","","",0,1,"","","","string {[]} {[]}
","Unique id for inter-element referencing","Unique id for the element within a resource (for internal references). This may be any string value that does not contain spaces.","","","","","","","","","",,,,,"",,,,"Element.id",0,1,"",""
"SEEHDSLMAlertInformation.alertInformation.alertInformationBody.hypersensitivity.extension","SEEHDSLMAlertInformation.alertInformation.alertInformationBody.hypersensitivity.extension","","extensions
user content","",0,*,"","","","Extension {[]} {[]}
","Additional content defined by implementations","May be used to represent additional information that is not part of the basic definition of the element. To make the use of extensions safe and manageable, there is a strict set of governance  applied to the definition and use of extensions. Though any implementer can define an extension, there is a set of requirements that SHALL be met as part of the definition of the extension.","There can be no stigma associated with the use of extensions by any application, project, or standard - regardless of the institution or jurisdiction that uses or defines the extensions.  The use of extensions is what allows the FHIR specification to retain a core level of simplicity for everyone.","","","","","","","","",,,,,"","value:url}
","Extensions are always sliced by (at least) url",,"open","Element.extension",0,*,"","ele-1:All FHIR elements must have a @value or children {hasValue() or (children().count() > id.count())}
ext-1:Must have either extensions or value[x], not both {extension.exists() != value.exists()}"
"SEEHDSLMAlertInformation.alertInformation.alertInformationBody.hypersensitivity.modifierExtension","SEEHDSLMAlertInformation.alertInformation.alertInformationBody.hypersensitivity.modifierExtension","","extensions
user contentmodifiers","",0,*,"","Y","Y","Extension {[]} {[]}
","Extensions that cannot be ignored even if unrecognized","May be used to represent additional information that is not part of the basic definition of the element and that modifies the understanding of the element in which it is contained and/or the understanding of the containing element's descendants. Usually modifier elements provide negation or qualification. To make the use of extensions safe and manageable, there is a strict set of governance applied to the definition and use of extensions. Though any implementer can define an extension, there is a set of requirements that SHALL be met as part of the definition of the extension. Applications processing a resource are required to check for modifier extensions.

Modifier extensions SHALL NOT change the meaning of any elements on Resource or DomainResource (including cannot change the meaning of modifierExtension itself).","There can be no stigma associated with the use of extensions by any application, project, or standard - regardless of the institution or jurisdiction that uses or defines the extensions.  The use of extensions is what allows the FHIR specification to retain a core level of simplicity for everyone.","Modifier extensions allow for extensions that *cannot* be safely ignored to be clearly distinguished from the vast majority of extensions which can be safely ignored.  This promotes interoperability by eliminating the need for implementers to prohibit the presence of extensions. For further information, see the [definition of modifier extensions](http://hl7.org/fhir/R4/extensibility.html#modifierExtension).","","","","","","","",,,,,"",,,,"BackboneElement.modifierExtension",0,*,"","ele-1:All FHIR elements must have a @value or children {hasValue() or (children().count() > id.count())}
ext-1:Must have either extensions or value[x], not both {extension.exists() != value.exists()}"
"SEEHDSLMAlertInformation.alertInformation.alertInformationBody.hypersensitivity.typeOfHypersensitivity","SEEHDSLMAlertInformation.alertInformation.alertInformationBody.hypersensitivity.typeOfHypersensitivity","","","",0,1,"","","","CodeableConcept {[]} {[]}
","Typ av överkänslighet (CVType)","Precisering av överkänslighetstyp (ICD10/SNOMED).
T.ex. läkemedelsöverkänslighet, överkänslighet mot födoämne, djur, växt eller kemikalie.
Kardinalitet: Valfri.","","","","","","","","","",,,,,"",,,,"SEEHDSLMAlertInformation.alertInformation.alertInformationBody.hypersensitivity.typeOfHypersensitivity",0,1,"",""
"SEEHDSLMAlertInformation.alertInformation.alertInformationBody.hypersensitivity.degreeOfSeverity","SEEHDSLMAlertInformation.alertInformation.alertInformationBody.hypersensitivity.degreeOfSeverity","","","",0,1,"","","","CodeableConcept {[]} {[]}
","Allvarlighetsgrad (CVType)","Bedömning av överkänslighetens allvarlighet. KV Allvarlighetsgrad (1.2.752.129.2.2.3.3).
Kardinalitet: Valfri.","","","","","","","","","",,,,,"",,,,"SEEHDSLMAlertInformation.alertInformation.alertInformationBody.hypersensitivity.degreeOfSeverity",0,1,"",""
"SEEHDSLMAlertInformation.alertInformation.alertInformationBody.hypersensitivity.degreeOfCertainty","SEEHDSLMAlertInformation.alertInformation.alertInformationBody.hypersensitivity.degreeOfCertainty","","","",0,1,"","","","CodeableConcept {[]} {[]}
","Visshet (CVType)","Visshetsgrad för överkänsligheten. KV Visshetsgrad (1.2.752.129.2.2.3.11).
Kardinalitet: Valfri.","","","","","","","","","",,,,,"",,,,"SEEHDSLMAlertInformation.alertInformation.alertInformationBody.hypersensitivity.degreeOfCertainty",0,1,"",""
"SEEHDSLMAlertInformation.alertInformation.alertInformationBody.hypersensitivity.pharmaceuticalHypersensitivity","SEEHDSLMAlertInformation.alertInformation.alertInformationBody.hypersensitivity.pharmaceuticalHypersensitivity","","","",0,1,"","","","BackboneElement {[]} {[]}
","Läkemedelsöverkänslighet (PharmaceuticalHypersensitivityType)","Mer detaljerad information om läkemedelsöverkänslighet.
Kardinalitet: Valfri.","","","","","","","","","",,,,,"",,,,"SEEHDSLMAlertInformation.alertInformation.alertInformationBody.hypersensitivity.pharmaceuticalHypersensitivity",0,1,"","ele-1:All FHIR elements must have a @value or children {hasValue() or (children().count() > id.count())}
"
"SEEHDSLMAlertInformation.alertInformation.alertInformationBody.hypersensitivity.pharmaceuticalHypersensitivity.id","SEEHDSLMAlertInformation.alertInformation.alertInformationBody.hypersensitivity.pharmaceuticalHypersensitivity.id","","","",0,1,"","","","string {[]} {[]}
","Unique id for inter-element referencing","Unique id for the element within a resource (for internal references). This may be any string value that does not contain spaces.","","","","","","","","","",,,,,"",,,,"Element.id",0,1,"",""
"SEEHDSLMAlertInformation.alertInformation.alertInformationBody.hypersensitivity.pharmaceuticalHypersensitivity.extension","SEEHDSLMAlertInformation.alertInformation.alertInformationBody.hypersensitivity.pharmaceuticalHypersensitivity.extension","","extensions
user content","",0,*,"","","","Extension {[]} {[]}
","Additional content defined by implementations","May be used to represent additional information that is not part of the basic definition of the element. To make the use of extensions safe and manageable, there is a strict set of governance  applied to the definition and use of extensions. Though any implementer can define an extension, there is a set of requirements that SHALL be met as part of the definition of the extension.","There can be no stigma associated with the use of extensions by any application, project, or standard - regardless of the institution or jurisdiction that uses or defines the extensions.  The use of extensions is what allows the FHIR specification to retain a core level of simplicity for everyone.","","","","","","","","",,,,,"","value:url}
","Extensions are always sliced by (at least) url",,"open","Element.extension",0,*,"","ele-1:All FHIR elements must have a @value or children {hasValue() or (children().count() > id.count())}
ext-1:Must have either extensions or value[x], not both {extension.exists() != value.exists()}"
"SEEHDSLMAlertInformation.alertInformation.alertInformationBody.hypersensitivity.pharmaceuticalHypersensitivity.modifierExtension","SEEHDSLMAlertInformation.alertInformation.alertInformationBody.hypersensitivity.pharmaceuticalHypersensitivity.modifierExtension","","extensions
user contentmodifiers","",0,*,"","Y","Y","Extension {[]} {[]}
","Extensions that cannot be ignored even if unrecognized","May be used to represent additional information that is not part of the basic definition of the element and that modifies the understanding of the element in which it is contained and/or the understanding of the containing element's descendants. Usually modifier elements provide negation or qualification. To make the use of extensions safe and manageable, there is a strict set of governance applied to the definition and use of extensions. Though any implementer can define an extension, there is a set of requirements that SHALL be met as part of the definition of the extension. Applications processing a resource are required to check for modifier extensions.

Modifier extensions SHALL NOT change the meaning of any elements on Resource or DomainResource (including cannot change the meaning of modifierExtension itself).","There can be no stigma associated with the use of extensions by any application, project, or standard - regardless of the institution or jurisdiction that uses or defines the extensions.  The use of extensions is what allows the FHIR specification to retain a core level of simplicity for everyone.","Modifier extensions allow for extensions that *cannot* be safely ignored to be clearly distinguished from the vast majority of extensions which can be safely ignored.  This promotes interoperability by eliminating the need for implementers to prohibit the presence of extensions. For further information, see the [definition of modifier extensions](http://hl7.org/fhir/R4/extensibility.html#modifierExtension).","","","","","","","",,,,,"",,,,"BackboneElement.modifierExtension",0,*,"","ele-1:All FHIR elements must have a @value or children {hasValue() or (children().count() > id.count())}
ext-1:Must have either extensions or value[x], not both {extension.exists() != value.exists()}"
"SEEHDSLMAlertInformation.alertInformation.alertInformationBody.hypersensitivity.pharmaceuticalHypersensitivity.atcSubstance","SEEHDSLMAlertInformation.alertInformation.alertInformationBody.hypersensitivity.pharmaceuticalHypersensitivity.atcSubstance","","","",0,1,"","","","CodeableConcept {[]} {[]}
","ATC-substans (CVType)","Substans eller grupp av substanser som kan orsaka överkänslighetsreaktion.
ATC-kod på minst treställig nivå ska anges vid livshotande/skadande allvarlighetsgrad.
OID: 1.2.752.129.2.2.3.1.1.
Kardinalitet: Valfri (villkorlig, se TKB).
CVType-begränsningar (TKB): codeSystem är fast 1.2.752.129.2.2.3.1.1 (ATC).
codeSystemName, codeSystemVersion och originalText är 0..0 (får ej anges).
code och displayName är 1..1 (obligatoriska) när atcSubstance anges.","","","","","","","","","",,,,,"",,,,"SEEHDSLMAlertInformation.alertInformation.alertInformationBody.hypersensitivity.pharmaceuticalHypersensitivity.atcSubstance",0,1,"",""
"SEEHDSLMAlertInformation.alertInformation.alertInformationBody.hypersensitivity.pharmaceuticalHypersensitivity.nonATCSubstance","SEEHDSLMAlertInformation.alertInformation.alertInformationBody.hypersensitivity.pharmaceuticalHypersensitivity.nonATCSubstance","","","",0,1,"","","","string {[]} {[]}
","Substans utan ATC-kod","Benämning på aktiv substans utan ATC-kod.
Ska anges om atcSubstance saknas.
Kardinalitet: Valfri.
Villkor (TKB): nonATCSubstance och nonATCSubstanceComment ska BÅDA anges om atcSubstance saknas.","","","","","","","","","",,,,,"",,,,"SEEHDSLMAlertInformation.alertInformation.alertInformationBody.hypersensitivity.pharmaceuticalHypersensitivity.nonATCSubstance",0,1,"",""
"SEEHDSLMAlertInformation.alertInformation.alertInformationBody.hypersensitivity.pharmaceuticalHypersensitivity.nonATCSubstanceComment","SEEHDSLMAlertInformation.alertInformation.alertInformationBody.hypersensitivity.pharmaceuticalHypersensitivity.nonATCSubstanceComment","","","",0,1,"","","","string {[]} {[]}
","Kommentar till avsaknad ATC-kod","Förklaring till varför ATC-kod inte används.
Ska anges om atcSubstance saknas.
Kardinalitet: Valfri.
Villkor (TKB): Ska anges om atcSubstance saknas (tillsammans med nonATCSubstance).","","","","","","","","","",,,,,"",,,,"SEEHDSLMAlertInformation.alertInformation.alertInformationBody.hypersensitivity.pharmaceuticalHypersensitivity.nonATCSubstanceComment",0,1,"",""
"SEEHDSLMAlertInformation.alertInformation.alertInformationBody.hypersensitivity.pharmaceuticalHypersensitivity.pharmaceuticalProductId","SEEHDSLMAlertInformation.alertInformation.alertInformationBody.hypersensitivity.pharmaceuticalHypersensitivity.pharmaceuticalProductId","","","",0,*,"","","","CodeableConcept {[]} {[]}
","Läkemedelsprodukt-id (CVType)","Identifierare för läkemedelsprodukt som kan orsaka överkänslighet. NPL-id (1.2.752.129.2.1.5.1).
Kardinalitet: Valfri, lista.","","","","","","","","","",,,,,"",,,,"SEEHDSLMAlertInformation.alertInformation.alertInformationBody.hypersensitivity.pharmaceuticalHypersensitivity.pharmaceuticalProductId",0,*,"",""
"SEEHDSLMAlertInformation.alertInformation.alertInformationBody.hypersensitivity.otherHypersensitivity","SEEHDSLMAlertInformation.alertInformation.alertInformationBody.hypersensitivity.otherHypersensitivity","","","",0,1,"","","","BackboneElement {[]} {[]}
","Annan överkänslighet (OtherHypersensitivityType)","Mer detaljerad information om överkänslighet som ej är läkemedelsöverkänslighet.
Kardinalitet: Valfri.","","","","","","","","","",,,,,"",,,,"SEEHDSLMAlertInformation.alertInformation.alertInformationBody.hypersensitivity.otherHypersensitivity",0,1,"","ele-1:All FHIR elements must have a @value or children {hasValue() or (children().count() > id.count())}
"
"SEEHDSLMAlertInformation.alertInformation.alertInformationBody.hypersensitivity.otherHypersensitivity.id","SEEHDSLMAlertInformation.alertInformation.alertInformationBody.hypersensitivity.otherHypersensitivity.id","","","",0,1,"","","","string {[]} {[]}
","Unique id for inter-element referencing","Unique id for the element within a resource (for internal references). This may be any string value that does not contain spaces.","","","","","","","","","",,,,,"",,,,"Element.id",0,1,"",""
"SEEHDSLMAlertInformation.alertInformation.alertInformationBody.hypersensitivity.otherHypersensitivity.extension","SEEHDSLMAlertInformation.alertInformation.alertInformationBody.hypersensitivity.otherHypersensitivity.extension","","extensions
user content","",0,*,"","","","Extension {[]} {[]}
","Additional content defined by implementations","May be used to represent additional information that is not part of the basic definition of the element. To make the use of extensions safe and manageable, there is a strict set of governance  applied to the definition and use of extensions. Though any implementer can define an extension, there is a set of requirements that SHALL be met as part of the definition of the extension.","There can be no stigma associated with the use of extensions by any application, project, or standard - regardless of the institution or jurisdiction that uses or defines the extensions.  The use of extensions is what allows the FHIR specification to retain a core level of simplicity for everyone.","","","","","","","","",,,,,"","value:url}
","Extensions are always sliced by (at least) url",,"open","Element.extension",0,*,"","ele-1:All FHIR elements must have a @value or children {hasValue() or (children().count() > id.count())}
ext-1:Must have either extensions or value[x], not both {extension.exists() != value.exists()}"
"SEEHDSLMAlertInformation.alertInformation.alertInformationBody.hypersensitivity.otherHypersensitivity.modifierExtension","SEEHDSLMAlertInformation.alertInformation.alertInformationBody.hypersensitivity.otherHypersensitivity.modifierExtension","","extensions
user contentmodifiers","",0,*,"","Y","Y","Extension {[]} {[]}
","Extensions that cannot be ignored even if unrecognized","May be used to represent additional information that is not part of the basic definition of the element and that modifies the understanding of the element in which it is contained and/or the understanding of the containing element's descendants. Usually modifier elements provide negation or qualification. To make the use of extensions safe and manageable, there is a strict set of governance applied to the definition and use of extensions. Though any implementer can define an extension, there is a set of requirements that SHALL be met as part of the definition of the extension. Applications processing a resource are required to check for modifier extensions.

Modifier extensions SHALL NOT change the meaning of any elements on Resource or DomainResource (including cannot change the meaning of modifierExtension itself).","There can be no stigma associated with the use of extensions by any application, project, or standard - regardless of the institution or jurisdiction that uses or defines the extensions.  The use of extensions is what allows the FHIR specification to retain a core level of simplicity for everyone.","Modifier extensions allow for extensions that *cannot* be safely ignored to be clearly distinguished from the vast majority of extensions which can be safely ignored.  This promotes interoperability by eliminating the need for implementers to prohibit the presence of extensions. For further information, see the [definition of modifier extensions](http://hl7.org/fhir/R4/extensibility.html#modifierExtension).","","","","","","","",,,,,"",,,,"BackboneElement.modifierExtension",0,*,"","ele-1:All FHIR elements must have a @value or children {hasValue() or (children().count() > id.count())}
ext-1:Must have either extensions or value[x], not both {extension.exists() != value.exists()}"
"SEEHDSLMAlertInformation.alertInformation.alertInformationBody.hypersensitivity.otherHypersensitivity.hypersensitivityAgent","SEEHDSLMAlertInformation.alertInformation.alertInformationBody.hypersensitivity.otherHypersensitivity.hypersensitivityAgent","","","",0,1,"","","","string {[]} {[]}
","Agens","Text som beskriver det agens som bedöms kunna orsaka överkänslighetsreaktion.
Kardinalitet: Valfri.","","","","","","","","","",,,,,"",,,,"SEEHDSLMAlertInformation.alertInformation.alertInformationBody.hypersensitivity.otherHypersensitivity.hypersensitivityAgent",0,1,"",""
"SEEHDSLMAlertInformation.alertInformation.alertInformationBody.hypersensitivity.otherHypersensitivity.hypersensitivityAgentCode","SEEHDSLMAlertInformation.alertInformation.alertInformationBody.hypersensitivity.otherHypersensitivity.hypersensitivityAgentCode","","","",0,1,"","","","CodeableConcept {[]} {[]}
","Agenskod (CVType)","Kod för det agens som bedöms kunna orsaka överkänslighetsreaktion.
T.ex. LMK-kod (foderkänslighet) eller CAS-kod (kemikalie).
Kardinalitet: Valfri.","","","","","","","","","",,,,,"",,,,"SEEHDSLMAlertInformation.alertInformation.alertInformationBody.hypersensitivity.otherHypersensitivity.hypersensitivityAgentCode",0,1,"",""
"SEEHDSLMAlertInformation.alertInformation.alertInformationBody.seriousDisease","SEEHDSLMAlertInformation.alertInformation.alertInformationBody.seriousDisease","","","",0,1,"","","","BackboneElement {[]} {[]}
","Allvarlig sjukdom (SeriousDiseaseType)","XOR med hypersensitivity, treatment, communicableDisease, restrictionOfCare, unstructuredAlertInformation.
Kardinalitet: Valfri.","","","","","","","","","",,,,,"",,,,"SEEHDSLMAlertInformation.alertInformation.alertInformationBody.seriousDisease",0,1,"","ele-1:All FHIR elements must have a @value or children {hasValue() or (children().count() > id.count())}
"
"SEEHDSLMAlertInformation.alertInformation.alertInformationBody.seriousDisease.id","SEEHDSLMAlertInformation.alertInformation.alertInformationBody.seriousDisease.id","","","",0,1,"","","","string {[]} {[]}
","Unique id for inter-element referencing","Unique id for the element within a resource (for internal references). This may be any string value that does not contain spaces.","","","","","","","","","",,,,,"",,,,"Element.id",0,1,"",""
"SEEHDSLMAlertInformation.alertInformation.alertInformationBody.seriousDisease.extension","SEEHDSLMAlertInformation.alertInformation.alertInformationBody.seriousDisease.extension","","extensions
user content","",0,*,"","","","Extension {[]} {[]}
","Additional content defined by implementations","May be used to represent additional information that is not part of the basic definition of the element. To make the use of extensions safe and manageable, there is a strict set of governance  applied to the definition and use of extensions. Though any implementer can define an extension, there is a set of requirements that SHALL be met as part of the definition of the extension.","There can be no stigma associated with the use of extensions by any application, project, or standard - regardless of the institution or jurisdiction that uses or defines the extensions.  The use of extensions is what allows the FHIR specification to retain a core level of simplicity for everyone.","","","","","","","","",,,,,"","value:url}
","Extensions are always sliced by (at least) url",,"open","Element.extension",0,*,"","ele-1:All FHIR elements must have a @value or children {hasValue() or (children().count() > id.count())}
ext-1:Must have either extensions or value[x], not both {extension.exists() != value.exists()}"
"SEEHDSLMAlertInformation.alertInformation.alertInformationBody.seriousDisease.modifierExtension","SEEHDSLMAlertInformation.alertInformation.alertInformationBody.seriousDisease.modifierExtension","","extensions
user contentmodifiers","",0,*,"","Y","Y","Extension {[]} {[]}
","Extensions that cannot be ignored even if unrecognized","May be used to represent additional information that is not part of the basic definition of the element and that modifies the understanding of the element in which it is contained and/or the understanding of the containing element's descendants. Usually modifier elements provide negation or qualification. To make the use of extensions safe and manageable, there is a strict set of governance applied to the definition and use of extensions. Though any implementer can define an extension, there is a set of requirements that SHALL be met as part of the definition of the extension. Applications processing a resource are required to check for modifier extensions.

Modifier extensions SHALL NOT change the meaning of any elements on Resource or DomainResource (including cannot change the meaning of modifierExtension itself).","There can be no stigma associated with the use of extensions by any application, project, or standard - regardless of the institution or jurisdiction that uses or defines the extensions.  The use of extensions is what allows the FHIR specification to retain a core level of simplicity for everyone.","Modifier extensions allow for extensions that *cannot* be safely ignored to be clearly distinguished from the vast majority of extensions which can be safely ignored.  This promotes interoperability by eliminating the need for implementers to prohibit the presence of extensions. For further information, see the [definition of modifier extensions](http://hl7.org/fhir/R4/extensibility.html#modifierExtension).","","","","","","","",,,,,"",,,,"BackboneElement.modifierExtension",0,*,"","ele-1:All FHIR elements must have a @value or children {hasValue() or (children().count() > id.count())}
ext-1:Must have either extensions or value[x], not both {extension.exists() != value.exists()}"
"SEEHDSLMAlertInformation.alertInformation.alertInformationBody.seriousDisease.disease","SEEHDSLMAlertInformation.alertInformation.alertInformationBody.seriousDisease.disease","","","",1,1,"","","","CodeableConcept {[]} {[]}
","Sjukdomskod (CVType)","Allvarlig sjukdom som patienten har. ICD10/SNOMED rekommenderas.
Kardinalitet: Obligatorisk.","","","","","","","","","",,,,,"",,,,"SEEHDSLMAlertInformation.alertInformation.alertInformationBody.seriousDisease.disease",1,1,"",""
"SEEHDSLMAlertInformation.alertInformation.alertInformationBody.treatment","SEEHDSLMAlertInformation.alertInformation.alertInformationBody.treatment","","","",0,1,"","","","BackboneElement {[]} {[]}
","Behandling (TreatmentType)","XOR med hypersensitivity, seriousDisease, communicableDisease, restrictionOfCare, unstructuredAlertInformation.
Kardinalitet: Valfri.","","","","","","","","","",,,,,"",,,,"SEEHDSLMAlertInformation.alertInformation.alertInformationBody.treatment",0,1,"","ele-1:All FHIR elements must have a @value or children {hasValue() or (children().count() > id.count())}
"
"SEEHDSLMAlertInformation.alertInformation.alertInformationBody.treatment.id","SEEHDSLMAlertInformation.alertInformation.alertInformationBody.treatment.id","","","",0,1,"","","","string {[]} {[]}
","Unique id for inter-element referencing","Unique id for the element within a resource (for internal references). This may be any string value that does not contain spaces.","","","","","","","","","",,,,,"",,,,"Element.id",0,1,"",""
"SEEHDSLMAlertInformation.alertInformation.alertInformationBody.treatment.extension","SEEHDSLMAlertInformation.alertInformation.alertInformationBody.treatment.extension","","extensions
user content","",0,*,"","","","Extension {[]} {[]}
","Additional content defined by implementations","May be used to represent additional information that is not part of the basic definition of the element. To make the use of extensions safe and manageable, there is a strict set of governance  applied to the definition and use of extensions. Though any implementer can define an extension, there is a set of requirements that SHALL be met as part of the definition of the extension.","There can be no stigma associated with the use of extensions by any application, project, or standard - regardless of the institution or jurisdiction that uses or defines the extensions.  The use of extensions is what allows the FHIR specification to retain a core level of simplicity for everyone.","","","","","","","","",,,,,"","value:url}
","Extensions are always sliced by (at least) url",,"open","Element.extension",0,*,"","ele-1:All FHIR elements must have a @value or children {hasValue() or (children().count() > id.count())}
ext-1:Must have either extensions or value[x], not both {extension.exists() != value.exists()}"
"SEEHDSLMAlertInformation.alertInformation.alertInformationBody.treatment.modifierExtension","SEEHDSLMAlertInformation.alertInformation.alertInformationBody.treatment.modifierExtension","","extensions
user contentmodifiers","",0,*,"","Y","Y","Extension {[]} {[]}
","Extensions that cannot be ignored even if unrecognized","May be used to represent additional information that is not part of the basic definition of the element and that modifies the understanding of the element in which it is contained and/or the understanding of the containing element's descendants. Usually modifier elements provide negation or qualification. To make the use of extensions safe and manageable, there is a strict set of governance applied to the definition and use of extensions. Though any implementer can define an extension, there is a set of requirements that SHALL be met as part of the definition of the extension. Applications processing a resource are required to check for modifier extensions.

Modifier extensions SHALL NOT change the meaning of any elements on Resource or DomainResource (including cannot change the meaning of modifierExtension itself).","There can be no stigma associated with the use of extensions by any application, project, or standard - regardless of the institution or jurisdiction that uses or defines the extensions.  The use of extensions is what allows the FHIR specification to retain a core level of simplicity for everyone.","Modifier extensions allow for extensions that *cannot* be safely ignored to be clearly distinguished from the vast majority of extensions which can be safely ignored.  This promotes interoperability by eliminating the need for implementers to prohibit the presence of extensions. For further information, see the [definition of modifier extensions](http://hl7.org/fhir/R4/extensibility.html#modifierExtension).","","","","","","","",,,,,"",,,,"BackboneElement.modifierExtension",0,*,"","ele-1:All FHIR elements must have a @value or children {hasValue() or (children().count() > id.count())}
ext-1:Must have either extensions or value[x], not both {extension.exists() != value.exists()}"
"SEEHDSLMAlertInformation.alertInformation.alertInformationBody.treatment.treatmentDescription","SEEHDSLMAlertInformation.alertInformation.alertInformationBody.treatment.treatmentDescription","","","",1,1,"","","","string {[]} {[]}
","Behandlingsbeskrivning","Beskrivning av allvarlig behandling som patienten genomgår.
Kardinalitet: Obligatorisk.","","","","","","","","","",,,,,"",,,,"SEEHDSLMAlertInformation.alertInformation.alertInformationBody.treatment.treatmentDescription",1,1,"",""
"SEEHDSLMAlertInformation.alertInformation.alertInformationBody.treatment.treatmentCode","SEEHDSLMAlertInformation.alertInformation.alertInformationBody.treatment.treatmentCode","","","",0,1,"","","","CodeableConcept {[]} {[]}
","Behandlingskod (CVType)","Preciserad uppgift om behandlingen. KVÅ-kod (1.2.752.116.1.3.2.1.4) rekommenderas.
Kardinalitet: Valfri.","","","","","","","","","",,,,,"",,,,"SEEHDSLMAlertInformation.alertInformation.alertInformationBody.treatment.treatmentCode",0,1,"",""
"SEEHDSLMAlertInformation.alertInformation.alertInformationBody.treatment.pharmaceuticalTreatment","SEEHDSLMAlertInformation.alertInformation.alertInformationBody.treatment.pharmaceuticalTreatment","","","",0,*,"","","","CodeableConcept {[]} {[]}
","Läkemedel vid behandling (CVType)","Läkemedel som används vid uppmärksammad behandling. ATC-kod (1.2.752.129.2.2.3.1.1) rekommenderas.
Kardinalitet: Valfri, lista.","","","","","","","","","",,,,,"",,,,"SEEHDSLMAlertInformation.alertInformation.alertInformationBody.treatment.pharmaceuticalTreatment",0,*,"",""
"SEEHDSLMAlertInformation.alertInformation.alertInformationBody.communicableDisease","SEEHDSLMAlertInformation.alertInformation.alertInformationBody.communicableDisease","","","",0,1,"","","","BackboneElement {[]} {[]}
","Smittsam sjukdom (CommunicableDiseaseType)","XOR med hypersensitivity, seriousDisease, treatment, restrictionOfCare, unstructuredAlertInformation.
Kardinalitet: Valfri.","","","","","","","","","",,,,,"",,,,"SEEHDSLMAlertInformation.alertInformation.alertInformationBody.communicableDisease",0,1,"","ele-1:All FHIR elements must have a @value or children {hasValue() or (children().count() > id.count())}
"
"SEEHDSLMAlertInformation.alertInformation.alertInformationBody.communicableDisease.id","SEEHDSLMAlertInformation.alertInformation.alertInformationBody.communicableDisease.id","","","",0,1,"","","","string {[]} {[]}
","Unique id for inter-element referencing","Unique id for the element within a resource (for internal references). This may be any string value that does not contain spaces.","","","","","","","","","",,,,,"",,,,"Element.id",0,1,"",""
"SEEHDSLMAlertInformation.alertInformation.alertInformationBody.communicableDisease.extension","SEEHDSLMAlertInformation.alertInformation.alertInformationBody.communicableDisease.extension","","extensions
user content","",0,*,"","","","Extension {[]} {[]}
","Additional content defined by implementations","May be used to represent additional information that is not part of the basic definition of the element. To make the use of extensions safe and manageable, there is a strict set of governance  applied to the definition and use of extensions. Though any implementer can define an extension, there is a set of requirements that SHALL be met as part of the definition of the extension.","There can be no stigma associated with the use of extensions by any application, project, or standard - regardless of the institution or jurisdiction that uses or defines the extensions.  The use of extensions is what allows the FHIR specification to retain a core level of simplicity for everyone.","","","","","","","","",,,,,"","value:url}
","Extensions are always sliced by (at least) url",,"open","Element.extension",0,*,"","ele-1:All FHIR elements must have a @value or children {hasValue() or (children().count() > id.count())}
ext-1:Must have either extensions or value[x], not both {extension.exists() != value.exists()}"
"SEEHDSLMAlertInformation.alertInformation.alertInformationBody.communicableDisease.modifierExtension","SEEHDSLMAlertInformation.alertInformation.alertInformationBody.communicableDisease.modifierExtension","","extensions
user contentmodifiers","",0,*,"","Y","Y","Extension {[]} {[]}
","Extensions that cannot be ignored even if unrecognized","May be used to represent additional information that is not part of the basic definition of the element and that modifies the understanding of the element in which it is contained and/or the understanding of the containing element's descendants. Usually modifier elements provide negation or qualification. To make the use of extensions safe and manageable, there is a strict set of governance applied to the definition and use of extensions. Though any implementer can define an extension, there is a set of requirements that SHALL be met as part of the definition of the extension. Applications processing a resource are required to check for modifier extensions.

Modifier extensions SHALL NOT change the meaning of any elements on Resource or DomainResource (including cannot change the meaning of modifierExtension itself).","There can be no stigma associated with the use of extensions by any application, project, or standard - regardless of the institution or jurisdiction that uses or defines the extensions.  The use of extensions is what allows the FHIR specification to retain a core level of simplicity for everyone.","Modifier extensions allow for extensions that *cannot* be safely ignored to be clearly distinguished from the vast majority of extensions which can be safely ignored.  This promotes interoperability by eliminating the need for implementers to prohibit the presence of extensions. For further information, see the [definition of modifier extensions](http://hl7.org/fhir/R4/extensibility.html#modifierExtension).","","","","","","","",,,,,"",,,,"BackboneElement.modifierExtension",0,*,"","ele-1:All FHIR elements must have a @value or children {hasValue() or (children().count() > id.count())}
ext-1:Must have either extensions or value[x], not both {extension.exists() != value.exists()}"
"SEEHDSLMAlertInformation.alertInformation.alertInformationBody.communicableDisease.communicableDiseaseCode","SEEHDSLMAlertInformation.alertInformation.alertInformationBody.communicableDisease.communicableDiseaseCode","","","",1,1,"","","","CodeableConcept {[]} {[]}
","Smittsam sjukdomskod (CVType)","Kod för smittsam sjukdom. ICD10 rekommenderas.
Kardinalitet: Obligatorisk.","","","","","","","","","",,,,,"",,,,"SEEHDSLMAlertInformation.alertInformation.alertInformationBody.communicableDisease.communicableDiseaseCode",1,1,"",""
"SEEHDSLMAlertInformation.alertInformation.alertInformationBody.communicableDisease.routeOfTransmission","SEEHDSLMAlertInformation.alertInformation.alertInformationBody.communicableDisease.routeOfTransmission","","","",0,1,"","","","CodeableConcept {[]} {[]}
","Smittväg (CVType)","Kod för hur sjukdomen smittar. KV Smittväg.
Kardinalitet: Valfri.","","","","","","","","","",,,,,"",,,,"SEEHDSLMAlertInformation.alertInformation.alertInformationBody.communicableDisease.routeOfTransmission",0,1,"",""
"SEEHDSLMAlertInformation.alertInformation.alertInformationBody.restrictionOfCare","SEEHDSLMAlertInformation.alertInformation.alertInformationBody.restrictionOfCare","","","",0,1,"","","","BackboneElement {[]} {[]}
","Vårdbegränsning (RestrictionOfCareType)","XOR med hypersensitivity, seriousDisease, treatment, communicableDisease, unstructuredAlertInformation.
Kardinalitet: Valfri.","","","","","","","","","",,,,,"",,,,"SEEHDSLMAlertInformation.alertInformation.alertInformationBody.restrictionOfCare",0,1,"","ele-1:All FHIR elements must have a @value or children {hasValue() or (children().count() > id.count())}
"
"SEEHDSLMAlertInformation.alertInformation.alertInformationBody.restrictionOfCare.id","SEEHDSLMAlertInformation.alertInformation.alertInformationBody.restrictionOfCare.id","","","",0,1,"","","","string {[]} {[]}
","Unique id for inter-element referencing","Unique id for the element within a resource (for internal references). This may be any string value that does not contain spaces.","","","","","","","","","",,,,,"",,,,"Element.id",0,1,"",""
"SEEHDSLMAlertInformation.alertInformation.alertInformationBody.restrictionOfCare.extension","SEEHDSLMAlertInformation.alertInformation.alertInformationBody.restrictionOfCare.extension","","extensions
user content","",0,*,"","","","Extension {[]} {[]}
","Additional content defined by implementations","May be used to represent additional information that is not part of the basic definition of the element. To make the use of extensions safe and manageable, there is a strict set of governance  applied to the definition and use of extensions. Though any implementer can define an extension, there is a set of requirements that SHALL be met as part of the definition of the extension.","There can be no stigma associated with the use of extensions by any application, project, or standard - regardless of the institution or jurisdiction that uses or defines the extensions.  The use of extensions is what allows the FHIR specification to retain a core level of simplicity for everyone.","","","","","","","","",,,,,"","value:url}
","Extensions are always sliced by (at least) url",,"open","Element.extension",0,*,"","ele-1:All FHIR elements must have a @value or children {hasValue() or (children().count() > id.count())}
ext-1:Must have either extensions or value[x], not both {extension.exists() != value.exists()}"
"SEEHDSLMAlertInformation.alertInformation.alertInformationBody.restrictionOfCare.modifierExtension","SEEHDSLMAlertInformation.alertInformation.alertInformationBody.restrictionOfCare.modifierExtension","","extensions
user contentmodifiers","",0,*,"","Y","Y","Extension {[]} {[]}
","Extensions that cannot be ignored even if unrecognized","May be used to represent additional information that is not part of the basic definition of the element and that modifies the understanding of the element in which it is contained and/or the understanding of the containing element's descendants. Usually modifier elements provide negation or qualification. To make the use of extensions safe and manageable, there is a strict set of governance applied to the definition and use of extensions. Though any implementer can define an extension, there is a set of requirements that SHALL be met as part of the definition of the extension. Applications processing a resource are required to check for modifier extensions.

Modifier extensions SHALL NOT change the meaning of any elements on Resource or DomainResource (including cannot change the meaning of modifierExtension itself).","There can be no stigma associated with the use of extensions by any application, project, or standard - regardless of the institution or jurisdiction that uses or defines the extensions.  The use of extensions is what allows the FHIR specification to retain a core level of simplicity for everyone.","Modifier extensions allow for extensions that *cannot* be safely ignored to be clearly distinguished from the vast majority of extensions which can be safely ignored.  This promotes interoperability by eliminating the need for implementers to prohibit the presence of extensions. For further information, see the [definition of modifier extensions](http://hl7.org/fhir/R4/extensibility.html#modifierExtension).","","","","","","","",,,,,"",,,,"BackboneElement.modifierExtension",0,*,"","ele-1:All FHIR elements must have a @value or children {hasValue() or (children().count() > id.count())}
ext-1:Must have either extensions or value[x], not both {extension.exists() != value.exists()}"
"SEEHDSLMAlertInformation.alertInformation.alertInformationBody.restrictionOfCare.restrictionOfCareComment","SEEHDSLMAlertInformation.alertInformation.alertInformationBody.restrictionOfCare.restrictionOfCareComment","","","",1,1,"","","","string {[]} {[]}
","Kommentar om vårdbegränsning","Information om uppmärksammat förhållande som inte avser överkänslighet, sjukdom eller behandling.
Kardinalitet: Obligatorisk.","","","","","","","","","",,,,,"",,,,"SEEHDSLMAlertInformation.alertInformation.alertInformationBody.restrictionOfCare.restrictionOfCareComment",1,1,"",""
"SEEHDSLMAlertInformation.alertInformation.alertInformationBody.unstructuredAlertInformation","SEEHDSLMAlertInformation.alertInformation.alertInformationBody.unstructuredAlertInformation","","","",0,1,"","","","BackboneElement {[]} {[]}
","Historisk varning (UnstructuredAlertInformationType)","XOR med hypersensitivity, seriousDisease, treatment, communicableDisease, restrictionOfCare.
Används för tidigare varningsinformation som inte följer NPÖ-strukturen.
Kardinalitet: Valfri.","","","","","","","","","",,,,,"",,,,"SEEHDSLMAlertInformation.alertInformation.alertInformationBody.unstructuredAlertInformation",0,1,"","ele-1:All FHIR elements must have a @value or children {hasValue() or (children().count() > id.count())}
"
"SEEHDSLMAlertInformation.alertInformation.alertInformationBody.unstructuredAlertInformation.id","SEEHDSLMAlertInformation.alertInformation.alertInformationBody.unstructuredAlertInformation.id","","","",0,1,"","","","string {[]} {[]}
","Unique id for inter-element referencing","Unique id for the element within a resource (for internal references). This may be any string value that does not contain spaces.","","","","","","","","","",,,,,"",,,,"Element.id",0,1,"",""
"SEEHDSLMAlertInformation.alertInformation.alertInformationBody.unstructuredAlertInformation.extension","SEEHDSLMAlertInformation.alertInformation.alertInformationBody.unstructuredAlertInformation.extension","","extensions
user content","",0,*,"","","","Extension {[]} {[]}
","Additional content defined by implementations","May be used to represent additional information that is not part of the basic definition of the element. To make the use of extensions safe and manageable, there is a strict set of governance  applied to the definition and use of extensions. Though any implementer can define an extension, there is a set of requirements that SHALL be met as part of the definition of the extension.","There can be no stigma associated with the use of extensions by any application, project, or standard - regardless of the institution or jurisdiction that uses or defines the extensions.  The use of extensions is what allows the FHIR specification to retain a core level of simplicity for everyone.","","","","","","","","",,,,,"","value:url}
","Extensions are always sliced by (at least) url",,"open","Element.extension",0,*,"","ele-1:All FHIR elements must have a @value or children {hasValue() or (children().count() > id.count())}
ext-1:Must have either extensions or value[x], not both {extension.exists() != value.exists()}"
"SEEHDSLMAlertInformation.alertInformation.alertInformationBody.unstructuredAlertInformation.modifierExtension","SEEHDSLMAlertInformation.alertInformation.alertInformationBody.unstructuredAlertInformation.modifierExtension","","extensions
user contentmodifiers","",0,*,"","Y","Y","Extension {[]} {[]}
","Extensions that cannot be ignored even if unrecognized","May be used to represent additional information that is not part of the basic definition of the element and that modifies the understanding of the element in which it is contained and/or the understanding of the containing element's descendants. Usually modifier elements provide negation or qualification. To make the use of extensions safe and manageable, there is a strict set of governance applied to the definition and use of extensions. Though any implementer can define an extension, there is a set of requirements that SHALL be met as part of the definition of the extension. Applications processing a resource are required to check for modifier extensions.

Modifier extensions SHALL NOT change the meaning of any elements on Resource or DomainResource (including cannot change the meaning of modifierExtension itself).","There can be no stigma associated with the use of extensions by any application, project, or standard - regardless of the institution or jurisdiction that uses or defines the extensions.  The use of extensions is what allows the FHIR specification to retain a core level of simplicity for everyone.","Modifier extensions allow for extensions that *cannot* be safely ignored to be clearly distinguished from the vast majority of extensions which can be safely ignored.  This promotes interoperability by eliminating the need for implementers to prohibit the presence of extensions. For further information, see the [definition of modifier extensions](http://hl7.org/fhir/R4/extensibility.html#modifierExtension).","","","","","","","",,,,,"",,,,"BackboneElement.modifierExtension",0,*,"","ele-1:All FHIR elements must have a @value or children {hasValue() or (children().count() > id.count())}
ext-1:Must have either extensions or value[x], not both {extension.exists() != value.exists()}"
"SEEHDSLMAlertInformation.alertInformation.alertInformationBody.unstructuredAlertInformation.unstructuredAlertInformationHeading","SEEHDSLMAlertInformation.alertInformation.alertInformationBody.unstructuredAlertInformation.unstructuredAlertInformationHeading","","","",1,1,"","","","string {[]} {[]}
","Rubrik för historisk varning","Beskrivande rubrik för tidigare utfärdad varning.
Kardinalitet: Obligatorisk.","","","","","","","","","",,,,,"",,,,"SEEHDSLMAlertInformation.alertInformation.alertInformationBody.unstructuredAlertInformation.unstructuredAlertInformationHeading",1,1,"",""
"SEEHDSLMAlertInformation.alertInformation.alertInformationBody.unstructuredAlertInformation.unstructuredAlertInformationContent","SEEHDSLMAlertInformation.alertInformation.alertInformationBody.unstructuredAlertInformation.unstructuredAlertInformationContent","","","",1,1,"","","","string {[]} {[]}
","Innehåll för historisk varning","Beskrivning av vad varningen gäller samt viss administrativ information.
Kardinalitet: Obligatorisk.","","","","","","","","","",,,,,"",,,,"SEEHDSLMAlertInformation.alertInformation.alertInformationBody.unstructuredAlertInformation.unstructuredAlertInformationContent",1,1,"",""
"SEEHDSLMAlertInformation.alertInformation.alertInformationBody.relatedAlertInformation","SEEHDSLMAlertInformation.alertInformation.alertInformationBody.relatedAlertInformation","","","",0,*,"","","","BackboneElement {[]} {[]}
","Relaterad uppmärksamhetssignal (RelatedAlertInformationType)","Information om samband med andra uppmärksamhetssignaler.
Kardinalitet: Valfri, lista.","","","","","","","","","",,,,,"",,,,"SEEHDSLMAlertInformation.alertInformation.alertInformationBody.relatedAlertInformation",0,*,"","ele-1:All FHIR elements must have a @value or children {hasValue() or (children().count() > id.count())}
"
"SEEHDSLMAlertInformation.alertInformation.alertInformationBody.relatedAlertInformation.id","SEEHDSLMAlertInformation.alertInformation.alertInformationBody.relatedAlertInformation.id","","","",0,1,"","","","string {[]} {[]}
","Unique id for inter-element referencing","Unique id for the element within a resource (for internal references). This may be any string value that does not contain spaces.","","","","","","","","","",,,,,"",,,,"Element.id",0,1,"",""
"SEEHDSLMAlertInformation.alertInformation.alertInformationBody.relatedAlertInformation.extension","SEEHDSLMAlertInformation.alertInformation.alertInformationBody.relatedAlertInformation.extension","","extensions
user content","",0,*,"","","","Extension {[]} {[]}
","Additional content defined by implementations","May be used to represent additional information that is not part of the basic definition of the element. To make the use of extensions safe and manageable, there is a strict set of governance  applied to the definition and use of extensions. Though any implementer can define an extension, there is a set of requirements that SHALL be met as part of the definition of the extension.","There can be no stigma associated with the use of extensions by any application, project, or standard - regardless of the institution or jurisdiction that uses or defines the extensions.  The use of extensions is what allows the FHIR specification to retain a core level of simplicity for everyone.","","","","","","","","",,,,,"","value:url}
","Extensions are always sliced by (at least) url",,"open","Element.extension",0,*,"","ele-1:All FHIR elements must have a @value or children {hasValue() or (children().count() > id.count())}
ext-1:Must have either extensions or value[x], not both {extension.exists() != value.exists()}"
"SEEHDSLMAlertInformation.alertInformation.alertInformationBody.relatedAlertInformation.modifierExtension","SEEHDSLMAlertInformation.alertInformation.alertInformationBody.relatedAlertInformation.modifierExtension","","extensions
user contentmodifiers","",0,*,"","Y","Y","Extension {[]} {[]}
","Extensions that cannot be ignored even if unrecognized","May be used to represent additional information that is not part of the basic definition of the element and that modifies the understanding of the element in which it is contained and/or the understanding of the containing element's descendants. Usually modifier elements provide negation or qualification. To make the use of extensions safe and manageable, there is a strict set of governance applied to the definition and use of extensions. Though any implementer can define an extension, there is a set of requirements that SHALL be met as part of the definition of the extension. Applications processing a resource are required to check for modifier extensions.

Modifier extensions SHALL NOT change the meaning of any elements on Resource or DomainResource (including cannot change the meaning of modifierExtension itself).","There can be no stigma associated with the use of extensions by any application, project, or standard - regardless of the institution or jurisdiction that uses or defines the extensions.  The use of extensions is what allows the FHIR specification to retain a core level of simplicity for everyone.","Modifier extensions allow for extensions that *cannot* be safely ignored to be clearly distinguished from the vast majority of extensions which can be safely ignored.  This promotes interoperability by eliminating the need for implementers to prohibit the presence of extensions. For further information, see the [definition of modifier extensions](http://hl7.org/fhir/R4/extensibility.html#modifierExtension).","","","","","","","",,,,,"",,,,"BackboneElement.modifierExtension",0,*,"","ele-1:All FHIR elements must have a @value or children {hasValue() or (children().count() > id.count())}
ext-1:Must have either extensions or value[x], not both {extension.exists() != value.exists()}"
"SEEHDSLMAlertInformation.alertInformation.alertInformationBody.relatedAlertInformation.typeOfAlertInformationRelationship","SEEHDSLMAlertInformation.alertInformation.alertInformationBody.relatedAlertInformation.typeOfAlertInformationRelationship","","","",1,1,"","","","CodeableConcept {[]} {[]}
","Typ av samband (CVType)","Typ av samband. KV Samband (1.2.752.129.2.2.2.4).
Kardinalitet: Obligatorisk.","","","","","","","","","",,,,,"",,,,"SEEHDSLMAlertInformation.alertInformation.alertInformationBody.relatedAlertInformation.typeOfAlertInformationRelationship",1,1,"",""
"SEEHDSLMAlertInformation.alertInformation.alertInformationBody.relatedAlertInformation.relationComment","SEEHDSLMAlertInformation.alertInformation.alertInformationBody.relatedAlertInformation.relationComment","","","",0,1,"","","","string {[]} {[]}
","Kommentar till samband","Kommentar till det aktuella sambandet.
Kardinalitet: Valfri.","","","","","","","","","",,,,,"",,,,"SEEHDSLMAlertInformation.alertInformation.alertInformationBody.relatedAlertInformation.relationComment",0,1,"",""
"SEEHDSLMAlertInformation.alertInformation.alertInformationBody.relatedAlertInformation.documentId","SEEHDSLMAlertInformation.alertInformation.alertInformationBody.relatedAlertInformation.documentId","","","",1,*,"","","","string {[]} {[]}
","Relaterad dokumentidentitet","Lokalt unik identitet för relaterad uppmärksamhetssignal.
Kardinalitet: Obligatorisk, lista (minst en).","","","","","","","","","",,,,,"",,,,"SEEHDSLMAlertInformation.alertInformation.alertInformationBody.relatedAlertInformation.documentId",1,*,"",""
"SEEHDSLMAlertInformation.result","SEEHDSLMAlertInformation.result","","","",1,1,"","","","BackboneElement {[]} {[]}
","Resultat","Innehåller information om begäran gick bra eller ej.
Kardinalitet: Obligatorisk.","","","","","","","","","",,,,,"",,,,"SEEHDSLMAlertInformation.result",1,1,"","ele-1:All FHIR elements must have a @value or children {hasValue() or (children().count() > id.count())}
"
"SEEHDSLMAlertInformation.result.id","SEEHDSLMAlertInformation.result.id","","","",0,1,"","","","string {[]} {[]}
","Unique id for inter-element referencing","Unique id for the element within a resource (for internal references). This may be any string value that does not contain spaces.","","","","","","","","","",,,,,"",,,,"Element.id",0,1,"",""
"SEEHDSLMAlertInformation.result.extension","SEEHDSLMAlertInformation.result.extension","","extensions
user content","",0,*,"","","","Extension {[]} {[]}
","Additional content defined by implementations","May be used to represent additional information that is not part of the basic definition of the element. To make the use of extensions safe and manageable, there is a strict set of governance  applied to the definition and use of extensions. Though any implementer can define an extension, there is a set of requirements that SHALL be met as part of the definition of the extension.","There can be no stigma associated with the use of extensions by any application, project, or standard - regardless of the institution or jurisdiction that uses or defines the extensions.  The use of extensions is what allows the FHIR specification to retain a core level of simplicity for everyone.","","","","","","","","",,,,,"","value:url}
","Extensions are always sliced by (at least) url",,"open","Element.extension",0,*,"","ele-1:All FHIR elements must have a @value or children {hasValue() or (children().count() > id.count())}
ext-1:Must have either extensions or value[x], not both {extension.exists() != value.exists()}"
"SEEHDSLMAlertInformation.result.modifierExtension","SEEHDSLMAlertInformation.result.modifierExtension","","extensions
user contentmodifiers","",0,*,"","Y","Y","Extension {[]} {[]}
","Extensions that cannot be ignored even if unrecognized","May be used to represent additional information that is not part of the basic definition of the element and that modifies the understanding of the element in which it is contained and/or the understanding of the containing element's descendants. Usually modifier elements provide negation or qualification. To make the use of extensions safe and manageable, there is a strict set of governance applied to the definition and use of extensions. Though any implementer can define an extension, there is a set of requirements that SHALL be met as part of the definition of the extension. Applications processing a resource are required to check for modifier extensions.

Modifier extensions SHALL NOT change the meaning of any elements on Resource or DomainResource (including cannot change the meaning of modifierExtension itself).","There can be no stigma associated with the use of extensions by any application, project, or standard - regardless of the institution or jurisdiction that uses or defines the extensions.  The use of extensions is what allows the FHIR specification to retain a core level of simplicity for everyone.","Modifier extensions allow for extensions that *cannot* be safely ignored to be clearly distinguished from the vast majority of extensions which can be safely ignored.  This promotes interoperability by eliminating the need for implementers to prohibit the presence of extensions. For further information, see the [definition of modifier extensions](http://hl7.org/fhir/R4/extensibility.html#modifierExtension).","","","","","","","",,,,,"",,,,"BackboneElement.modifierExtension",0,*,"","ele-1:All FHIR elements must have a @value or children {hasValue() or (children().count() > id.count())}
ext-1:Must have either extensions or value[x], not both {extension.exists() != value.exists()}"
"SEEHDSLMAlertInformation.result.resultCode","SEEHDSLMAlertInformation.result.resultCode","","","",1,1,"","","","code {[]} {[]}
","Resultatkod","Kan endast vara OK, INFO eller ERROR.
Kardinalitet: Obligatorisk.","","","","","","","","","",,,,,"",,,,"SEEHDSLMAlertInformation.result.resultCode",1,1,"",""
"SEEHDSLMAlertInformation.result.errorCode","SEEHDSLMAlertInformation.result.errorCode","","","",0,1,"","","","code {[]} {[]}
","Felkod","Sätts endast om resultCode är ERROR. Tillåtna värden: INVALID_REQUEST.
Kardinalitet: Valfri.","","","","","","","","","",,,,,"",,,,"SEEHDSLMAlertInformation.result.errorCode",0,1,"",""
"SEEHDSLMAlertInformation.result.subcode","SEEHDSLMAlertInformation.result.subcode","","","",0,1,"","","","string {[]} {[]}
","Subkod","Inga subkoder specificerade.
Kardinalitet: Valfri.","","","","","","","","","",,,,,"",,,,"SEEHDSLMAlertInformation.result.subcode",0,1,"",""
"SEEHDSLMAlertInformation.result.logId","SEEHDSLMAlertInformation.result.logId","","","",1,1,"","","","string {[]} {[]}
","Log-id","En UUID som kan användas vid felanmälan för att spåra felet.
Kardinalitet: Obligatorisk.","","","","","","","","","",,,,,"",,,,"SEEHDSLMAlertInformation.result.logId",1,1,"",""
"SEEHDSLMAlertInformation.result.message","SEEHDSLMAlertInformation.result.message","","","",0,1,"","","","string {[]} {[]}
","Meddelande","En beskrivande text som kan visas för användaren.
Kardinalitet: Valfri.","","","","","","","","","",,,,,"",,,,"SEEHDSLMAlertInformation.result.message",0,1,"",""
