"Id","Path","Slice Name","Alias(s)","Label","Min","Max","Must Support?","Is Modifier?","Is Summary?","Type(s)","Short","Definition","Comments","Requirements","Default Value","Meaning When Missing","Fixed Value","Pattern","Example","Minimum Value","Maximum Value","Maximum Length","Binding Strength","Binding Description","Binding Value Set","Code","Slicing Discriminator","Slicing Description","Slicing Ordered","Slicing Rules","Base Path","Base Min","Base Max","Condition(s)","Constraint(s)"
"SEEHDSLMVaccinationHistory","SEEHDSLMVaccinationHistory","","","",0,*,"","","","null {[]} {[]}
","GetVaccinationHistory","Logisk modell för tjänstekontraktet GetVaccinationHistory
(RIV-TA urn:riv:clinicalprocess:activityprescription:actoutcome:GetVaccinationHistoryResponder:2).
Representerar responsens informationsstruktur — vaccinationsjournal per patient.","","","","","","","","","",,,,,"",,,,"Base",0,*,"",""
"SEEHDSLMVaccinationHistory.vaccinationMedicalRecord","SEEHDSLMVaccinationHistory.vaccinationMedicalRecord","","","",0,*,"","","","BackboneElement {[]} {[]}
","En strukturerad vaccinationsjournal","En strukturerad vaccinationsjournal. Kan innehålla en eller flera administreringsposter.
Kardinalitet: Valfri, lista.","","","","","","","","","",,,,,"",,,,"SEEHDSLMVaccinationHistory.vaccinationMedicalRecord",0,*,"","ele-1:All FHIR elements must have a @value or children {hasValue() or (children().count() > id.count())}
"
"SEEHDSLMVaccinationHistory.vaccinationMedicalRecord.id","SEEHDSLMVaccinationHistory.vaccinationMedicalRecord.id","","","",0,1,"","","","string {[]} {[]}
","Unique id for inter-element referencing","Unique id for the element within a resource (for internal references). This may be any string value that does not contain spaces.","","","","","","","","","",,,,,"",,,,"Element.id",0,1,"",""
"SEEHDSLMVaccinationHistory.vaccinationMedicalRecord.extension","SEEHDSLMVaccinationHistory.vaccinationMedicalRecord.extension","","extensions
user content","",0,*,"","","","Extension {[]} {[]}
","Additional content defined by implementations","May be used to represent additional information that is not part of the basic definition of the element. To make the use of extensions safe and manageable, there is a strict set of governance  applied to the definition and use of extensions. Though any implementer can define an extension, there is a set of requirements that SHALL be met as part of the definition of the extension.","There can be no stigma associated with the use of extensions by any application, project, or standard - regardless of the institution or jurisdiction that uses or defines the extensions.  The use of extensions is what allows the FHIR specification to retain a core level of simplicity for everyone.","","","","","","","","",,,,,"","value:url}
","Extensions are always sliced by (at least) url",,"open","Element.extension",0,*,"","ele-1:All FHIR elements must have a @value or children {hasValue() or (children().count() > id.count())}
ext-1:Must have either extensions or value[x], not both {extension.exists() != value.exists()}"
"SEEHDSLMVaccinationHistory.vaccinationMedicalRecord.modifierExtension","SEEHDSLMVaccinationHistory.vaccinationMedicalRecord.modifierExtension","","extensions
user contentmodifiers","",0,*,"","Y","Y","Extension {[]} {[]}
","Extensions that cannot be ignored even if unrecognized","May be used to represent additional information that is not part of the basic definition of the element and that modifies the understanding of the element in which it is contained and/or the understanding of the containing element's descendants. Usually modifier elements provide negation or qualification. To make the use of extensions safe and manageable, there is a strict set of governance applied to the definition and use of extensions. Though any implementer can define an extension, there is a set of requirements that SHALL be met as part of the definition of the extension. Applications processing a resource are required to check for modifier extensions.

Modifier extensions SHALL NOT change the meaning of any elements on Resource or DomainResource (including cannot change the meaning of modifierExtension itself).","There can be no stigma associated with the use of extensions by any application, project, or standard - regardless of the institution or jurisdiction that uses or defines the extensions.  The use of extensions is what allows the FHIR specification to retain a core level of simplicity for everyone.","Modifier extensions allow for extensions that *cannot* be safely ignored to be clearly distinguished from the vast majority of extensions which can be safely ignored.  This promotes interoperability by eliminating the need for implementers to prohibit the presence of extensions. For further information, see the [definition of modifier extensions](http://hl7.org/fhir/R4/extensibility.html#modifierExtension).","","","","","","","",,,,,"",,,,"BackboneElement.modifierExtension",0,*,"","ele-1:All FHIR elements must have a @value or children {hasValue() or (children().count() > id.count())}
ext-1:Must have either extensions or value[x], not both {extension.exists() != value.exists()}"
"SEEHDSLMVaccinationHistory.vaccinationMedicalRecord.vaccinationMedicalRecordHeader","SEEHDSLMVaccinationHistory.vaccinationMedicalRecord.vaccinationMedicalRecordHeader","","","",1,1,"","","","BackboneElement {[]} {[]}
","Basinformation om dokumentet","Basinformation om dokumentet","","","","","","","","","",,,,,"",,,,"SEEHDSLMVaccinationHistory.vaccinationMedicalRecord.vaccinationMedicalRecordHeader",1,1,"","ele-1:All FHIR elements must have a @value or children {hasValue() or (children().count() > id.count())}
"
"SEEHDSLMVaccinationHistory.vaccinationMedicalRecord.vaccinationMedicalRecordHeader.id","SEEHDSLMVaccinationHistory.vaccinationMedicalRecord.vaccinationMedicalRecordHeader.id","","","",0,1,"","","","string {[]} {[]}
","Unique id for inter-element referencing","Unique id for the element within a resource (for internal references). This may be any string value that does not contain spaces.","","","","","","","","","",,,,,"",,,,"Element.id",0,1,"",""
"SEEHDSLMVaccinationHistory.vaccinationMedicalRecord.vaccinationMedicalRecordHeader.extension","SEEHDSLMVaccinationHistory.vaccinationMedicalRecord.vaccinationMedicalRecordHeader.extension","","extensions
user content","",0,*,"","","","Extension {[]} {[]}
","Additional content defined by implementations","May be used to represent additional information that is not part of the basic definition of the element. To make the use of extensions safe and manageable, there is a strict set of governance  applied to the definition and use of extensions. Though any implementer can define an extension, there is a set of requirements that SHALL be met as part of the definition of the extension.","There can be no stigma associated with the use of extensions by any application, project, or standard - regardless of the institution or jurisdiction that uses or defines the extensions.  The use of extensions is what allows the FHIR specification to retain a core level of simplicity for everyone.","","","","","","","","",,,,,"","value:url}
","Extensions are always sliced by (at least) url",,"open","Element.extension",0,*,"","ele-1:All FHIR elements must have a @value or children {hasValue() or (children().count() > id.count())}
ext-1:Must have either extensions or value[x], not both {extension.exists() != value.exists()}"
"SEEHDSLMVaccinationHistory.vaccinationMedicalRecord.vaccinationMedicalRecordHeader.modifierExtension","SEEHDSLMVaccinationHistory.vaccinationMedicalRecord.vaccinationMedicalRecordHeader.modifierExtension","","extensions
user contentmodifiers","",0,*,"","Y","Y","Extension {[]} {[]}
","Extensions that cannot be ignored even if unrecognized","May be used to represent additional information that is not part of the basic definition of the element and that modifies the understanding of the element in which it is contained and/or the understanding of the containing element's descendants. Usually modifier elements provide negation or qualification. To make the use of extensions safe and manageable, there is a strict set of governance applied to the definition and use of extensions. Though any implementer can define an extension, there is a set of requirements that SHALL be met as part of the definition of the extension. Applications processing a resource are required to check for modifier extensions.

Modifier extensions SHALL NOT change the meaning of any elements on Resource or DomainResource (including cannot change the meaning of modifierExtension itself).","There can be no stigma associated with the use of extensions by any application, project, or standard - regardless of the institution or jurisdiction that uses or defines the extensions.  The use of extensions is what allows the FHIR specification to retain a core level of simplicity for everyone.","Modifier extensions allow for extensions that *cannot* be safely ignored to be clearly distinguished from the vast majority of extensions which can be safely ignored.  This promotes interoperability by eliminating the need for implementers to prohibit the presence of extensions. For further information, see the [definition of modifier extensions](http://hl7.org/fhir/R4/extensibility.html#modifierExtension).","","","","","","","",,,,,"",,,,"BackboneElement.modifierExtension",0,*,"","ele-1:All FHIR elements must have a @value or children {hasValue() or (children().count() > id.count())}
ext-1:Must have either extensions or value[x], not both {extension.exists() != value.exists()}"
"SEEHDSLMVaccinationHistory.vaccinationMedicalRecord.vaccinationMedicalRecordHeader.documentId","SEEHDSLMVaccinationHistory.vaccinationMedicalRecord.vaccinationMedicalRecordHeader.documentId","","","",1,1,"","","","string {[]} {[]}
","Identifierare för uppgift i patientjournal","Identifieraren ska vara konsistent och beständig mellan anrop.","","","","","","","","","",,,,,"",,,,"SEEHDSLMVaccinationHistory.vaccinationMedicalRecord.vaccinationMedicalRecordHeader.documentId",1,1,"",""
"SEEHDSLMVaccinationHistory.vaccinationMedicalRecord.vaccinationMedicalRecordHeader.sourceSystemHSAId","SEEHDSLMVaccinationHistory.vaccinationMedicalRecord.vaccinationMedicalRecordHeader.sourceSystemHSAId","","","",1,1,"","","","Identifier {[]} {[]}
","Det källsystem som uppgiften lagras i","Sätts till OID för HSA-katalogen (1.2.752.129.2.1.4.1).","","","","","","","","","",,,,,"",,,,"SEEHDSLMVaccinationHistory.vaccinationMedicalRecord.vaccinationMedicalRecordHeader.sourceSystemHSAId",1,1,"",""
"SEEHDSLMVaccinationHistory.vaccinationMedicalRecord.vaccinationMedicalRecordHeader.documentTitle","SEEHDSLMVaccinationHistory.vaccinationMedicalRecord.vaccinationMedicalRecordHeader.documentTitle","","","",0,1,"","","","string {[]} {[]}
","Titel som beskriver informationen","Titel som beskriver informationen","","","","","","","","","",,,,,"",,,,"SEEHDSLMVaccinationHistory.vaccinationMedicalRecord.vaccinationMedicalRecordHeader.documentTitle",0,1,"",""
"SEEHDSLMVaccinationHistory.vaccinationMedicalRecord.vaccinationMedicalRecordHeader.documentTime","SEEHDSLMVaccinationHistory.vaccinationMedicalRecord.vaccinationMedicalRecordHeader.documentTime","","","",0,1,"","","","instant {[]} {[]}
","Händelsetidpunkt (vaccinationstidpunkt)","Händelsetidpunkt (vaccinationstidpunkt)","","","","","","","","","",,,,,"",,,,"SEEHDSLMVaccinationHistory.vaccinationMedicalRecord.vaccinationMedicalRecordHeader.documentTime",0,1,"",""
"SEEHDSLMVaccinationHistory.vaccinationMedicalRecord.vaccinationMedicalRecordHeader.patientId","SEEHDSLMVaccinationHistory.vaccinationMedicalRecord.vaccinationMedicalRecordHeader.patientId","","","",1,1,"","","","Identifier {[]} {[]}
","Personidentifierare för patienten","id = patientens identifierare (12 tecken utan avskiljare).
type = OID för typ av personidentifierare.","","","","","","","","","",,,,,"",,,,"SEEHDSLMVaccinationHistory.vaccinationMedicalRecord.vaccinationMedicalRecordHeader.patientId",1,1,"",""
"SEEHDSLMVaccinationHistory.vaccinationMedicalRecord.vaccinationMedicalRecordHeader.accountableHealthCareProfessional","SEEHDSLMVaccinationHistory.vaccinationMedicalRecord.vaccinationMedicalRecordHeader.accountableHealthCareProfessional","","","",1,1,"","","","BackboneElement {[]} {[]}
","Dokumentationsansvarig","Dokumentationsansvarig","","","","","","","","","",,,,,"",,,,"SEEHDSLMVaccinationHistory.vaccinationMedicalRecord.vaccinationMedicalRecordHeader.accountableHealthCareProfessional",1,1,"","ele-1:All FHIR elements must have a @value or children {hasValue() or (children().count() > id.count())}
"
"SEEHDSLMVaccinationHistory.vaccinationMedicalRecord.vaccinationMedicalRecordHeader.accountableHealthCareProfessional.id","SEEHDSLMVaccinationHistory.vaccinationMedicalRecord.vaccinationMedicalRecordHeader.accountableHealthCareProfessional.id","","","",0,1,"","","","string {[]} {[]}
","Unique id for inter-element referencing","Unique id for the element within a resource (for internal references). This may be any string value that does not contain spaces.","","","","","","","","","",,,,,"",,,,"Element.id",0,1,"",""
"SEEHDSLMVaccinationHistory.vaccinationMedicalRecord.vaccinationMedicalRecordHeader.accountableHealthCareProfessional.extension","SEEHDSLMVaccinationHistory.vaccinationMedicalRecord.vaccinationMedicalRecordHeader.accountableHealthCareProfessional.extension","","extensions
user content","",0,*,"","","","Extension {[]} {[]}
","Additional content defined by implementations","May be used to represent additional information that is not part of the basic definition of the element. To make the use of extensions safe and manageable, there is a strict set of governance  applied to the definition and use of extensions. Though any implementer can define an extension, there is a set of requirements that SHALL be met as part of the definition of the extension.","There can be no stigma associated with the use of extensions by any application, project, or standard - regardless of the institution or jurisdiction that uses or defines the extensions.  The use of extensions is what allows the FHIR specification to retain a core level of simplicity for everyone.","","","","","","","","",,,,,"","value:url}
","Extensions are always sliced by (at least) url",,"open","Element.extension",0,*,"","ele-1:All FHIR elements must have a @value or children {hasValue() or (children().count() > id.count())}
ext-1:Must have either extensions or value[x], not both {extension.exists() != value.exists()}"
"SEEHDSLMVaccinationHistory.vaccinationMedicalRecord.vaccinationMedicalRecordHeader.accountableHealthCareProfessional.modifierExtension","SEEHDSLMVaccinationHistory.vaccinationMedicalRecord.vaccinationMedicalRecordHeader.accountableHealthCareProfessional.modifierExtension","","extensions
user contentmodifiers","",0,*,"","Y","Y","Extension {[]} {[]}
","Extensions that cannot be ignored even if unrecognized","May be used to represent additional information that is not part of the basic definition of the element and that modifies the understanding of the element in which it is contained and/or the understanding of the containing element's descendants. Usually modifier elements provide negation or qualification. To make the use of extensions safe and manageable, there is a strict set of governance applied to the definition and use of extensions. Though any implementer can define an extension, there is a set of requirements that SHALL be met as part of the definition of the extension. Applications processing a resource are required to check for modifier extensions.

Modifier extensions SHALL NOT change the meaning of any elements on Resource or DomainResource (including cannot change the meaning of modifierExtension itself).","There can be no stigma associated with the use of extensions by any application, project, or standard - regardless of the institution or jurisdiction that uses or defines the extensions.  The use of extensions is what allows the FHIR specification to retain a core level of simplicity for everyone.","Modifier extensions allow for extensions that *cannot* be safely ignored to be clearly distinguished from the vast majority of extensions which can be safely ignored.  This promotes interoperability by eliminating the need for implementers to prohibit the presence of extensions. For further information, see the [definition of modifier extensions](http://hl7.org/fhir/R4/extensibility.html#modifierExtension).","","","","","","","",,,,,"",,,,"BackboneElement.modifierExtension",0,*,"","ele-1:All FHIR elements must have a @value or children {hasValue() or (children().count() > id.count())}
ext-1:Must have either extensions or value[x], not both {extension.exists() != value.exists()}"
"SEEHDSLMVaccinationHistory.vaccinationMedicalRecord.vaccinationMedicalRecordHeader.accountableHealthCareProfessional.authorTime","SEEHDSLMVaccinationHistory.vaccinationMedicalRecord.vaccinationMedicalRecordHeader.accountableHealthCareProfessional.authorTime","","","",1,1,"","","","instant {[]} {[]}
","Tidpunkt för dokumentation","Tidpunkt för dokumentation","","","","","","","","","",,,,,"",,,,"SEEHDSLMVaccinationHistory.vaccinationMedicalRecord.vaccinationMedicalRecordHeader.accountableHealthCareProfessional.authorTime",1,1,"",""
"SEEHDSLMVaccinationHistory.vaccinationMedicalRecord.vaccinationMedicalRecordHeader.accountableHealthCareProfessional.healthcareProfessionalHSAId","SEEHDSLMVaccinationHistory.vaccinationMedicalRecord.vaccinationMedicalRecordHeader.accountableHealthCareProfessional.healthcareProfessionalHSAId","","","",0,1,"","","","Identifier {[]} {[]}
","HSA-id för personal","HSA-id för personal","","","","","","","","","",,,,,"",,,,"SEEHDSLMVaccinationHistory.vaccinationMedicalRecord.vaccinationMedicalRecordHeader.accountableHealthCareProfessional.healthcareProfessionalHSAId",0,1,"",""
"SEEHDSLMVaccinationHistory.vaccinationMedicalRecord.vaccinationMedicalRecordHeader.accountableHealthCareProfessional.healthcareProfessionalName","SEEHDSLMVaccinationHistory.vaccinationMedicalRecord.vaccinationMedicalRecordHeader.accountableHealthCareProfessional.healthcareProfessionalName","","","",0,1,"","","","string {[]} {[]}
","Namn på personal","Namn på personal","","","","","","","","","",,,,,"",,,,"SEEHDSLMVaccinationHistory.vaccinationMedicalRecord.vaccinationMedicalRecordHeader.accountableHealthCareProfessional.healthcareProfessionalName",0,1,"",""
"SEEHDSLMVaccinationHistory.vaccinationMedicalRecord.vaccinationMedicalRecordHeader.accountableHealthCareProfessional.healthcareProfessionalRoleCode","SEEHDSLMVaccinationHistory.vaccinationMedicalRecord.vaccinationMedicalRecordHeader.accountableHealthCareProfessional.healthcareProfessionalRoleCode","","","",0,1,"","","","CodeableConcept {[]} {[]}
","Befattning","Befattning","","","","","","","","","",,,,,"",,,,"SEEHDSLMVaccinationHistory.vaccinationMedicalRecord.vaccinationMedicalRecordHeader.accountableHealthCareProfessional.healthcareProfessionalRoleCode",0,1,"",""
"SEEHDSLMVaccinationHistory.vaccinationMedicalRecord.vaccinationMedicalRecordHeader.accountableHealthCareProfessional.healthcareProfessionalOrgUnit","SEEHDSLMVaccinationHistory.vaccinationMedicalRecord.vaccinationMedicalRecordHeader.accountableHealthCareProfessional.healthcareProfessionalOrgUnit","","","",0,1,"","","","BackboneElement {[]} {[]}
","Organisationsenhet","Organisationsenhet","","","","","","","","","",,,,,"",,,,"SEEHDSLMVaccinationHistory.vaccinationMedicalRecord.vaccinationMedicalRecordHeader.accountableHealthCareProfessional.healthcareProfessionalOrgUnit",0,1,"","ele-1:All FHIR elements must have a @value or children {hasValue() or (children().count() > id.count())}
"
"SEEHDSLMVaccinationHistory.vaccinationMedicalRecord.vaccinationMedicalRecordHeader.accountableHealthCareProfessional.healthcareProfessionalOrgUnit.id","SEEHDSLMVaccinationHistory.vaccinationMedicalRecord.vaccinationMedicalRecordHeader.accountableHealthCareProfessional.healthcareProfessionalOrgUnit.id","","","",0,1,"","","","string {[]} {[]}
","Unique id for inter-element referencing","Unique id for the element within a resource (for internal references). This may be any string value that does not contain spaces.","","","","","","","","","",,,,,"",,,,"Element.id",0,1,"",""
"SEEHDSLMVaccinationHistory.vaccinationMedicalRecord.vaccinationMedicalRecordHeader.accountableHealthCareProfessional.healthcareProfessionalOrgUnit.extension","SEEHDSLMVaccinationHistory.vaccinationMedicalRecord.vaccinationMedicalRecordHeader.accountableHealthCareProfessional.healthcareProfessionalOrgUnit.extension","","extensions
user content","",0,*,"","","","Extension {[]} {[]}
","Additional content defined by implementations","May be used to represent additional information that is not part of the basic definition of the element. To make the use of extensions safe and manageable, there is a strict set of governance  applied to the definition and use of extensions. Though any implementer can define an extension, there is a set of requirements that SHALL be met as part of the definition of the extension.","There can be no stigma associated with the use of extensions by any application, project, or standard - regardless of the institution or jurisdiction that uses or defines the extensions.  The use of extensions is what allows the FHIR specification to retain a core level of simplicity for everyone.","","","","","","","","",,,,,"","value:url}
","Extensions are always sliced by (at least) url",,"open","Element.extension",0,*,"","ele-1:All FHIR elements must have a @value or children {hasValue() or (children().count() > id.count())}
ext-1:Must have either extensions or value[x], not both {extension.exists() != value.exists()}"
"SEEHDSLMVaccinationHistory.vaccinationMedicalRecord.vaccinationMedicalRecordHeader.accountableHealthCareProfessional.healthcareProfessionalOrgUnit.modifierExtension","SEEHDSLMVaccinationHistory.vaccinationMedicalRecord.vaccinationMedicalRecordHeader.accountableHealthCareProfessional.healthcareProfessionalOrgUnit.modifierExtension","","extensions
user contentmodifiers","",0,*,"","Y","Y","Extension {[]} {[]}
","Extensions that cannot be ignored even if unrecognized","May be used to represent additional information that is not part of the basic definition of the element and that modifies the understanding of the element in which it is contained and/or the understanding of the containing element's descendants. Usually modifier elements provide negation or qualification. To make the use of extensions safe and manageable, there is a strict set of governance applied to the definition and use of extensions. Though any implementer can define an extension, there is a set of requirements that SHALL be met as part of the definition of the extension. Applications processing a resource are required to check for modifier extensions.

Modifier extensions SHALL NOT change the meaning of any elements on Resource or DomainResource (including cannot change the meaning of modifierExtension itself).","There can be no stigma associated with the use of extensions by any application, project, or standard - regardless of the institution or jurisdiction that uses or defines the extensions.  The use of extensions is what allows the FHIR specification to retain a core level of simplicity for everyone.","Modifier extensions allow for extensions that *cannot* be safely ignored to be clearly distinguished from the vast majority of extensions which can be safely ignored.  This promotes interoperability by eliminating the need for implementers to prohibit the presence of extensions. For further information, see the [definition of modifier extensions](http://hl7.org/fhir/R4/extensibility.html#modifierExtension).","","","","","","","",,,,,"",,,,"BackboneElement.modifierExtension",0,*,"","ele-1:All FHIR elements must have a @value or children {hasValue() or (children().count() > id.count())}
ext-1:Must have either extensions or value[x], not both {extension.exists() != value.exists()}"
"SEEHDSLMVaccinationHistory.vaccinationMedicalRecord.vaccinationMedicalRecordHeader.accountableHealthCareProfessional.healthcareProfessionalOrgUnit.orgUnitHSAId","SEEHDSLMVaccinationHistory.vaccinationMedicalRecord.vaccinationMedicalRecordHeader.accountableHealthCareProfessional.healthcareProfessionalOrgUnit.orgUnitHSAId","","","",0,1,"","","","Identifier {[]} {[]}
","HSA-id för organisationsenhet","HSA-id för organisationsenhet","","","","","","","","","",,,,,"",,,,"SEEHDSLMVaccinationHistory.vaccinationMedicalRecord.vaccinationMedicalRecordHeader.accountableHealthCareProfessional.healthcareProfessionalOrgUnit.orgUnitHSAId",0,1,"",""
"SEEHDSLMVaccinationHistory.vaccinationMedicalRecord.vaccinationMedicalRecordHeader.accountableHealthCareProfessional.healthcareProfessionalOrgUnit.orgUnitName","SEEHDSLMVaccinationHistory.vaccinationMedicalRecord.vaccinationMedicalRecordHeader.accountableHealthCareProfessional.healthcareProfessionalOrgUnit.orgUnitName","","","",0,1,"","","","string {[]} {[]}
","Namn på organisationsenhet","Namn på organisationsenhet","","","","","","","","","",,,,,"",,,,"SEEHDSLMVaccinationHistory.vaccinationMedicalRecord.vaccinationMedicalRecordHeader.accountableHealthCareProfessional.healthcareProfessionalOrgUnit.orgUnitName",0,1,"",""
"SEEHDSLMVaccinationHistory.vaccinationMedicalRecord.vaccinationMedicalRecordHeader.accountableHealthCareProfessional.healthcareProfessionalOrgUnit.orgUnitTelecom","SEEHDSLMVaccinationHistory.vaccinationMedicalRecord.vaccinationMedicalRecordHeader.accountableHealthCareProfessional.healthcareProfessionalOrgUnit.orgUnitTelecom","","","",0,1,"","","","string {[]} {[]}
","Telefon till organisationsenhet","Telefon till organisationsenhet","","","","","","","","","",,,,,"",,,,"SEEHDSLMVaccinationHistory.vaccinationMedicalRecord.vaccinationMedicalRecordHeader.accountableHealthCareProfessional.healthcareProfessionalOrgUnit.orgUnitTelecom",0,1,"",""
"SEEHDSLMVaccinationHistory.vaccinationMedicalRecord.vaccinationMedicalRecordHeader.accountableHealthCareProfessional.healthcareProfessionalOrgUnit.orgUnitEmail","SEEHDSLMVaccinationHistory.vaccinationMedicalRecord.vaccinationMedicalRecordHeader.accountableHealthCareProfessional.healthcareProfessionalOrgUnit.orgUnitEmail","","","",0,1,"","","","string {[]} {[]}
","E-post till organisationsenhet","E-post till organisationsenhet","","","","","","","","","",,,,,"",,,,"SEEHDSLMVaccinationHistory.vaccinationMedicalRecord.vaccinationMedicalRecordHeader.accountableHealthCareProfessional.healthcareProfessionalOrgUnit.orgUnitEmail",0,1,"",""
"SEEHDSLMVaccinationHistory.vaccinationMedicalRecord.vaccinationMedicalRecordHeader.accountableHealthCareProfessional.healthcareProfessionalOrgUnit.orgUnitAddress","SEEHDSLMVaccinationHistory.vaccinationMedicalRecord.vaccinationMedicalRecordHeader.accountableHealthCareProfessional.healthcareProfessionalOrgUnit.orgUnitAddress","","","",0,1,"","","","string {[]} {[]}
","Postadress till organisationsenhet","Postadress till organisationsenhet","","","","","","","","","",,,,,"",,,,"SEEHDSLMVaccinationHistory.vaccinationMedicalRecord.vaccinationMedicalRecordHeader.accountableHealthCareProfessional.healthcareProfessionalOrgUnit.orgUnitAddress",0,1,"",""
"SEEHDSLMVaccinationHistory.vaccinationMedicalRecord.vaccinationMedicalRecordHeader.accountableHealthCareProfessional.healthcareProfessionalOrgUnit.orgUnitLocation","SEEHDSLMVaccinationHistory.vaccinationMedicalRecord.vaccinationMedicalRecordHeader.accountableHealthCareProfessional.healthcareProfessionalOrgUnit.orgUnitLocation","","","",0,1,"","","","string {[]} {[]}
","Plats/ort för organisationens fysiska placering","Plats/ort för organisationens fysiska placering","","","","","","","","","",,,,,"",,,,"SEEHDSLMVaccinationHistory.vaccinationMedicalRecord.vaccinationMedicalRecordHeader.accountableHealthCareProfessional.healthcareProfessionalOrgUnit.orgUnitLocation",0,1,"",""
"SEEHDSLMVaccinationHistory.vaccinationMedicalRecord.vaccinationMedicalRecordHeader.accountableHealthCareProfessional.healthcareProfessionalCareUnitHSAId","SEEHDSLMVaccinationHistory.vaccinationMedicalRecord.vaccinationMedicalRecordHeader.accountableHealthCareProfessional.healthcareProfessionalCareUnitHSAId","","","",0,1,"","","","Identifier {[]} {[]}
","HSA-id för vårdenhet","HSA-id för vårdenhet","","","","","","","","","",,,,,"",,,,"SEEHDSLMVaccinationHistory.vaccinationMedicalRecord.vaccinationMedicalRecordHeader.accountableHealthCareProfessional.healthcareProfessionalCareUnitHSAId",0,1,"",""
"SEEHDSLMVaccinationHistory.vaccinationMedicalRecord.vaccinationMedicalRecordHeader.accountableHealthCareProfessional.healthcareProfessionalCareGiverHSAId","SEEHDSLMVaccinationHistory.vaccinationMedicalRecord.vaccinationMedicalRecordHeader.accountableHealthCareProfessional.healthcareProfessionalCareGiverHSAId","","","",0,1,"","","","Identifier {[]} {[]}
","HSA-id/id för vårdgivare","HSA-id/id för vårdgivare","","","","","","","","","",,,,,"",,,,"SEEHDSLMVaccinationHistory.vaccinationMedicalRecord.vaccinationMedicalRecordHeader.accountableHealthCareProfessional.healthcareProfessionalCareGiverHSAId",0,1,"",""
"SEEHDSLMVaccinationHistory.vaccinationMedicalRecord.vaccinationMedicalRecordHeader.legalAuthenticator","SEEHDSLMVaccinationHistory.vaccinationMedicalRecord.vaccinationMedicalRecordHeader.legalAuthenticator","","","",0,1,"","","","BackboneElement {[]} {[]}
","Information om signering","Information om signering","","","","","","","","","",,,,,"",,,,"SEEHDSLMVaccinationHistory.vaccinationMedicalRecord.vaccinationMedicalRecordHeader.legalAuthenticator",0,1,"","ele-1:All FHIR elements must have a @value or children {hasValue() or (children().count() > id.count())}
"
"SEEHDSLMVaccinationHistory.vaccinationMedicalRecord.vaccinationMedicalRecordHeader.legalAuthenticator.id","SEEHDSLMVaccinationHistory.vaccinationMedicalRecord.vaccinationMedicalRecordHeader.legalAuthenticator.id","","","",0,1,"","","","string {[]} {[]}
","Unique id for inter-element referencing","Unique id for the element within a resource (for internal references). This may be any string value that does not contain spaces.","","","","","","","","","",,,,,"",,,,"Element.id",0,1,"",""
"SEEHDSLMVaccinationHistory.vaccinationMedicalRecord.vaccinationMedicalRecordHeader.legalAuthenticator.extension","SEEHDSLMVaccinationHistory.vaccinationMedicalRecord.vaccinationMedicalRecordHeader.legalAuthenticator.extension","","extensions
user content","",0,*,"","","","Extension {[]} {[]}
","Additional content defined by implementations","May be used to represent additional information that is not part of the basic definition of the element. To make the use of extensions safe and manageable, there is a strict set of governance  applied to the definition and use of extensions. Though any implementer can define an extension, there is a set of requirements that SHALL be met as part of the definition of the extension.","There can be no stigma associated with the use of extensions by any application, project, or standard - regardless of the institution or jurisdiction that uses or defines the extensions.  The use of extensions is what allows the FHIR specification to retain a core level of simplicity for everyone.","","","","","","","","",,,,,"","value:url}
","Extensions are always sliced by (at least) url",,"open","Element.extension",0,*,"","ele-1:All FHIR elements must have a @value or children {hasValue() or (children().count() > id.count())}
ext-1:Must have either extensions or value[x], not both {extension.exists() != value.exists()}"
"SEEHDSLMVaccinationHistory.vaccinationMedicalRecord.vaccinationMedicalRecordHeader.legalAuthenticator.modifierExtension","SEEHDSLMVaccinationHistory.vaccinationMedicalRecord.vaccinationMedicalRecordHeader.legalAuthenticator.modifierExtension","","extensions
user contentmodifiers","",0,*,"","Y","Y","Extension {[]} {[]}
","Extensions that cannot be ignored even if unrecognized","May be used to represent additional information that is not part of the basic definition of the element and that modifies the understanding of the element in which it is contained and/or the understanding of the containing element's descendants. Usually modifier elements provide negation or qualification. To make the use of extensions safe and manageable, there is a strict set of governance applied to the definition and use of extensions. Though any implementer can define an extension, there is a set of requirements that SHALL be met as part of the definition of the extension. Applications processing a resource are required to check for modifier extensions.

Modifier extensions SHALL NOT change the meaning of any elements on Resource or DomainResource (including cannot change the meaning of modifierExtension itself).","There can be no stigma associated with the use of extensions by any application, project, or standard - regardless of the institution or jurisdiction that uses or defines the extensions.  The use of extensions is what allows the FHIR specification to retain a core level of simplicity for everyone.","Modifier extensions allow for extensions that *cannot* be safely ignored to be clearly distinguished from the vast majority of extensions which can be safely ignored.  This promotes interoperability by eliminating the need for implementers to prohibit the presence of extensions. For further information, see the [definition of modifier extensions](http://hl7.org/fhir/R4/extensibility.html#modifierExtension).","","","","","","","",,,,,"",,,,"BackboneElement.modifierExtension",0,*,"","ele-1:All FHIR elements must have a @value or children {hasValue() or (children().count() > id.count())}
ext-1:Must have either extensions or value[x], not both {extension.exists() != value.exists()}"
"SEEHDSLMVaccinationHistory.vaccinationMedicalRecord.vaccinationMedicalRecordHeader.legalAuthenticator.signatureTime","SEEHDSLMVaccinationHistory.vaccinationMedicalRecord.vaccinationMedicalRecordHeader.legalAuthenticator.signatureTime","","","",1,1,"","","","instant {[]} {[]}
","Tidpunkt för signering","Tidpunkt för signering","","","","","","","","","",,,,,"",,,,"SEEHDSLMVaccinationHistory.vaccinationMedicalRecord.vaccinationMedicalRecordHeader.legalAuthenticator.signatureTime",1,1,"",""
"SEEHDSLMVaccinationHistory.vaccinationMedicalRecord.vaccinationMedicalRecordHeader.legalAuthenticator.legalAuthenticatorHSAId","SEEHDSLMVaccinationHistory.vaccinationMedicalRecord.vaccinationMedicalRecordHeader.legalAuthenticator.legalAuthenticatorHSAId","","","",0,1,"","","","Identifier {[]} {[]}
","HSA-id för signerande personal","HSA-id för signerande personal","","","","","","","","","",,,,,"",,,,"SEEHDSLMVaccinationHistory.vaccinationMedicalRecord.vaccinationMedicalRecordHeader.legalAuthenticator.legalAuthenticatorHSAId",0,1,"",""
"SEEHDSLMVaccinationHistory.vaccinationMedicalRecord.vaccinationMedicalRecordHeader.legalAuthenticator.legalAuthenticatorName","SEEHDSLMVaccinationHistory.vaccinationMedicalRecord.vaccinationMedicalRecordHeader.legalAuthenticator.legalAuthenticatorName","","","",0,1,"","","","string {[]} {[]}
","Namn på signerande personal","Namn på signerande personal","","","","","","","","","",,,,,"",,,,"SEEHDSLMVaccinationHistory.vaccinationMedicalRecord.vaccinationMedicalRecordHeader.legalAuthenticator.legalAuthenticatorName",0,1,"",""
"SEEHDSLMVaccinationHistory.vaccinationMedicalRecord.vaccinationMedicalRecordHeader.approvedForPatient","SEEHDSLMVaccinationHistory.vaccinationMedicalRecord.vaccinationMedicalRecordHeader.approvedForPatient","","","",1,1,"","","","boolean {[]} {[]}
","Beslut om synlighet för patient (PDL-prövning)","Beslut om synlighet för patient (PDL-prövning)","","","","","","","","","",,,,,"",,,,"SEEHDSLMVaccinationHistory.vaccinationMedicalRecord.vaccinationMedicalRecordHeader.approvedForPatient",1,1,"",""
"SEEHDSLMVaccinationHistory.vaccinationMedicalRecord.vaccinationMedicalRecordHeader.careContactId","SEEHDSLMVaccinationHistory.vaccinationMedicalRecord.vaccinationMedicalRecordHeader.careContactId","","","",0,1,"","","","string {[]} {[]}
","Identitet för vård- och omsorgskontakt","Identitet för vård- och omsorgskontakt","","","","","","","","","",,,,,"",,,,"SEEHDSLMVaccinationHistory.vaccinationMedicalRecord.vaccinationMedicalRecordHeader.careContactId",0,1,"",""
"SEEHDSLMVaccinationHistory.vaccinationMedicalRecord.vaccinationMedicalRecordHeader.nullified","SEEHDSLMVaccinationHistory.vaccinationMedicalRecord.vaccinationMedicalRecordHeader.nullified","","","",1,1,"","","","boolean {[]} {[]}
","Anger om dokumentet makulerats i källsystemet","Anger om dokumentet makulerats i källsystemet","","","","","","","","","",,,,,"",,,,"SEEHDSLMVaccinationHistory.vaccinationMedicalRecord.vaccinationMedicalRecordHeader.nullified",1,1,"",""
"SEEHDSLMVaccinationHistory.vaccinationMedicalRecord.vaccinationMedicalRecordHeader.nullifiedReason","SEEHDSLMVaccinationHistory.vaccinationMedicalRecord.vaccinationMedicalRecordHeader.nullifiedReason","","","",0,1,"","","","string {[]} {[]}
","Orsak till makulering. Villkor: Får ENBART anges om nullified = true.","Orsak till makulering. Villkor: Får ENBART anges om nullified = true.","","","","","","","","","",,,,,"",,,,"SEEHDSLMVaccinationHistory.vaccinationMedicalRecord.vaccinationMedicalRecordHeader.nullifiedReason",0,1,"",""
"SEEHDSLMVaccinationHistory.vaccinationMedicalRecord.vaccinationMedicalRecordBody","SEEHDSLMVaccinationHistory.vaccinationMedicalRecord.vaccinationMedicalRecordBody","","","",1,1,"","","","BackboneElement {[]} {[]}
","Vaccinationsjournalens innehåll","Vaccinationsjournalens innehåll","","","","","","","","","",,,,,"",,,,"SEEHDSLMVaccinationHistory.vaccinationMedicalRecord.vaccinationMedicalRecordBody",1,1,"","ele-1:All FHIR elements must have a @value or children {hasValue() or (children().count() > id.count())}
"
"SEEHDSLMVaccinationHistory.vaccinationMedicalRecord.vaccinationMedicalRecordBody.id","SEEHDSLMVaccinationHistory.vaccinationMedicalRecord.vaccinationMedicalRecordBody.id","","","",0,1,"","","","string {[]} {[]}
","Unique id for inter-element referencing","Unique id for the element within a resource (for internal references). This may be any string value that does not contain spaces.","","","","","","","","","",,,,,"",,,,"Element.id",0,1,"",""
"SEEHDSLMVaccinationHistory.vaccinationMedicalRecord.vaccinationMedicalRecordBody.extension","SEEHDSLMVaccinationHistory.vaccinationMedicalRecord.vaccinationMedicalRecordBody.extension","","extensions
user content","",0,*,"","","","Extension {[]} {[]}
","Additional content defined by implementations","May be used to represent additional information that is not part of the basic definition of the element. To make the use of extensions safe and manageable, there is a strict set of governance  applied to the definition and use of extensions. Though any implementer can define an extension, there is a set of requirements that SHALL be met as part of the definition of the extension.","There can be no stigma associated with the use of extensions by any application, project, or standard - regardless of the institution or jurisdiction that uses or defines the extensions.  The use of extensions is what allows the FHIR specification to retain a core level of simplicity for everyone.","","","","","","","","",,,,,"","value:url}
","Extensions are always sliced by (at least) url",,"open","Element.extension",0,*,"","ele-1:All FHIR elements must have a @value or children {hasValue() or (children().count() > id.count())}
ext-1:Must have either extensions or value[x], not both {extension.exists() != value.exists()}"
"SEEHDSLMVaccinationHistory.vaccinationMedicalRecord.vaccinationMedicalRecordBody.modifierExtension","SEEHDSLMVaccinationHistory.vaccinationMedicalRecord.vaccinationMedicalRecordBody.modifierExtension","","extensions
user contentmodifiers","",0,*,"","Y","Y","Extension {[]} {[]}
","Extensions that cannot be ignored even if unrecognized","May be used to represent additional information that is not part of the basic definition of the element and that modifies the understanding of the element in which it is contained and/or the understanding of the containing element's descendants. Usually modifier elements provide negation or qualification. To make the use of extensions safe and manageable, there is a strict set of governance applied to the definition and use of extensions. Though any implementer can define an extension, there is a set of requirements that SHALL be met as part of the definition of the extension. Applications processing a resource are required to check for modifier extensions.

Modifier extensions SHALL NOT change the meaning of any elements on Resource or DomainResource (including cannot change the meaning of modifierExtension itself).","There can be no stigma associated with the use of extensions by any application, project, or standard - regardless of the institution or jurisdiction that uses or defines the extensions.  The use of extensions is what allows the FHIR specification to retain a core level of simplicity for everyone.","Modifier extensions allow for extensions that *cannot* be safely ignored to be clearly distinguished from the vast majority of extensions which can be safely ignored.  This promotes interoperability by eliminating the need for implementers to prohibit the presence of extensions. For further information, see the [definition of modifier extensions](http://hl7.org/fhir/R4/extensibility.html#modifierExtension).","","","","","","","",,,,,"",,,,"BackboneElement.modifierExtension",0,*,"","ele-1:All FHIR elements must have a @value or children {hasValue() or (children().count() > id.count())}
ext-1:Must have either extensions or value[x], not both {extension.exists() != value.exists()}"
"SEEHDSLMVaccinationHistory.vaccinationMedicalRecord.vaccinationMedicalRecordBody.registrationRecord","SEEHDSLMVaccinationHistory.vaccinationMedicalRecord.vaccinationMedicalRecordBody.registrationRecord","","","",1,1,"","","","BackboneElement {[]} {[]}
","Administrativ information om vaccinationstillfället","Administrativ information om vaccinationstillfället","","","","","","","","","",,,,,"",,,,"SEEHDSLMVaccinationHistory.vaccinationMedicalRecord.vaccinationMedicalRecordBody.registrationRecord",1,1,"","ele-1:All FHIR elements must have a @value or children {hasValue() or (children().count() > id.count())}
"
"SEEHDSLMVaccinationHistory.vaccinationMedicalRecord.vaccinationMedicalRecordBody.registrationRecord.id","SEEHDSLMVaccinationHistory.vaccinationMedicalRecord.vaccinationMedicalRecordBody.registrationRecord.id","","","",0,1,"","","","string {[]} {[]}
","Unique id for inter-element referencing","Unique id for the element within a resource (for internal references). This may be any string value that does not contain spaces.","","","","","","","","","",,,,,"",,,,"Element.id",0,1,"",""
"SEEHDSLMVaccinationHistory.vaccinationMedicalRecord.vaccinationMedicalRecordBody.registrationRecord.extension","SEEHDSLMVaccinationHistory.vaccinationMedicalRecord.vaccinationMedicalRecordBody.registrationRecord.extension","","extensions
user content","",0,*,"","","","Extension {[]} {[]}
","Additional content defined by implementations","May be used to represent additional information that is not part of the basic definition of the element. To make the use of extensions safe and manageable, there is a strict set of governance  applied to the definition and use of extensions. Though any implementer can define an extension, there is a set of requirements that SHALL be met as part of the definition of the extension.","There can be no stigma associated with the use of extensions by any application, project, or standard - regardless of the institution or jurisdiction that uses or defines the extensions.  The use of extensions is what allows the FHIR specification to retain a core level of simplicity for everyone.","","","","","","","","",,,,,"","value:url}
","Extensions are always sliced by (at least) url",,"open","Element.extension",0,*,"","ele-1:All FHIR elements must have a @value or children {hasValue() or (children().count() > id.count())}
ext-1:Must have either extensions or value[x], not both {extension.exists() != value.exists()}"
"SEEHDSLMVaccinationHistory.vaccinationMedicalRecord.vaccinationMedicalRecordBody.registrationRecord.modifierExtension","SEEHDSLMVaccinationHistory.vaccinationMedicalRecord.vaccinationMedicalRecordBody.registrationRecord.modifierExtension","","extensions
user contentmodifiers","",0,*,"","Y","Y","Extension {[]} {[]}
","Extensions that cannot be ignored even if unrecognized","May be used to represent additional information that is not part of the basic definition of the element and that modifies the understanding of the element in which it is contained and/or the understanding of the containing element's descendants. Usually modifier elements provide negation or qualification. To make the use of extensions safe and manageable, there is a strict set of governance applied to the definition and use of extensions. Though any implementer can define an extension, there is a set of requirements that SHALL be met as part of the definition of the extension. Applications processing a resource are required to check for modifier extensions.

Modifier extensions SHALL NOT change the meaning of any elements on Resource or DomainResource (including cannot change the meaning of modifierExtension itself).","There can be no stigma associated with the use of extensions by any application, project, or standard - regardless of the institution or jurisdiction that uses or defines the extensions.  The use of extensions is what allows the FHIR specification to retain a core level of simplicity for everyone.","Modifier extensions allow for extensions that *cannot* be safely ignored to be clearly distinguished from the vast majority of extensions which can be safely ignored.  This promotes interoperability by eliminating the need for implementers to prohibit the presence of extensions. For further information, see the [definition of modifier extensions](http://hl7.org/fhir/R4/extensibility.html#modifierExtension).","","","","","","","",,,,,"",,,,"BackboneElement.modifierExtension",0,*,"","ele-1:All FHIR elements must have a @value or children {hasValue() or (children().count() > id.count())}
ext-1:Must have either extensions or value[x], not both {extension.exists() != value.exists()}"
"SEEHDSLMVaccinationHistory.vaccinationMedicalRecord.vaccinationMedicalRecordBody.registrationRecord.date","SEEHDSLMVaccinationHistory.vaccinationMedicalRecord.vaccinationMedicalRecordBody.registrationRecord.date","","","",1,1,"","","","date {[]} {[]}
","Datum då vaccination(er) gavs","Datum då vaccination(er) gavs","","","","","","","","","",,,,,"",,,,"SEEHDSLMVaccinationHistory.vaccinationMedicalRecord.vaccinationMedicalRecordBody.registrationRecord.date",1,1,"",""
"SEEHDSLMVaccinationHistory.vaccinationMedicalRecord.vaccinationMedicalRecordBody.registrationRecord.patientPostalCode","SEEHDSLMVaccinationHistory.vaccinationMedicalRecord.vaccinationMedicalRecordBody.registrationRecord.patientPostalCode","","","",0,1,"","","","string {[]} {[]}
","Postnummer för patientens senast kända bostadsadress","Postnummer för patientens senast kända bostadsadress","","","","","","","","","",,,,,"",,,,"SEEHDSLMVaccinationHistory.vaccinationMedicalRecord.vaccinationMedicalRecordBody.registrationRecord.patientPostalCode",0,1,"",""
"SEEHDSLMVaccinationHistory.vaccinationMedicalRecord.vaccinationMedicalRecordBody.registrationRecord.vaccinationUnstructuredNote","SEEHDSLMVaccinationHistory.vaccinationMedicalRecord.vaccinationMedicalRecordBody.registrationRecord.vaccinationUnstructuredNote","","","",0,1,"","","","string {[]} {[]}
","Fritextsammanfattning av strukturerad information","Fritextsammanfattning av strukturerad information","","","","","","","","","",,,,,"",,,,"SEEHDSLMVaccinationHistory.vaccinationMedicalRecord.vaccinationMedicalRecordBody.registrationRecord.vaccinationUnstructuredNote",0,1,"",""
"SEEHDSLMVaccinationHistory.vaccinationMedicalRecord.vaccinationMedicalRecordBody.registrationRecord.riskCategory","SEEHDSLMVaccinationHistory.vaccinationMedicalRecord.vaccinationMedicalRecordBody.registrationRecord.riskCategory","","","",0,*,"","","","CodeableConcept {[]} {[]}
","Patientens riskgruppstillhörighet vid vaccinationstillfället","Patientens riskgruppstillhörighet vid vaccinationstillfället","","","","","","","","","",,,,,"",,,,"SEEHDSLMVaccinationHistory.vaccinationMedicalRecord.vaccinationMedicalRecordBody.registrationRecord.riskCategory",0,*,"",""
"SEEHDSLMVaccinationHistory.vaccinationMedicalRecord.vaccinationMedicalRecordBody.registrationRecord.patientAdverseEffect","SEEHDSLMVaccinationHistory.vaccinationMedicalRecord.vaccinationMedicalRecordBody.registrationRecord.patientAdverseEffect","","","",0,*,"","","","CodeableConcept {[]} {[]}
","Reaktioner hos patienten vid vaccinationstillfället","Reaktioner hos patienten vid vaccinationstillfället","","","","","","","","","",,,,,"",,,,"SEEHDSLMVaccinationHistory.vaccinationMedicalRecord.vaccinationMedicalRecordBody.registrationRecord.patientAdverseEffect",0,*,"",""
"SEEHDSLMVaccinationHistory.vaccinationMedicalRecord.vaccinationMedicalRecordBody.registrationRecord.careGiverOrg","SEEHDSLMVaccinationHistory.vaccinationMedicalRecord.vaccinationMedicalRecordBody.registrationRecord.careGiverOrg","","","",1,1,"","","","BackboneElement {[]} {[]}
","Information om juridisk vårdgivare","Information om juridisk vårdgivare","","","","","","","","","",,,,,"",,,,"SEEHDSLMVaccinationHistory.vaccinationMedicalRecord.vaccinationMedicalRecordBody.registrationRecord.careGiverOrg",1,1,"","ele-1:All FHIR elements must have a @value or children {hasValue() or (children().count() > id.count())}
"
"SEEHDSLMVaccinationHistory.vaccinationMedicalRecord.vaccinationMedicalRecordBody.registrationRecord.careGiverOrg.id","SEEHDSLMVaccinationHistory.vaccinationMedicalRecord.vaccinationMedicalRecordBody.registrationRecord.careGiverOrg.id","","","",0,1,"","","","string {[]} {[]}
","Unique id for inter-element referencing","Unique id for the element within a resource (for internal references). This may be any string value that does not contain spaces.","","","","","","","","","",,,,,"",,,,"Element.id",0,1,"",""
"SEEHDSLMVaccinationHistory.vaccinationMedicalRecord.vaccinationMedicalRecordBody.registrationRecord.careGiverOrg.extension","SEEHDSLMVaccinationHistory.vaccinationMedicalRecord.vaccinationMedicalRecordBody.registrationRecord.careGiverOrg.extension","","extensions
user content","",0,*,"","","","Extension {[]} {[]}
","Additional content defined by implementations","May be used to represent additional information that is not part of the basic definition of the element. To make the use of extensions safe and manageable, there is a strict set of governance  applied to the definition and use of extensions. Though any implementer can define an extension, there is a set of requirements that SHALL be met as part of the definition of the extension.","There can be no stigma associated with the use of extensions by any application, project, or standard - regardless of the institution or jurisdiction that uses or defines the extensions.  The use of extensions is what allows the FHIR specification to retain a core level of simplicity for everyone.","","","","","","","","",,,,,"","value:url}
","Extensions are always sliced by (at least) url",,"open","Element.extension",0,*,"","ele-1:All FHIR elements must have a @value or children {hasValue() or (children().count() > id.count())}
ext-1:Must have either extensions or value[x], not both {extension.exists() != value.exists()}"
"SEEHDSLMVaccinationHistory.vaccinationMedicalRecord.vaccinationMedicalRecordBody.registrationRecord.careGiverOrg.modifierExtension","SEEHDSLMVaccinationHistory.vaccinationMedicalRecord.vaccinationMedicalRecordBody.registrationRecord.careGiverOrg.modifierExtension","","extensions
user contentmodifiers","",0,*,"","Y","Y","Extension {[]} {[]}
","Extensions that cannot be ignored even if unrecognized","May be used to represent additional information that is not part of the basic definition of the element and that modifies the understanding of the element in which it is contained and/or the understanding of the containing element's descendants. Usually modifier elements provide negation or qualification. To make the use of extensions safe and manageable, there is a strict set of governance applied to the definition and use of extensions. Though any implementer can define an extension, there is a set of requirements that SHALL be met as part of the definition of the extension. Applications processing a resource are required to check for modifier extensions.

Modifier extensions SHALL NOT change the meaning of any elements on Resource or DomainResource (including cannot change the meaning of modifierExtension itself).","There can be no stigma associated with the use of extensions by any application, project, or standard - regardless of the institution or jurisdiction that uses or defines the extensions.  The use of extensions is what allows the FHIR specification to retain a core level of simplicity for everyone.","Modifier extensions allow for extensions that *cannot* be safely ignored to be clearly distinguished from the vast majority of extensions which can be safely ignored.  This promotes interoperability by eliminating the need for implementers to prohibit the presence of extensions. For further information, see the [definition of modifier extensions](http://hl7.org/fhir/R4/extensibility.html#modifierExtension).","","","","","","","",,,,,"",,,,"BackboneElement.modifierExtension",0,*,"","ele-1:All FHIR elements must have a @value or children {hasValue() or (children().count() > id.count())}
ext-1:Must have either extensions or value[x], not both {extension.exists() != value.exists()}"
"SEEHDSLMVaccinationHistory.vaccinationMedicalRecord.vaccinationMedicalRecordBody.registrationRecord.careGiverOrg.orgUnitHSAId","SEEHDSLMVaccinationHistory.vaccinationMedicalRecord.vaccinationMedicalRecordBody.registrationRecord.careGiverOrg.orgUnitHSAId","","","",0,1,"","","","Identifier {[]} {[]}
","HSA-id för organisationsenhet","HSA-id för organisationsenhet","","","","","","","","","",,,,,"",,,,"SEEHDSLMVaccinationHistory.vaccinationMedicalRecord.vaccinationMedicalRecordBody.registrationRecord.careGiverOrg.orgUnitHSAId",0,1,"",""
"SEEHDSLMVaccinationHistory.vaccinationMedicalRecord.vaccinationMedicalRecordBody.registrationRecord.careGiverOrg.orgUnitName","SEEHDSLMVaccinationHistory.vaccinationMedicalRecord.vaccinationMedicalRecordBody.registrationRecord.careGiverOrg.orgUnitName","","","",0,1,"","","","string {[]} {[]}
","Namn på organisationsenhet","Namn på organisationsenhet","","","","","","","","","",,,,,"",,,,"SEEHDSLMVaccinationHistory.vaccinationMedicalRecord.vaccinationMedicalRecordBody.registrationRecord.careGiverOrg.orgUnitName",0,1,"",""
"SEEHDSLMVaccinationHistory.vaccinationMedicalRecord.vaccinationMedicalRecordBody.registrationRecord.careGiverOrg.orgUnitTelecom","SEEHDSLMVaccinationHistory.vaccinationMedicalRecord.vaccinationMedicalRecordBody.registrationRecord.careGiverOrg.orgUnitTelecom","","","",0,1,"","","","string {[]} {[]}
","Telefon","Telefon","","","","","","","","","",,,,,"",,,,"SEEHDSLMVaccinationHistory.vaccinationMedicalRecord.vaccinationMedicalRecordBody.registrationRecord.careGiverOrg.orgUnitTelecom",0,1,"",""
"SEEHDSLMVaccinationHistory.vaccinationMedicalRecord.vaccinationMedicalRecordBody.registrationRecord.careGiverOrg.orgUnitEmail","SEEHDSLMVaccinationHistory.vaccinationMedicalRecord.vaccinationMedicalRecordBody.registrationRecord.careGiverOrg.orgUnitEmail","","","",0,1,"","","","string {[]} {[]}
","E-post","E-post","","","","","","","","","",,,,,"",,,,"SEEHDSLMVaccinationHistory.vaccinationMedicalRecord.vaccinationMedicalRecordBody.registrationRecord.careGiverOrg.orgUnitEmail",0,1,"",""
"SEEHDSLMVaccinationHistory.vaccinationMedicalRecord.vaccinationMedicalRecordBody.registrationRecord.careGiverOrg.orgUnitAddress","SEEHDSLMVaccinationHistory.vaccinationMedicalRecord.vaccinationMedicalRecordBody.registrationRecord.careGiverOrg.orgUnitAddress","","","",0,1,"","","","string {[]} {[]}
","Postadress","Postadress","","","","","","","","","",,,,,"",,,,"SEEHDSLMVaccinationHistory.vaccinationMedicalRecord.vaccinationMedicalRecordBody.registrationRecord.careGiverOrg.orgUnitAddress",0,1,"",""
"SEEHDSLMVaccinationHistory.vaccinationMedicalRecord.vaccinationMedicalRecordBody.registrationRecord.careGiverOrg.orgUnitLocation","SEEHDSLMVaccinationHistory.vaccinationMedicalRecord.vaccinationMedicalRecordBody.registrationRecord.careGiverOrg.orgUnitLocation","","","",0,1,"","","","string {[]} {[]}
","Plats/ort","Plats/ort","","","","","","","","","",,,,,"",,,,"SEEHDSLMVaccinationHistory.vaccinationMedicalRecord.vaccinationMedicalRecordBody.registrationRecord.careGiverOrg.orgUnitLocation",0,1,"",""
"SEEHDSLMVaccinationHistory.vaccinationMedicalRecord.vaccinationMedicalRecordBody.registrationRecord.careGiverContact","SEEHDSLMVaccinationHistory.vaccinationMedicalRecord.vaccinationMedicalRecordBody.registrationRecord.careGiverContact","","","",0,1,"","","","BackboneElement {[]} {[]}
","Kontaktperson hos juridiskt ansvarig vårdgivare","Kontaktperson hos juridiskt ansvarig vårdgivare","","","","","","","","","",,,,,"",,,,"SEEHDSLMVaccinationHistory.vaccinationMedicalRecord.vaccinationMedicalRecordBody.registrationRecord.careGiverContact",0,1,"","ele-1:All FHIR elements must have a @value or children {hasValue() or (children().count() > id.count())}
"
"SEEHDSLMVaccinationHistory.vaccinationMedicalRecord.vaccinationMedicalRecordBody.registrationRecord.careGiverContact.id","SEEHDSLMVaccinationHistory.vaccinationMedicalRecord.vaccinationMedicalRecordBody.registrationRecord.careGiverContact.id","","","",0,1,"","","","string {[]} {[]}
","Unique id for inter-element referencing","Unique id for the element within a resource (for internal references). This may be any string value that does not contain spaces.","","","","","","","","","",,,,,"",,,,"Element.id",0,1,"",""
"SEEHDSLMVaccinationHistory.vaccinationMedicalRecord.vaccinationMedicalRecordBody.registrationRecord.careGiverContact.extension","SEEHDSLMVaccinationHistory.vaccinationMedicalRecord.vaccinationMedicalRecordBody.registrationRecord.careGiverContact.extension","","extensions
user content","",0,*,"","","","Extension {[]} {[]}
","Additional content defined by implementations","May be used to represent additional information that is not part of the basic definition of the element. To make the use of extensions safe and manageable, there is a strict set of governance  applied to the definition and use of extensions. Though any implementer can define an extension, there is a set of requirements that SHALL be met as part of the definition of the extension.","There can be no stigma associated with the use of extensions by any application, project, or standard - regardless of the institution or jurisdiction that uses or defines the extensions.  The use of extensions is what allows the FHIR specification to retain a core level of simplicity for everyone.","","","","","","","","",,,,,"","value:url}
","Extensions are always sliced by (at least) url",,"open","Element.extension",0,*,"","ele-1:All FHIR elements must have a @value or children {hasValue() or (children().count() > id.count())}
ext-1:Must have either extensions or value[x], not both {extension.exists() != value.exists()}"
"SEEHDSLMVaccinationHistory.vaccinationMedicalRecord.vaccinationMedicalRecordBody.registrationRecord.careGiverContact.modifierExtension","SEEHDSLMVaccinationHistory.vaccinationMedicalRecord.vaccinationMedicalRecordBody.registrationRecord.careGiverContact.modifierExtension","","extensions
user contentmodifiers","",0,*,"","Y","Y","Extension {[]} {[]}
","Extensions that cannot be ignored even if unrecognized","May be used to represent additional information that is not part of the basic definition of the element and that modifies the understanding of the element in which it is contained and/or the understanding of the containing element's descendants. Usually modifier elements provide negation or qualification. To make the use of extensions safe and manageable, there is a strict set of governance applied to the definition and use of extensions. Though any implementer can define an extension, there is a set of requirements that SHALL be met as part of the definition of the extension. Applications processing a resource are required to check for modifier extensions.

Modifier extensions SHALL NOT change the meaning of any elements on Resource or DomainResource (including cannot change the meaning of modifierExtension itself).","There can be no stigma associated with the use of extensions by any application, project, or standard - regardless of the institution or jurisdiction that uses or defines the extensions.  The use of extensions is what allows the FHIR specification to retain a core level of simplicity for everyone.","Modifier extensions allow for extensions that *cannot* be safely ignored to be clearly distinguished from the vast majority of extensions which can be safely ignored.  This promotes interoperability by eliminating the need for implementers to prohibit the presence of extensions. For further information, see the [definition of modifier extensions](http://hl7.org/fhir/R4/extensibility.html#modifierExtension).","","","","","","","",,,,,"",,,,"BackboneElement.modifierExtension",0,*,"","ele-1:All FHIR elements must have a @value or children {hasValue() or (children().count() > id.count())}
ext-1:Must have either extensions or value[x], not both {extension.exists() != value.exists()}"
"SEEHDSLMVaccinationHistory.vaccinationMedicalRecord.vaccinationMedicalRecordBody.registrationRecord.careGiverContact.actorId","SEEHDSLMVaccinationHistory.vaccinationMedicalRecord.vaccinationMedicalRecordBody.registrationRecord.careGiverContact.actorId","","","",0,1,"","","","Identifier {[]} {[]}
","Identifierare för aktören","Identifierare för aktören","","","","","","","","","",,,,,"",,,,"SEEHDSLMVaccinationHistory.vaccinationMedicalRecord.vaccinationMedicalRecordBody.registrationRecord.careGiverContact.actorId",0,1,"",""
"SEEHDSLMVaccinationHistory.vaccinationMedicalRecord.vaccinationMedicalRecordBody.registrationRecord.careGiverContact.actorName","SEEHDSLMVaccinationHistory.vaccinationMedicalRecord.vaccinationMedicalRecordBody.registrationRecord.careGiverContact.actorName","","","",0,1,"","","","string {[]} {[]}
","Namn på aktören","Namn på aktören","","","","","","","","","",,,,,"",,,,"SEEHDSLMVaccinationHistory.vaccinationMedicalRecord.vaccinationMedicalRecordBody.registrationRecord.careGiverContact.actorName",0,1,"",""
"SEEHDSLMVaccinationHistory.vaccinationMedicalRecord.vaccinationMedicalRecordBody.registrationRecord.sourceSystemName","SEEHDSLMVaccinationHistory.vaccinationMedicalRecord.vaccinationMedicalRecordBody.registrationRecord.sourceSystemName","","","",1,1,"","","","string {[]} {[]}
","Klartextnamn på källsystemet/organisationen","Klartextnamn på källsystemet/organisationen","","","","","","","","","",,,,,"",,,,"SEEHDSLMVaccinationHistory.vaccinationMedicalRecord.vaccinationMedicalRecordBody.registrationRecord.sourceSystemName",1,1,"",""
"SEEHDSLMVaccinationHistory.vaccinationMedicalRecord.vaccinationMedicalRecordBody.registrationRecord.sourceSystemProductName","SEEHDSLMVaccinationHistory.vaccinationMedicalRecord.vaccinationMedicalRecordBody.registrationRecord.sourceSystemProductName","","","",0,1,"","","","string {[]} {[]}
","Källsystemets produktnamn","Källsystemets produktnamn","","","","","","","","","",,,,,"",,,,"SEEHDSLMVaccinationHistory.vaccinationMedicalRecord.vaccinationMedicalRecordBody.registrationRecord.sourceSystemProductName",0,1,"",""
"SEEHDSLMVaccinationHistory.vaccinationMedicalRecord.vaccinationMedicalRecordBody.registrationRecord.sourceSystemProductVersion","SEEHDSLMVaccinationHistory.vaccinationMedicalRecord.vaccinationMedicalRecordBody.registrationRecord.sourceSystemProductVersion","","","",0,1,"","","","string {[]} {[]}
","Källsystemets produktversion","Källsystemets produktversion","","","","","","","","","",,,,,"",,,,"SEEHDSLMVaccinationHistory.vaccinationMedicalRecord.vaccinationMedicalRecordBody.registrationRecord.sourceSystemProductVersion",0,1,"",""
"SEEHDSLMVaccinationHistory.vaccinationMedicalRecord.vaccinationMedicalRecordBody.registrationRecord.sourceSystemContact","SEEHDSLMVaccinationHistory.vaccinationMedicalRecord.vaccinationMedicalRecordBody.registrationRecord.sourceSystemContact","","","",1,1,"","","","BackboneElement {[]} {[]}
","Kontaktuppgifter till källsystemsansvarig","Kontaktuppgifter till källsystemsansvarig","","","","","","","","","",,,,,"",,,,"SEEHDSLMVaccinationHistory.vaccinationMedicalRecord.vaccinationMedicalRecordBody.registrationRecord.sourceSystemContact",1,1,"","ele-1:All FHIR elements must have a @value or children {hasValue() or (children().count() > id.count())}
"
"SEEHDSLMVaccinationHistory.vaccinationMedicalRecord.vaccinationMedicalRecordBody.registrationRecord.sourceSystemContact.id","SEEHDSLMVaccinationHistory.vaccinationMedicalRecord.vaccinationMedicalRecordBody.registrationRecord.sourceSystemContact.id","","","",0,1,"","","","string {[]} {[]}
","Unique id for inter-element referencing","Unique id for the element within a resource (for internal references). This may be any string value that does not contain spaces.","","","","","","","","","",,,,,"",,,,"Element.id",0,1,"",""
"SEEHDSLMVaccinationHistory.vaccinationMedicalRecord.vaccinationMedicalRecordBody.registrationRecord.sourceSystemContact.extension","SEEHDSLMVaccinationHistory.vaccinationMedicalRecord.vaccinationMedicalRecordBody.registrationRecord.sourceSystemContact.extension","","extensions
user content","",0,*,"","","","Extension {[]} {[]}
","Additional content defined by implementations","May be used to represent additional information that is not part of the basic definition of the element. To make the use of extensions safe and manageable, there is a strict set of governance  applied to the definition and use of extensions. Though any implementer can define an extension, there is a set of requirements that SHALL be met as part of the definition of the extension.","There can be no stigma associated with the use of extensions by any application, project, or standard - regardless of the institution or jurisdiction that uses or defines the extensions.  The use of extensions is what allows the FHIR specification to retain a core level of simplicity for everyone.","","","","","","","","",,,,,"","value:url}
","Extensions are always sliced by (at least) url",,"open","Element.extension",0,*,"","ele-1:All FHIR elements must have a @value or children {hasValue() or (children().count() > id.count())}
ext-1:Must have either extensions or value[x], not both {extension.exists() != value.exists()}"
"SEEHDSLMVaccinationHistory.vaccinationMedicalRecord.vaccinationMedicalRecordBody.registrationRecord.sourceSystemContact.modifierExtension","SEEHDSLMVaccinationHistory.vaccinationMedicalRecord.vaccinationMedicalRecordBody.registrationRecord.sourceSystemContact.modifierExtension","","extensions
user contentmodifiers","",0,*,"","Y","Y","Extension {[]} {[]}
","Extensions that cannot be ignored even if unrecognized","May be used to represent additional information that is not part of the basic definition of the element and that modifies the understanding of the element in which it is contained and/or the understanding of the containing element's descendants. Usually modifier elements provide negation or qualification. To make the use of extensions safe and manageable, there is a strict set of governance applied to the definition and use of extensions. Though any implementer can define an extension, there is a set of requirements that SHALL be met as part of the definition of the extension. Applications processing a resource are required to check for modifier extensions.

Modifier extensions SHALL NOT change the meaning of any elements on Resource or DomainResource (including cannot change the meaning of modifierExtension itself).","There can be no stigma associated with the use of extensions by any application, project, or standard - regardless of the institution or jurisdiction that uses or defines the extensions.  The use of extensions is what allows the FHIR specification to retain a core level of simplicity for everyone.","Modifier extensions allow for extensions that *cannot* be safely ignored to be clearly distinguished from the vast majority of extensions which can be safely ignored.  This promotes interoperability by eliminating the need for implementers to prohibit the presence of extensions. For further information, see the [definition of modifier extensions](http://hl7.org/fhir/R4/extensibility.html#modifierExtension).","","","","","","","",,,,,"",,,,"BackboneElement.modifierExtension",0,*,"","ele-1:All FHIR elements must have a @value or children {hasValue() or (children().count() > id.count())}
ext-1:Must have either extensions or value[x], not both {extension.exists() != value.exists()}"
"SEEHDSLMVaccinationHistory.vaccinationMedicalRecord.vaccinationMedicalRecordBody.registrationRecord.sourceSystemContact.actorId","SEEHDSLMVaccinationHistory.vaccinationMedicalRecord.vaccinationMedicalRecordBody.registrationRecord.sourceSystemContact.actorId","","","",0,1,"","","","Identifier {[]} {[]}
","Identifierare","Identifierare","","","","","","","","","",,,,,"",,,,"SEEHDSLMVaccinationHistory.vaccinationMedicalRecord.vaccinationMedicalRecordBody.registrationRecord.sourceSystemContact.actorId",0,1,"",""
"SEEHDSLMVaccinationHistory.vaccinationMedicalRecord.vaccinationMedicalRecordBody.registrationRecord.sourceSystemContact.actorName","SEEHDSLMVaccinationHistory.vaccinationMedicalRecord.vaccinationMedicalRecordBody.registrationRecord.sourceSystemContact.actorName","","","",0,1,"","","","string {[]} {[]}
","Namn","Namn","","","","","","","","","",,,,,"",,,,"SEEHDSLMVaccinationHistory.vaccinationMedicalRecord.vaccinationMedicalRecordBody.registrationRecord.sourceSystemContact.actorName",0,1,"",""
"SEEHDSLMVaccinationHistory.vaccinationMedicalRecord.vaccinationMedicalRecordBody.registrationRecord.careUnitSmiId","SEEHDSLMVaccinationHistory.vaccinationMedicalRecord.vaccinationMedicalRecordBody.registrationRecord.careUnitSmiId","","","",0,1,"","","","string {[]} {[]}
","Utförande vårdenhetens registreringsId hos SMI (Folkhälsomyndigheten)","Utförande vårdenhetens registreringsId hos SMI (Folkhälsomyndigheten)","","","","","","","","","",,,,,"",,,,"SEEHDSLMVaccinationHistory.vaccinationMedicalRecord.vaccinationMedicalRecordBody.registrationRecord.careUnitSmiId",0,1,"",""
"SEEHDSLMVaccinationHistory.vaccinationMedicalRecord.vaccinationMedicalRecordBody.administrationRecord","SEEHDSLMVaccinationHistory.vaccinationMedicalRecord.vaccinationMedicalRecordBody.administrationRecord","","","",0,*,"","","","BackboneElement {[]} {[]}
","Information om utförd vaccination","Information om utförd vaccination","","","","","","","","","",,,,,"",,,,"SEEHDSLMVaccinationHistory.vaccinationMedicalRecord.vaccinationMedicalRecordBody.administrationRecord",0,*,"","ele-1:All FHIR elements must have a @value or children {hasValue() or (children().count() > id.count())}
"
"SEEHDSLMVaccinationHistory.vaccinationMedicalRecord.vaccinationMedicalRecordBody.administrationRecord.id","SEEHDSLMVaccinationHistory.vaccinationMedicalRecord.vaccinationMedicalRecordBody.administrationRecord.id","","","",0,1,"","","","string {[]} {[]}
","Unique id for inter-element referencing","Unique id for the element within a resource (for internal references). This may be any string value that does not contain spaces.","","","","","","","","","",,,,,"",,,,"Element.id",0,1,"",""
"SEEHDSLMVaccinationHistory.vaccinationMedicalRecord.vaccinationMedicalRecordBody.administrationRecord.extension","SEEHDSLMVaccinationHistory.vaccinationMedicalRecord.vaccinationMedicalRecordBody.administrationRecord.extension","","extensions
user content","",0,*,"","","","Extension {[]} {[]}
","Additional content defined by implementations","May be used to represent additional information that is not part of the basic definition of the element. To make the use of extensions safe and manageable, there is a strict set of governance  applied to the definition and use of extensions. Though any implementer can define an extension, there is a set of requirements that SHALL be met as part of the definition of the extension.","There can be no stigma associated with the use of extensions by any application, project, or standard - regardless of the institution or jurisdiction that uses or defines the extensions.  The use of extensions is what allows the FHIR specification to retain a core level of simplicity for everyone.","","","","","","","","",,,,,"","value:url}
","Extensions are always sliced by (at least) url",,"open","Element.extension",0,*,"","ele-1:All FHIR elements must have a @value or children {hasValue() or (children().count() > id.count())}
ext-1:Must have either extensions or value[x], not both {extension.exists() != value.exists()}"
"SEEHDSLMVaccinationHistory.vaccinationMedicalRecord.vaccinationMedicalRecordBody.administrationRecord.modifierExtension","SEEHDSLMVaccinationHistory.vaccinationMedicalRecord.vaccinationMedicalRecordBody.administrationRecord.modifierExtension","","extensions
user contentmodifiers","",0,*,"","Y","Y","Extension {[]} {[]}
","Extensions that cannot be ignored even if unrecognized","May be used to represent additional information that is not part of the basic definition of the element and that modifies the understanding of the element in which it is contained and/or the understanding of the containing element's descendants. Usually modifier elements provide negation or qualification. To make the use of extensions safe and manageable, there is a strict set of governance applied to the definition and use of extensions. Though any implementer can define an extension, there is a set of requirements that SHALL be met as part of the definition of the extension. Applications processing a resource are required to check for modifier extensions.

Modifier extensions SHALL NOT change the meaning of any elements on Resource or DomainResource (including cannot change the meaning of modifierExtension itself).","There can be no stigma associated with the use of extensions by any application, project, or standard - regardless of the institution or jurisdiction that uses or defines the extensions.  The use of extensions is what allows the FHIR specification to retain a core level of simplicity for everyone.","Modifier extensions allow for extensions that *cannot* be safely ignored to be clearly distinguished from the vast majority of extensions which can be safely ignored.  This promotes interoperability by eliminating the need for implementers to prohibit the presence of extensions. For further information, see the [definition of modifier extensions](http://hl7.org/fhir/R4/extensibility.html#modifierExtension).","","","","","","","",,,,,"",,,,"BackboneElement.modifierExtension",0,*,"","ele-1:All FHIR elements must have a @value or children {hasValue() or (children().count() > id.count())}
ext-1:Must have either extensions or value[x], not both {extension.exists() != value.exists()}"
"SEEHDSLMVaccinationHistory.vaccinationMedicalRecord.vaccinationMedicalRecordBody.administrationRecord.vaccinationProgramName","SEEHDSLMVaccinationHistory.vaccinationMedicalRecord.vaccinationMedicalRecordBody.administrationRecord.vaccinationProgramName","","","",0,1,"","","","CodeableConcept {[]} {[]}
","Information om vaccinationsprogram","Information om vaccinationsprogram","","","","","","","","","",,,,,"",,,,"SEEHDSLMVaccinationHistory.vaccinationMedicalRecord.vaccinationMedicalRecordBody.administrationRecord.vaccinationProgramName",0,1,"",""
"SEEHDSLMVaccinationHistory.vaccinationMedicalRecord.vaccinationMedicalRecordBody.administrationRecord.prescriberOrg","SEEHDSLMVaccinationHistory.vaccinationMedicalRecord.vaccinationMedicalRecordBody.administrationRecord.prescriberOrg","","","",0,1,"","","","BackboneElement {[]} {[]}
","Information om var vaccinationen ordinerats","Information om var vaccinationen ordinerats","","","","","","","","","",,,,,"",,,,"SEEHDSLMVaccinationHistory.vaccinationMedicalRecord.vaccinationMedicalRecordBody.administrationRecord.prescriberOrg",0,1,"","ele-1:All FHIR elements must have a @value or children {hasValue() or (children().count() > id.count())}
"
"SEEHDSLMVaccinationHistory.vaccinationMedicalRecord.vaccinationMedicalRecordBody.administrationRecord.prescriberOrg.id","SEEHDSLMVaccinationHistory.vaccinationMedicalRecord.vaccinationMedicalRecordBody.administrationRecord.prescriberOrg.id","","","",0,1,"","","","string {[]} {[]}
","Unique id for inter-element referencing","Unique id for the element within a resource (for internal references). This may be any string value that does not contain spaces.","","","","","","","","","",,,,,"",,,,"Element.id",0,1,"",""
"SEEHDSLMVaccinationHistory.vaccinationMedicalRecord.vaccinationMedicalRecordBody.administrationRecord.prescriberOrg.extension","SEEHDSLMVaccinationHistory.vaccinationMedicalRecord.vaccinationMedicalRecordBody.administrationRecord.prescriberOrg.extension","","extensions
user content","",0,*,"","","","Extension {[]} {[]}
","Additional content defined by implementations","May be used to represent additional information that is not part of the basic definition of the element. To make the use of extensions safe and manageable, there is a strict set of governance  applied to the definition and use of extensions. Though any implementer can define an extension, there is a set of requirements that SHALL be met as part of the definition of the extension.","There can be no stigma associated with the use of extensions by any application, project, or standard - regardless of the institution or jurisdiction that uses or defines the extensions.  The use of extensions is what allows the FHIR specification to retain a core level of simplicity for everyone.","","","","","","","","",,,,,"","value:url}
","Extensions are always sliced by (at least) url",,"open","Element.extension",0,*,"","ele-1:All FHIR elements must have a @value or children {hasValue() or (children().count() > id.count())}
ext-1:Must have either extensions or value[x], not both {extension.exists() != value.exists()}"
"SEEHDSLMVaccinationHistory.vaccinationMedicalRecord.vaccinationMedicalRecordBody.administrationRecord.prescriberOrg.modifierExtension","SEEHDSLMVaccinationHistory.vaccinationMedicalRecord.vaccinationMedicalRecordBody.administrationRecord.prescriberOrg.modifierExtension","","extensions
user contentmodifiers","",0,*,"","Y","Y","Extension {[]} {[]}
","Extensions that cannot be ignored even if unrecognized","May be used to represent additional information that is not part of the basic definition of the element and that modifies the understanding of the element in which it is contained and/or the understanding of the containing element's descendants. Usually modifier elements provide negation or qualification. To make the use of extensions safe and manageable, there is a strict set of governance applied to the definition and use of extensions. Though any implementer can define an extension, there is a set of requirements that SHALL be met as part of the definition of the extension. Applications processing a resource are required to check for modifier extensions.

Modifier extensions SHALL NOT change the meaning of any elements on Resource or DomainResource (including cannot change the meaning of modifierExtension itself).","There can be no stigma associated with the use of extensions by any application, project, or standard - regardless of the institution or jurisdiction that uses or defines the extensions.  The use of extensions is what allows the FHIR specification to retain a core level of simplicity for everyone.","Modifier extensions allow for extensions that *cannot* be safely ignored to be clearly distinguished from the vast majority of extensions which can be safely ignored.  This promotes interoperability by eliminating the need for implementers to prohibit the presence of extensions. For further information, see the [definition of modifier extensions](http://hl7.org/fhir/R4/extensibility.html#modifierExtension).","","","","","","","",,,,,"",,,,"BackboneElement.modifierExtension",0,*,"","ele-1:All FHIR elements must have a @value or children {hasValue() or (children().count() > id.count())}
ext-1:Must have either extensions or value[x], not both {extension.exists() != value.exists()}"
"SEEHDSLMVaccinationHistory.vaccinationMedicalRecord.vaccinationMedicalRecordBody.administrationRecord.prescriberOrg.orgUnitHSAId","SEEHDSLMVaccinationHistory.vaccinationMedicalRecord.vaccinationMedicalRecordBody.administrationRecord.prescriberOrg.orgUnitHSAId","","","",0,1,"","","","Identifier {[]} {[]}
","HSA-id","HSA-id","","","","","","","","","",,,,,"",,,,"SEEHDSLMVaccinationHistory.vaccinationMedicalRecord.vaccinationMedicalRecordBody.administrationRecord.prescriberOrg.orgUnitHSAId",0,1,"",""
"SEEHDSLMVaccinationHistory.vaccinationMedicalRecord.vaccinationMedicalRecordBody.administrationRecord.prescriberOrg.orgUnitName","SEEHDSLMVaccinationHistory.vaccinationMedicalRecord.vaccinationMedicalRecordBody.administrationRecord.prescriberOrg.orgUnitName","","","",0,1,"","","","string {[]} {[]}
","Namn","Namn","","","","","","","","","",,,,,"",,,,"SEEHDSLMVaccinationHistory.vaccinationMedicalRecord.vaccinationMedicalRecordBody.administrationRecord.prescriberOrg.orgUnitName",0,1,"",""
"SEEHDSLMVaccinationHistory.vaccinationMedicalRecord.vaccinationMedicalRecordBody.administrationRecord.prescriberPerson","SEEHDSLMVaccinationHistory.vaccinationMedicalRecord.vaccinationMedicalRecordBody.administrationRecord.prescriberPerson","","","",0,1,"","","","BackboneElement {[]} {[]}
","Information om vem som ordinerat/förskrivit","Information om vem som ordinerat/förskrivit","","","","","","","","","",,,,,"",,,,"SEEHDSLMVaccinationHistory.vaccinationMedicalRecord.vaccinationMedicalRecordBody.administrationRecord.prescriberPerson",0,1,"","ele-1:All FHIR elements must have a @value or children {hasValue() or (children().count() > id.count())}
"
"SEEHDSLMVaccinationHistory.vaccinationMedicalRecord.vaccinationMedicalRecordBody.administrationRecord.prescriberPerson.id","SEEHDSLMVaccinationHistory.vaccinationMedicalRecord.vaccinationMedicalRecordBody.administrationRecord.prescriberPerson.id","","","",0,1,"","","","string {[]} {[]}
","Unique id for inter-element referencing","Unique id for the element within a resource (for internal references). This may be any string value that does not contain spaces.","","","","","","","","","",,,,,"",,,,"Element.id",0,1,"",""
"SEEHDSLMVaccinationHistory.vaccinationMedicalRecord.vaccinationMedicalRecordBody.administrationRecord.prescriberPerson.extension","SEEHDSLMVaccinationHistory.vaccinationMedicalRecord.vaccinationMedicalRecordBody.administrationRecord.prescriberPerson.extension","","extensions
user content","",0,*,"","","","Extension {[]} {[]}
","Additional content defined by implementations","May be used to represent additional information that is not part of the basic definition of the element. To make the use of extensions safe and manageable, there is a strict set of governance  applied to the definition and use of extensions. Though any implementer can define an extension, there is a set of requirements that SHALL be met as part of the definition of the extension.","There can be no stigma associated with the use of extensions by any application, project, or standard - regardless of the institution or jurisdiction that uses or defines the extensions.  The use of extensions is what allows the FHIR specification to retain a core level of simplicity for everyone.","","","","","","","","",,,,,"","value:url}
","Extensions are always sliced by (at least) url",,"open","Element.extension",0,*,"","ele-1:All FHIR elements must have a @value or children {hasValue() or (children().count() > id.count())}
ext-1:Must have either extensions or value[x], not both {extension.exists() != value.exists()}"
"SEEHDSLMVaccinationHistory.vaccinationMedicalRecord.vaccinationMedicalRecordBody.administrationRecord.prescriberPerson.modifierExtension","SEEHDSLMVaccinationHistory.vaccinationMedicalRecord.vaccinationMedicalRecordBody.administrationRecord.prescriberPerson.modifierExtension","","extensions
user contentmodifiers","",0,*,"","Y","Y","Extension {[]} {[]}
","Extensions that cannot be ignored even if unrecognized","May be used to represent additional information that is not part of the basic definition of the element and that modifies the understanding of the element in which it is contained and/or the understanding of the containing element's descendants. Usually modifier elements provide negation or qualification. To make the use of extensions safe and manageable, there is a strict set of governance applied to the definition and use of extensions. Though any implementer can define an extension, there is a set of requirements that SHALL be met as part of the definition of the extension. Applications processing a resource are required to check for modifier extensions.

Modifier extensions SHALL NOT change the meaning of any elements on Resource or DomainResource (including cannot change the meaning of modifierExtension itself).","There can be no stigma associated with the use of extensions by any application, project, or standard - regardless of the institution or jurisdiction that uses or defines the extensions.  The use of extensions is what allows the FHIR specification to retain a core level of simplicity for everyone.","Modifier extensions allow for extensions that *cannot* be safely ignored to be clearly distinguished from the vast majority of extensions which can be safely ignored.  This promotes interoperability by eliminating the need for implementers to prohibit the presence of extensions. For further information, see the [definition of modifier extensions](http://hl7.org/fhir/R4/extensibility.html#modifierExtension).","","","","","","","",,,,,"",,,,"BackboneElement.modifierExtension",0,*,"","ele-1:All FHIR elements must have a @value or children {hasValue() or (children().count() > id.count())}
ext-1:Must have either extensions or value[x], not both {extension.exists() != value.exists()}"
"SEEHDSLMVaccinationHistory.vaccinationMedicalRecord.vaccinationMedicalRecordBody.administrationRecord.prescriberPerson.actorId","SEEHDSLMVaccinationHistory.vaccinationMedicalRecord.vaccinationMedicalRecordBody.administrationRecord.prescriberPerson.actorId","","","",0,1,"","","","Identifier {[]} {[]}
","Identifierare","Identifierare","","","","","","","","","",,,,,"",,,,"SEEHDSLMVaccinationHistory.vaccinationMedicalRecord.vaccinationMedicalRecordBody.administrationRecord.prescriberPerson.actorId",0,1,"",""
"SEEHDSLMVaccinationHistory.vaccinationMedicalRecord.vaccinationMedicalRecordBody.administrationRecord.prescriberPerson.actorName","SEEHDSLMVaccinationHistory.vaccinationMedicalRecord.vaccinationMedicalRecordBody.administrationRecord.prescriberPerson.actorName","","","",0,1,"","","","string {[]} {[]}
","Namn","Namn","","","","","","","","","",,,,,"",,,,"SEEHDSLMVaccinationHistory.vaccinationMedicalRecord.vaccinationMedicalRecordBody.administrationRecord.prescriberPerson.actorName",0,1,"",""
"SEEHDSLMVaccinationHistory.vaccinationMedicalRecord.vaccinationMedicalRecordBody.administrationRecord.performerOrg","SEEHDSLMVaccinationHistory.vaccinationMedicalRecord.vaccinationMedicalRecordBody.administrationRecord.performerOrg","","","",0,1,"","","","BackboneElement {[]} {[]}
","Information om vårdenhet som utfört vaccinationen","Information om vårdenhet som utfört vaccinationen","","","","","","","","","",,,,,"",,,,"SEEHDSLMVaccinationHistory.vaccinationMedicalRecord.vaccinationMedicalRecordBody.administrationRecord.performerOrg",0,1,"","ele-1:All FHIR elements must have a @value or children {hasValue() or (children().count() > id.count())}
"
"SEEHDSLMVaccinationHistory.vaccinationMedicalRecord.vaccinationMedicalRecordBody.administrationRecord.performerOrg.id","SEEHDSLMVaccinationHistory.vaccinationMedicalRecord.vaccinationMedicalRecordBody.administrationRecord.performerOrg.id","","","",0,1,"","","","string {[]} {[]}
","Unique id for inter-element referencing","Unique id for the element within a resource (for internal references). This may be any string value that does not contain spaces.","","","","","","","","","",,,,,"",,,,"Element.id",0,1,"",""
"SEEHDSLMVaccinationHistory.vaccinationMedicalRecord.vaccinationMedicalRecordBody.administrationRecord.performerOrg.extension","SEEHDSLMVaccinationHistory.vaccinationMedicalRecord.vaccinationMedicalRecordBody.administrationRecord.performerOrg.extension","","extensions
user content","",0,*,"","","","Extension {[]} {[]}
","Additional content defined by implementations","May be used to represent additional information that is not part of the basic definition of the element. To make the use of extensions safe and manageable, there is a strict set of governance  applied to the definition and use of extensions. Though any implementer can define an extension, there is a set of requirements that SHALL be met as part of the definition of the extension.","There can be no stigma associated with the use of extensions by any application, project, or standard - regardless of the institution or jurisdiction that uses or defines the extensions.  The use of extensions is what allows the FHIR specification to retain a core level of simplicity for everyone.","","","","","","","","",,,,,"","value:url}
","Extensions are always sliced by (at least) url",,"open","Element.extension",0,*,"","ele-1:All FHIR elements must have a @value or children {hasValue() or (children().count() > id.count())}
ext-1:Must have either extensions or value[x], not both {extension.exists() != value.exists()}"
"SEEHDSLMVaccinationHistory.vaccinationMedicalRecord.vaccinationMedicalRecordBody.administrationRecord.performerOrg.modifierExtension","SEEHDSLMVaccinationHistory.vaccinationMedicalRecord.vaccinationMedicalRecordBody.administrationRecord.performerOrg.modifierExtension","","extensions
user contentmodifiers","",0,*,"","Y","Y","Extension {[]} {[]}
","Extensions that cannot be ignored even if unrecognized","May be used to represent additional information that is not part of the basic definition of the element and that modifies the understanding of the element in which it is contained and/or the understanding of the containing element's descendants. Usually modifier elements provide negation or qualification. To make the use of extensions safe and manageable, there is a strict set of governance applied to the definition and use of extensions. Though any implementer can define an extension, there is a set of requirements that SHALL be met as part of the definition of the extension. Applications processing a resource are required to check for modifier extensions.

Modifier extensions SHALL NOT change the meaning of any elements on Resource or DomainResource (including cannot change the meaning of modifierExtension itself).","There can be no stigma associated with the use of extensions by any application, project, or standard - regardless of the institution or jurisdiction that uses or defines the extensions.  The use of extensions is what allows the FHIR specification to retain a core level of simplicity for everyone.","Modifier extensions allow for extensions that *cannot* be safely ignored to be clearly distinguished from the vast majority of extensions which can be safely ignored.  This promotes interoperability by eliminating the need for implementers to prohibit the presence of extensions. For further information, see the [definition of modifier extensions](http://hl7.org/fhir/R4/extensibility.html#modifierExtension).","","","","","","","",,,,,"",,,,"BackboneElement.modifierExtension",0,*,"","ele-1:All FHIR elements must have a @value or children {hasValue() or (children().count() > id.count())}
ext-1:Must have either extensions or value[x], not both {extension.exists() != value.exists()}"
"SEEHDSLMVaccinationHistory.vaccinationMedicalRecord.vaccinationMedicalRecordBody.administrationRecord.performerOrg.orgUnitHSAId","SEEHDSLMVaccinationHistory.vaccinationMedicalRecord.vaccinationMedicalRecordBody.administrationRecord.performerOrg.orgUnitHSAId","","","",0,1,"","","","Identifier {[]} {[]}
","HSA-id","HSA-id","","","","","","","","","",,,,,"",,,,"SEEHDSLMVaccinationHistory.vaccinationMedicalRecord.vaccinationMedicalRecordBody.administrationRecord.performerOrg.orgUnitHSAId",0,1,"",""
"SEEHDSLMVaccinationHistory.vaccinationMedicalRecord.vaccinationMedicalRecordBody.administrationRecord.performerOrg.orgUnitName","SEEHDSLMVaccinationHistory.vaccinationMedicalRecord.vaccinationMedicalRecordBody.administrationRecord.performerOrg.orgUnitName","","","",0,1,"","","","string {[]} {[]}
","Namn","Namn","","","","","","","","","",,,,,"",,,,"SEEHDSLMVaccinationHistory.vaccinationMedicalRecord.vaccinationMedicalRecordBody.administrationRecord.performerOrg.orgUnitName",0,1,"",""
"SEEHDSLMVaccinationHistory.vaccinationMedicalRecord.vaccinationMedicalRecordBody.administrationRecord.performer","SEEHDSLMVaccinationHistory.vaccinationMedicalRecord.vaccinationMedicalRecordBody.administrationRecord.performer","","","",0,1,"","","","BackboneElement {[]} {[]}
","Information om vem som administrerat vaccineringen","Information om vem som administrerat vaccineringen","","","","","","","","","",,,,,"",,,,"SEEHDSLMVaccinationHistory.vaccinationMedicalRecord.vaccinationMedicalRecordBody.administrationRecord.performer",0,1,"","ele-1:All FHIR elements must have a @value or children {hasValue() or (children().count() > id.count())}
"
"SEEHDSLMVaccinationHistory.vaccinationMedicalRecord.vaccinationMedicalRecordBody.administrationRecord.performer.id","SEEHDSLMVaccinationHistory.vaccinationMedicalRecord.vaccinationMedicalRecordBody.administrationRecord.performer.id","","","",0,1,"","","","string {[]} {[]}
","Unique id for inter-element referencing","Unique id for the element within a resource (for internal references). This may be any string value that does not contain spaces.","","","","","","","","","",,,,,"",,,,"Element.id",0,1,"",""
"SEEHDSLMVaccinationHistory.vaccinationMedicalRecord.vaccinationMedicalRecordBody.administrationRecord.performer.extension","SEEHDSLMVaccinationHistory.vaccinationMedicalRecord.vaccinationMedicalRecordBody.administrationRecord.performer.extension","","extensions
user content","",0,*,"","","","Extension {[]} {[]}
","Additional content defined by implementations","May be used to represent additional information that is not part of the basic definition of the element. To make the use of extensions safe and manageable, there is a strict set of governance  applied to the definition and use of extensions. Though any implementer can define an extension, there is a set of requirements that SHALL be met as part of the definition of the extension.","There can be no stigma associated with the use of extensions by any application, project, or standard - regardless of the institution or jurisdiction that uses or defines the extensions.  The use of extensions is what allows the FHIR specification to retain a core level of simplicity for everyone.","","","","","","","","",,,,,"","value:url}
","Extensions are always sliced by (at least) url",,"open","Element.extension",0,*,"","ele-1:All FHIR elements must have a @value or children {hasValue() or (children().count() > id.count())}
ext-1:Must have either extensions or value[x], not both {extension.exists() != value.exists()}"
"SEEHDSLMVaccinationHistory.vaccinationMedicalRecord.vaccinationMedicalRecordBody.administrationRecord.performer.modifierExtension","SEEHDSLMVaccinationHistory.vaccinationMedicalRecord.vaccinationMedicalRecordBody.administrationRecord.performer.modifierExtension","","extensions
user contentmodifiers","",0,*,"","Y","Y","Extension {[]} {[]}
","Extensions that cannot be ignored even if unrecognized","May be used to represent additional information that is not part of the basic definition of the element and that modifies the understanding of the element in which it is contained and/or the understanding of the containing element's descendants. Usually modifier elements provide negation or qualification. To make the use of extensions safe and manageable, there is a strict set of governance applied to the definition and use of extensions. Though any implementer can define an extension, there is a set of requirements that SHALL be met as part of the definition of the extension. Applications processing a resource are required to check for modifier extensions.

Modifier extensions SHALL NOT change the meaning of any elements on Resource or DomainResource (including cannot change the meaning of modifierExtension itself).","There can be no stigma associated with the use of extensions by any application, project, or standard - regardless of the institution or jurisdiction that uses or defines the extensions.  The use of extensions is what allows the FHIR specification to retain a core level of simplicity for everyone.","Modifier extensions allow for extensions that *cannot* be safely ignored to be clearly distinguished from the vast majority of extensions which can be safely ignored.  This promotes interoperability by eliminating the need for implementers to prohibit the presence of extensions. For further information, see the [definition of modifier extensions](http://hl7.org/fhir/R4/extensibility.html#modifierExtension).","","","","","","","",,,,,"",,,,"BackboneElement.modifierExtension",0,*,"","ele-1:All FHIR elements must have a @value or children {hasValue() or (children().count() > id.count())}
ext-1:Must have either extensions or value[x], not both {extension.exists() != value.exists()}"
"SEEHDSLMVaccinationHistory.vaccinationMedicalRecord.vaccinationMedicalRecordBody.administrationRecord.performer.actorId","SEEHDSLMVaccinationHistory.vaccinationMedicalRecord.vaccinationMedicalRecordBody.administrationRecord.performer.actorId","","","",0,1,"","","","Identifier {[]} {[]}
","Identifierare","Identifierare","","","","","","","","","",,,,,"",,,,"SEEHDSLMVaccinationHistory.vaccinationMedicalRecord.vaccinationMedicalRecordBody.administrationRecord.performer.actorId",0,1,"",""
"SEEHDSLMVaccinationHistory.vaccinationMedicalRecord.vaccinationMedicalRecordBody.administrationRecord.performer.actorName","SEEHDSLMVaccinationHistory.vaccinationMedicalRecord.vaccinationMedicalRecordBody.administrationRecord.performer.actorName","","","",0,1,"","","","string {[]} {[]}
","Namn","Namn","","","","","","","","","",,,,,"",,,,"SEEHDSLMVaccinationHistory.vaccinationMedicalRecord.vaccinationMedicalRecordBody.administrationRecord.performer.actorName",0,1,"",""
"SEEHDSLMVaccinationHistory.vaccinationMedicalRecord.vaccinationMedicalRecordBody.administrationRecord.anatomicalSite","SEEHDSLMVaccinationHistory.vaccinationMedicalRecord.vaccinationMedicalRecordBody.administrationRecord.anatomicalSite","","","",0,1,"","","","CodeableConcept {[]} {[]}
","Var på kroppen vaccinet givits","Var på kroppen vaccinet givits","","","","","","","","","",,,,,"",,,,"SEEHDSLMVaccinationHistory.vaccinationMedicalRecord.vaccinationMedicalRecordBody.administrationRecord.anatomicalSite",0,1,"",""
"SEEHDSLMVaccinationHistory.vaccinationMedicalRecord.vaccinationMedicalRecordBody.administrationRecord.route","SEEHDSLMVaccinationHistory.vaccinationMedicalRecord.vaccinationMedicalRecordBody.administrationRecord.route","","","",0,1,"","","","CodeableConcept {[]} {[]}
","Hur vaccinet givits (administrationsväg)","Hur vaccinet givits (administrationsväg)","","","","","","","","","",,,,,"",,,,"SEEHDSLMVaccinationHistory.vaccinationMedicalRecord.vaccinationMedicalRecordBody.administrationRecord.route",0,1,"",""
"SEEHDSLMVaccinationHistory.vaccinationMedicalRecord.vaccinationMedicalRecordBody.administrationRecord.dose","SEEHDSLMVaccinationHistory.vaccinationMedicalRecord.vaccinationMedicalRecordBody.administrationRecord.dose","","","",0,1,"","","","BackboneElement {[]} {[]}
","Mängd vaccin som givits","Mängd vaccin som givits","","","","","","","","","",,,,,"",,,,"SEEHDSLMVaccinationHistory.vaccinationMedicalRecord.vaccinationMedicalRecordBody.administrationRecord.dose",0,1,"","ele-1:All FHIR elements must have a @value or children {hasValue() or (children().count() > id.count())}
"
"SEEHDSLMVaccinationHistory.vaccinationMedicalRecord.vaccinationMedicalRecordBody.administrationRecord.dose.id","SEEHDSLMVaccinationHistory.vaccinationMedicalRecord.vaccinationMedicalRecordBody.administrationRecord.dose.id","","","",0,1,"","","","string {[]} {[]}
","Unique id for inter-element referencing","Unique id for the element within a resource (for internal references). This may be any string value that does not contain spaces.","","","","","","","","","",,,,,"",,,,"Element.id",0,1,"",""
"SEEHDSLMVaccinationHistory.vaccinationMedicalRecord.vaccinationMedicalRecordBody.administrationRecord.dose.extension","SEEHDSLMVaccinationHistory.vaccinationMedicalRecord.vaccinationMedicalRecordBody.administrationRecord.dose.extension","","extensions
user content","",0,*,"","","","Extension {[]} {[]}
","Additional content defined by implementations","May be used to represent additional information that is not part of the basic definition of the element. To make the use of extensions safe and manageable, there is a strict set of governance  applied to the definition and use of extensions. Though any implementer can define an extension, there is a set of requirements that SHALL be met as part of the definition of the extension.","There can be no stigma associated with the use of extensions by any application, project, or standard - regardless of the institution or jurisdiction that uses or defines the extensions.  The use of extensions is what allows the FHIR specification to retain a core level of simplicity for everyone.","","","","","","","","",,,,,"","value:url}
","Extensions are always sliced by (at least) url",,"open","Element.extension",0,*,"","ele-1:All FHIR elements must have a @value or children {hasValue() or (children().count() > id.count())}
ext-1:Must have either extensions or value[x], not both {extension.exists() != value.exists()}"
"SEEHDSLMVaccinationHistory.vaccinationMedicalRecord.vaccinationMedicalRecordBody.administrationRecord.dose.modifierExtension","SEEHDSLMVaccinationHistory.vaccinationMedicalRecord.vaccinationMedicalRecordBody.administrationRecord.dose.modifierExtension","","extensions
user contentmodifiers","",0,*,"","Y","Y","Extension {[]} {[]}
","Extensions that cannot be ignored even if unrecognized","May be used to represent additional information that is not part of the basic definition of the element and that modifies the understanding of the element in which it is contained and/or the understanding of the containing element's descendants. Usually modifier elements provide negation or qualification. To make the use of extensions safe and manageable, there is a strict set of governance applied to the definition and use of extensions. Though any implementer can define an extension, there is a set of requirements that SHALL be met as part of the definition of the extension. Applications processing a resource are required to check for modifier extensions.

Modifier extensions SHALL NOT change the meaning of any elements on Resource or DomainResource (including cannot change the meaning of modifierExtension itself).","There can be no stigma associated with the use of extensions by any application, project, or standard - regardless of the institution or jurisdiction that uses or defines the extensions.  The use of extensions is what allows the FHIR specification to retain a core level of simplicity for everyone.","Modifier extensions allow for extensions that *cannot* be safely ignored to be clearly distinguished from the vast majority of extensions which can be safely ignored.  This promotes interoperability by eliminating the need for implementers to prohibit the presence of extensions. For further information, see the [definition of modifier extensions](http://hl7.org/fhir/R4/extensibility.html#modifierExtension).","","","","","","","",,,,,"",,,,"BackboneElement.modifierExtension",0,*,"","ele-1:All FHIR elements must have a @value or children {hasValue() or (children().count() > id.count())}
ext-1:Must have either extensions or value[x], not both {extension.exists() != value.exists()}"
"SEEHDSLMVaccinationHistory.vaccinationMedicalRecord.vaccinationMedicalRecordBody.administrationRecord.dose.quantity","SEEHDSLMVaccinationHistory.vaccinationMedicalRecord.vaccinationMedicalRecordBody.administrationRecord.dose.quantity","","","",0,1,"","","","Quantity {[]} {[]}
","Mängd preparat som givits (strukturerad form)","Mängd preparat som givits (strukturerad form)","","","","","","","","","",,,,,"",,,,"SEEHDSLMVaccinationHistory.vaccinationMedicalRecord.vaccinationMedicalRecordBody.administrationRecord.dose.quantity",0,1,"",""
"SEEHDSLMVaccinationHistory.vaccinationMedicalRecord.vaccinationMedicalRecordBody.administrationRecord.dose.displayName","SEEHDSLMVaccinationHistory.vaccinationMedicalRecord.vaccinationMedicalRecordBody.administrationRecord.dose.displayName","","","",1,1,"","","","string {[]} {[]}
","Fritextbeskrivning av mängd vaccin, t.ex. '1 ml'","Fritextbeskrivning av mängd vaccin, t.ex. '1 ml'","","","","","","","","","",,,,,"",,,,"SEEHDSLMVaccinationHistory.vaccinationMedicalRecord.vaccinationMedicalRecordBody.administrationRecord.dose.displayName",1,1,"",""
"SEEHDSLMVaccinationHistory.vaccinationMedicalRecord.vaccinationMedicalRecordBody.administrationRecord.isDoseComplete","SEEHDSLMVaccinationHistory.vaccinationMedicalRecord.vaccinationMedicalRecordBody.administrationRecord.isDoseComplete","","","",0,1,"","","","boolean {[]} {[]}
","True om vaccinering räknas som hel dos","True om vaccinering räknas som hel dos","","","","","","","","","",,,,,"",,,,"SEEHDSLMVaccinationHistory.vaccinationMedicalRecord.vaccinationMedicalRecordBody.administrationRecord.isDoseComplete",0,1,"",""
"SEEHDSLMVaccinationHistory.vaccinationMedicalRecord.vaccinationMedicalRecordBody.administrationRecord.doseOrdinalNumber","SEEHDSLMVaccinationHistory.vaccinationMedicalRecord.vaccinationMedicalRecordBody.administrationRecord.doseOrdinalNumber","","","",0,1,"","","","integer {[]} {[]}
","Anger vilken dos i ordningen","Anger vilken dos i ordningen","","","","","","","","","",,,,,"",,,,"SEEHDSLMVaccinationHistory.vaccinationMedicalRecord.vaccinationMedicalRecordBody.administrationRecord.doseOrdinalNumber",0,1,"",""
"SEEHDSLMVaccinationHistory.vaccinationMedicalRecord.vaccinationMedicalRecordBody.administrationRecord.numberOfPrescribedDoses","SEEHDSLMVaccinationHistory.vaccinationMedicalRecord.vaccinationMedicalRecordBody.administrationRecord.numberOfPrescribedDoses","","","",0,1,"","","","integer {[]} {[]}
","Antal delvaccinationer för hel dos","Antal delvaccinationer för hel dos","","","","","","","","","",,,,,"",,,,"SEEHDSLMVaccinationHistory.vaccinationMedicalRecord.vaccinationMedicalRecordBody.administrationRecord.numberOfPrescribedDoses",0,1,"",""
"SEEHDSLMVaccinationHistory.vaccinationMedicalRecord.vaccinationMedicalRecordBody.administrationRecord.sourceDescription","SEEHDSLMVaccinationHistory.vaccinationMedicalRecord.vaccinationMedicalRecordBody.administrationRecord.sourceDescription","","","",0,1,"","","","string {[]} {[]}
","Fritext om källa för efterregistrerad vaccinering","Fritext om källa för efterregistrerad vaccinering","","","","","","","","","",,,,,"",,,,"SEEHDSLMVaccinationHistory.vaccinationMedicalRecord.vaccinationMedicalRecordBody.administrationRecord.sourceDescription",0,1,"",""
"SEEHDSLMVaccinationHistory.vaccinationMedicalRecord.vaccinationMedicalRecordBody.administrationRecord.commentPrescription","SEEHDSLMVaccinationHistory.vaccinationMedicalRecord.vaccinationMedicalRecordBody.administrationRecord.commentPrescription","","","",0,1,"","","","string {[]} {[]}
","Fritext: instruktioner från ordination","Fritext: instruktioner från ordination","","","","","","","","","",,,,,"",,,,"SEEHDSLMVaccinationHistory.vaccinationMedicalRecord.vaccinationMedicalRecordBody.administrationRecord.commentPrescription",0,1,"",""
"SEEHDSLMVaccinationHistory.vaccinationMedicalRecord.vaccinationMedicalRecordBody.administrationRecord.commentAdministration","SEEHDSLMVaccinationHistory.vaccinationMedicalRecord.vaccinationMedicalRecordBody.administrationRecord.commentAdministration","","","",0,1,"","","","string {[]} {[]}
","Fritext: kommentarer vid vaccinering","Fritext: kommentarer vid vaccinering","","","","","","","","","",,,,,"",,,,"SEEHDSLMVaccinationHistory.vaccinationMedicalRecord.vaccinationMedicalRecordBody.administrationRecord.commentAdministration",0,1,"",""
"SEEHDSLMVaccinationHistory.vaccinationMedicalRecord.vaccinationMedicalRecordBody.administrationRecord.patientAdverseEffect","SEEHDSLMVaccinationHistory.vaccinationMedicalRecord.vaccinationMedicalRecordBody.administrationRecord.patientAdverseEffect","","","",0,*,"","","","CodeableConcept {[]} {[]}
","Reaktioner för det specifika administreringstillfället","Reaktioner för det specifika administreringstillfället","","","","","","","","","",,,,,"",,,,"SEEHDSLMVaccinationHistory.vaccinationMedicalRecord.vaccinationMedicalRecordBody.administrationRecord.patientAdverseEffect",0,*,"",""
"SEEHDSLMVaccinationHistory.vaccinationMedicalRecord.vaccinationMedicalRecordBody.administrationRecord.typeOfVaccine","SEEHDSLMVaccinationHistory.vaccinationMedicalRecord.vaccinationMedicalRecordBody.administrationRecord.typeOfVaccine","","","",0,1,"","","","CodeableConcept {[]} {[]}
","Vaccintyp (vilka sjukdomar vaccinet skyddar emot)","Vaccintyp (vilka sjukdomar vaccinet skyddar emot)","","","","","","","","","",,,,,"",,,,"SEEHDSLMVaccinationHistory.vaccinationMedicalRecord.vaccinationMedicalRecordBody.administrationRecord.typeOfVaccine",0,1,"",""
"SEEHDSLMVaccinationHistory.vaccinationMedicalRecord.vaccinationMedicalRecordBody.administrationRecord.vaccineName","SEEHDSLMVaccinationHistory.vaccinationMedicalRecord.vaccinationMedicalRecordBody.administrationRecord.vaccineName","","","",0,1,"","","","CodeableConcept {[]} {[]}
","Vaccinets produktnamn (NPL-id rekommenderas)","Vaccinets produktnamn (NPL-id rekommenderas)","","","","","","","","","",,,,,"",,,,"SEEHDSLMVaccinationHistory.vaccinationMedicalRecord.vaccinationMedicalRecordBody.administrationRecord.vaccineName",0,1,"",""
"SEEHDSLMVaccinationHistory.vaccinationMedicalRecord.vaccinationMedicalRecordBody.administrationRecord.vaccineBatchId","SEEHDSLMVaccinationHistory.vaccinationMedicalRecord.vaccinationMedicalRecordBody.administrationRecord.vaccineBatchId","","","",0,1,"","","","string {[]} {[]}
","Batchnummer för vaccinets tillverkning","Batchnummer för vaccinets tillverkning","","","","","","","","","",,,,,"",,,,"SEEHDSLMVaccinationHistory.vaccinationMedicalRecord.vaccinationMedicalRecordBody.administrationRecord.vaccineBatchId",0,1,"",""
"SEEHDSLMVaccinationHistory.vaccinationMedicalRecord.vaccinationMedicalRecordBody.administrationRecord.vaccineManufacturer","SEEHDSLMVaccinationHistory.vaccinationMedicalRecord.vaccinationMedicalRecordBody.administrationRecord.vaccineManufacturer","","","",0,1,"","","","string {[]} {[]}
","Namn på vaccintillverkaren","Namn på vaccintillverkaren","","","","","","","","","",,,,,"",,,,"SEEHDSLMVaccinationHistory.vaccinationMedicalRecord.vaccinationMedicalRecordBody.administrationRecord.vaccineManufacturer",0,1,"",""
"SEEHDSLMVaccinationHistory.vaccinationMedicalRecord.vaccinationMedicalRecordBody.administrationRecord.vaccineTargetDisease","SEEHDSLMVaccinationHistory.vaccinationMedicalRecord.vaccinationMedicalRecordBody.administrationRecord.vaccineTargetDisease","","","",0,*,"","","","CodeableConcept {[]} {[]}
","Sjukdomar vaccinet skyddar emot","Sjukdomar vaccinet skyddar emot","","","","","","","","","",,,,,"",,,,"SEEHDSLMVaccinationHistory.vaccinationMedicalRecord.vaccinationMedicalRecordBody.administrationRecord.vaccineTargetDisease",0,*,"",""
"SEEHDSLMVaccinationHistory.vaccinationMedicalRecord.vaccinationMedicalRecordBody.administrationRecord.vaccinationUniqueReference","SEEHDSLMVaccinationHistory.vaccinationMedicalRecord.vaccinationMedicalRecordBody.administrationRecord.vaccinationUniqueReference","","","",0,1,"","","","Identifier {[]} {[]}
","Unik referens till källsystemets vaccinationsinformation","Unik referens till källsystemets vaccinationsinformation","","","","","","","","","",,,,,"",,,,"SEEHDSLMVaccinationHistory.vaccinationMedicalRecord.vaccinationMedicalRecordBody.administrationRecord.vaccinationUniqueReference",0,1,"",""
"SEEHDSLMVaccinationHistory.vaccinationMedicalRecord.vaccinationMedicalRecordBody.additionalPatientInformation","SEEHDSLMVaccinationHistory.vaccinationMedicalRecord.vaccinationMedicalRecordBody.additionalPatientInformation","","","",0,1,"","","","BackboneElement {[]} {[]}
","Ytterligare patientinformation","Ytterligare patientinformation","","","","","","","","","",,,,,"",,,,"SEEHDSLMVaccinationHistory.vaccinationMedicalRecord.vaccinationMedicalRecordBody.additionalPatientInformation",0,1,"","ele-1:All FHIR elements must have a @value or children {hasValue() or (children().count() > id.count())}
"
"SEEHDSLMVaccinationHistory.vaccinationMedicalRecord.vaccinationMedicalRecordBody.additionalPatientInformation.id","SEEHDSLMVaccinationHistory.vaccinationMedicalRecord.vaccinationMedicalRecordBody.additionalPatientInformation.id","","","",0,1,"","","","string {[]} {[]}
","Unique id for inter-element referencing","Unique id for the element within a resource (for internal references). This may be any string value that does not contain spaces.","","","","","","","","","",,,,,"",,,,"Element.id",0,1,"",""
"SEEHDSLMVaccinationHistory.vaccinationMedicalRecord.vaccinationMedicalRecordBody.additionalPatientInformation.extension","SEEHDSLMVaccinationHistory.vaccinationMedicalRecord.vaccinationMedicalRecordBody.additionalPatientInformation.extension","","extensions
user content","",0,*,"","","","Extension {[]} {[]}
","Additional content defined by implementations","May be used to represent additional information that is not part of the basic definition of the element. To make the use of extensions safe and manageable, there is a strict set of governance  applied to the definition and use of extensions. Though any implementer can define an extension, there is a set of requirements that SHALL be met as part of the definition of the extension.","There can be no stigma associated with the use of extensions by any application, project, or standard - regardless of the institution or jurisdiction that uses or defines the extensions.  The use of extensions is what allows the FHIR specification to retain a core level of simplicity for everyone.","","","","","","","","",,,,,"","value:url}
","Extensions are always sliced by (at least) url",,"open","Element.extension",0,*,"","ele-1:All FHIR elements must have a @value or children {hasValue() or (children().count() > id.count())}
ext-1:Must have either extensions or value[x], not both {extension.exists() != value.exists()}"
"SEEHDSLMVaccinationHistory.vaccinationMedicalRecord.vaccinationMedicalRecordBody.additionalPatientInformation.modifierExtension","SEEHDSLMVaccinationHistory.vaccinationMedicalRecord.vaccinationMedicalRecordBody.additionalPatientInformation.modifierExtension","","extensions
user contentmodifiers","",0,*,"","Y","Y","Extension {[]} {[]}
","Extensions that cannot be ignored even if unrecognized","May be used to represent additional information that is not part of the basic definition of the element and that modifies the understanding of the element in which it is contained and/or the understanding of the containing element's descendants. Usually modifier elements provide negation or qualification. To make the use of extensions safe and manageable, there is a strict set of governance applied to the definition and use of extensions. Though any implementer can define an extension, there is a set of requirements that SHALL be met as part of the definition of the extension. Applications processing a resource are required to check for modifier extensions.

Modifier extensions SHALL NOT change the meaning of any elements on Resource or DomainResource (including cannot change the meaning of modifierExtension itself).","There can be no stigma associated with the use of extensions by any application, project, or standard - regardless of the institution or jurisdiction that uses or defines the extensions.  The use of extensions is what allows the FHIR specification to retain a core level of simplicity for everyone.","Modifier extensions allow for extensions that *cannot* be safely ignored to be clearly distinguished from the vast majority of extensions which can be safely ignored.  This promotes interoperability by eliminating the need for implementers to prohibit the presence of extensions. For further information, see the [definition of modifier extensions](http://hl7.org/fhir/R4/extensibility.html#modifierExtension).","","","","","","","",,,,,"",,,,"BackboneElement.modifierExtension",0,*,"","ele-1:All FHIR elements must have a @value or children {hasValue() or (children().count() > id.count())}
ext-1:Must have either extensions or value[x], not both {extension.exists() != value.exists()}"
"SEEHDSLMVaccinationHistory.vaccinationMedicalRecord.vaccinationMedicalRecordBody.additionalPatientInformation.dateOfBirth","SEEHDSLMVaccinationHistory.vaccinationMedicalRecord.vaccinationMedicalRecordBody.additionalPatientInformation.dateOfBirth","","","",1,1,"","","","date {[]} {[]}
","Patientens födelsedatum","Patientens födelsedatum","","","","","","","","","",,,,,"",,,,"SEEHDSLMVaccinationHistory.vaccinationMedicalRecord.vaccinationMedicalRecordBody.additionalPatientInformation.dateOfBirth",1,1,"",""
"SEEHDSLMVaccinationHistory.vaccinationMedicalRecord.vaccinationMedicalRecordBody.additionalPatientInformation.gender","SEEHDSLMVaccinationHistory.vaccinationMedicalRecord.vaccinationMedicalRecordBody.additionalPatientInformation.gender","","","",0,1,"","","","CodeableConcept {[]} {[]}
","Patientens kön. KV Kön (OID 1.2.752.129.2.2.1.1) bör användas. CVType-begränsning (Regel): originalText är förbjudet (0..0) — code, codeSystem och displayName ska anges.","Patientens kön. KV Kön (OID 1.2.752.129.2.2.1.1) bör användas. CVType-begränsning (Regel): originalText är förbjudet (0..0) — code, codeSystem och displayName ska anges.","","","","","","","","","",,,,,"",,,,"SEEHDSLMVaccinationHistory.vaccinationMedicalRecord.vaccinationMedicalRecordBody.additionalPatientInformation.gender",0,1,"",""
"SEEHDSLMVaccinationHistory.result","SEEHDSLMVaccinationHistory.result","","","",1,1,"","","","BackboneElement {[]} {[]}
","Svarsstatus","Svarsstatus","","","","","","","","","",,,,,"",,,,"SEEHDSLMVaccinationHistory.result",1,1,"","ele-1:All FHIR elements must have a @value or children {hasValue() or (children().count() > id.count())}
"
"SEEHDSLMVaccinationHistory.result.id","SEEHDSLMVaccinationHistory.result.id","","","",0,1,"","","","string {[]} {[]}
","Unique id for inter-element referencing","Unique id for the element within a resource (for internal references). This may be any string value that does not contain spaces.","","","","","","","","","",,,,,"",,,,"Element.id",0,1,"",""
"SEEHDSLMVaccinationHistory.result.extension","SEEHDSLMVaccinationHistory.result.extension","","extensions
user content","",0,*,"","","","Extension {[]} {[]}
","Additional content defined by implementations","May be used to represent additional information that is not part of the basic definition of the element. To make the use of extensions safe and manageable, there is a strict set of governance  applied to the definition and use of extensions. Though any implementer can define an extension, there is a set of requirements that SHALL be met as part of the definition of the extension.","There can be no stigma associated with the use of extensions by any application, project, or standard - regardless of the institution or jurisdiction that uses or defines the extensions.  The use of extensions is what allows the FHIR specification to retain a core level of simplicity for everyone.","","","","","","","","",,,,,"","value:url}
","Extensions are always sliced by (at least) url",,"open","Element.extension",0,*,"","ele-1:All FHIR elements must have a @value or children {hasValue() or (children().count() > id.count())}
ext-1:Must have either extensions or value[x], not both {extension.exists() != value.exists()}"
"SEEHDSLMVaccinationHistory.result.modifierExtension","SEEHDSLMVaccinationHistory.result.modifierExtension","","extensions
user contentmodifiers","",0,*,"","Y","Y","Extension {[]} {[]}
","Extensions that cannot be ignored even if unrecognized","May be used to represent additional information that is not part of the basic definition of the element and that modifies the understanding of the element in which it is contained and/or the understanding of the containing element's descendants. Usually modifier elements provide negation or qualification. To make the use of extensions safe and manageable, there is a strict set of governance applied to the definition and use of extensions. Though any implementer can define an extension, there is a set of requirements that SHALL be met as part of the definition of the extension. Applications processing a resource are required to check for modifier extensions.

Modifier extensions SHALL NOT change the meaning of any elements on Resource or DomainResource (including cannot change the meaning of modifierExtension itself).","There can be no stigma associated with the use of extensions by any application, project, or standard - regardless of the institution or jurisdiction that uses or defines the extensions.  The use of extensions is what allows the FHIR specification to retain a core level of simplicity for everyone.","Modifier extensions allow for extensions that *cannot* be safely ignored to be clearly distinguished from the vast majority of extensions which can be safely ignored.  This promotes interoperability by eliminating the need for implementers to prohibit the presence of extensions. For further information, see the [definition of modifier extensions](http://hl7.org/fhir/R4/extensibility.html#modifierExtension).","","","","","","","",,,,,"",,,,"BackboneElement.modifierExtension",0,*,"","ele-1:All FHIR elements must have a @value or children {hasValue() or (children().count() > id.count())}
ext-1:Must have either extensions or value[x], not both {extension.exists() != value.exists()}"
"SEEHDSLMVaccinationHistory.result.resultCode","SEEHDSLMVaccinationHistory.result.resultCode","","","",1,1,"","","","code {[]} {[]}
","OK, INFO eller ERROR","OK, INFO eller ERROR","","","","","","","","","",,"required","","https://fhir.inera.se/ig/ehds-tk/ValueSet/resultcode-vs","",,,,"SEEHDSLMVaccinationHistory.result.resultCode",1,1,"",""
"SEEHDSLMVaccinationHistory.result.errorCode","SEEHDSLMVaccinationHistory.result.errorCode","","","",0,1,"","","","code {[]} {[]}
","Sätts om resultCode är ERROR","Sätts om resultCode är ERROR","","","","","","","","","",,"required","","https://fhir.inera.se/ig/ehds-tk/ValueSet/errorcode-vs","",,,,"SEEHDSLMVaccinationHistory.result.errorCode",0,1,"",""
"SEEHDSLMVaccinationHistory.result.subcode","SEEHDSLMVaccinationHistory.result.subcode","","","",0,1,"","","","string {[]} {[]}
","Inga subkoder specificerade","Inga subkoder specificerade","","","","","","","","","",,,,,"",,,,"SEEHDSLMVaccinationHistory.result.subcode",0,1,"",""
"SEEHDSLMVaccinationHistory.result.logId","SEEHDSLMVaccinationHistory.result.logId","","","",1,1,"","","","string {[]} {[]}
","UUID för felsökning hos producent","UUID för felsökning hos producent","","","","","","","","","",,,,,"",,,,"SEEHDSLMVaccinationHistory.result.logId",1,1,"",""
"SEEHDSLMVaccinationHistory.result.message","SEEHDSLMVaccinationHistory.result.message","","","",0,1,"","","","string {[]} {[]}
","Beskrivande text för användaren","Beskrivande text för användaren","","","","","","","","","",,,,,"",,,,"SEEHDSLMVaccinationHistory.result.message",0,1,"",""
