"Id","Path","Slice Name","Alias(s)","Label","Min","Max","Must Support?","Is Modifier?","Is Summary?","Type(s)","Short","Definition","Comments","Requirements","Default Value","Meaning When Missing","Fixed Value","Pattern","Example","Minimum Value","Maximum Value","Maximum Length","Binding Strength","Binding Description","Binding Value Set","Code","Slicing Discriminator","Slicing Description","Slicing Ordered","Slicing Rules","Base Path","Base Min","Base Max","Condition(s)","Constraint(s)"
"SEEHDSLMMaternityMedicalHistory","SEEHDSLMMaternityMedicalHistory","","","",0,*,"","","","null {[]} {[]}
","GetMaternityMedicalHistory","Logisk modell för tjänstekontraktet GetMaternityMedicalHistory
(RIV-TA urn:riv:clinicalprocess:healthcond:actoutcome:GetMaternityMedicalHistory:2).
Representerar responsens informationsstruktur — mödravårdsjournal för en patient.","","","","","","","","","",,,,,"",,,,"Base",0,*,"",""
"SEEHDSLMMaternityMedicalHistory.maternityMedicalRecord","SEEHDSLMMaternityMedicalHistory.maternityMedicalRecord","","","",0,*,"","","","BackboneElement {[]} {[]}
","Mödravårdsjournalpost","Mödravårdsjournalpost","","","","","","","","","",,,,,"",,,,"SEEHDSLMMaternityMedicalHistory.maternityMedicalRecord",0,*,"","ele-1:All FHIR elements must have a @value or children {hasValue() or (children().count() > id.count())}
"
"SEEHDSLMMaternityMedicalHistory.maternityMedicalRecord.id","SEEHDSLMMaternityMedicalHistory.maternityMedicalRecord.id","","","",0,1,"","","","string {[]} {[]}
","Unique id for inter-element referencing","Unique id for the element within a resource (for internal references). This may be any string value that does not contain spaces.","","","","","","","","","",,,,,"",,,,"Element.id",0,1,"",""
"SEEHDSLMMaternityMedicalHistory.maternityMedicalRecord.extension","SEEHDSLMMaternityMedicalHistory.maternityMedicalRecord.extension","","extensions
user content","",0,*,"","","","Extension {[]} {[]}
","Additional content defined by implementations","May be used to represent additional information that is not part of the basic definition of the element. To make the use of extensions safe and manageable, there is a strict set of governance  applied to the definition and use of extensions. Though any implementer can define an extension, there is a set of requirements that SHALL be met as part of the definition of the extension.","There can be no stigma associated with the use of extensions by any application, project, or standard - regardless of the institution or jurisdiction that uses or defines the extensions.  The use of extensions is what allows the FHIR specification to retain a core level of simplicity for everyone.","","","","","","","","",,,,,"","value:url}
","Extensions are always sliced by (at least) url",,"open","Element.extension",0,*,"","ele-1:All FHIR elements must have a @value or children {hasValue() or (children().count() > id.count())}
ext-1:Must have either extensions or value[x], not both {extension.exists() != value.exists()}"
"SEEHDSLMMaternityMedicalHistory.maternityMedicalRecord.modifierExtension","SEEHDSLMMaternityMedicalHistory.maternityMedicalRecord.modifierExtension","","extensions
user contentmodifiers","",0,*,"","Y","Y","Extension {[]} {[]}
","Extensions that cannot be ignored even if unrecognized","May be used to represent additional information that is not part of the basic definition of the element and that modifies the understanding of the element in which it is contained and/or the understanding of the containing element's descendants. Usually modifier elements provide negation or qualification. To make the use of extensions safe and manageable, there is a strict set of governance applied to the definition and use of extensions. Though any implementer can define an extension, there is a set of requirements that SHALL be met as part of the definition of the extension. Applications processing a resource are required to check for modifier extensions.

Modifier extensions SHALL NOT change the meaning of any elements on Resource or DomainResource (including cannot change the meaning of modifierExtension itself).","There can be no stigma associated with the use of extensions by any application, project, or standard - regardless of the institution or jurisdiction that uses or defines the extensions.  The use of extensions is what allows the FHIR specification to retain a core level of simplicity for everyone.","Modifier extensions allow for extensions that *cannot* be safely ignored to be clearly distinguished from the vast majority of extensions which can be safely ignored.  This promotes interoperability by eliminating the need for implementers to prohibit the presence of extensions. For further information, see the [definition of modifier extensions](http://hl7.org/fhir/R4/extensibility.html#modifierExtension).","","","","","","","",,,,,"",,,,"BackboneElement.modifierExtension",0,*,"","ele-1:All FHIR elements must have a @value or children {hasValue() or (children().count() > id.count())}
ext-1:Must have either extensions or value[x], not both {extension.exists() != value.exists()}"
"SEEHDSLMMaternityMedicalHistory.maternityMedicalRecord.maternityMedicalRecordHeader","SEEHDSLMMaternityMedicalHistory.maternityMedicalRecord.maternityMedicalRecordHeader","","","",1,1,"","","","BackboneElement {[]} {[]}
","PatientSummaryHeader","PatientSummaryHeader","","","","","","","","","",,,,,"",,,,"SEEHDSLMMaternityMedicalHistory.maternityMedicalRecord.maternityMedicalRecordHeader",1,1,"","ele-1:All FHIR elements must have a @value or children {hasValue() or (children().count() > id.count())}
"
"SEEHDSLMMaternityMedicalHistory.maternityMedicalRecord.maternityMedicalRecordHeader.id","SEEHDSLMMaternityMedicalHistory.maternityMedicalRecord.maternityMedicalRecordHeader.id","","","",0,1,"","","","string {[]} {[]}
","Unique id for inter-element referencing","Unique id for the element within a resource (for internal references). This may be any string value that does not contain spaces.","","","","","","","","","",,,,,"",,,,"Element.id",0,1,"",""
"SEEHDSLMMaternityMedicalHistory.maternityMedicalRecord.maternityMedicalRecordHeader.extension","SEEHDSLMMaternityMedicalHistory.maternityMedicalRecord.maternityMedicalRecordHeader.extension","","extensions
user content","",0,*,"","","","Extension {[]} {[]}
","Additional content defined by implementations","May be used to represent additional information that is not part of the basic definition of the element. To make the use of extensions safe and manageable, there is a strict set of governance  applied to the definition and use of extensions. Though any implementer can define an extension, there is a set of requirements that SHALL be met as part of the definition of the extension.","There can be no stigma associated with the use of extensions by any application, project, or standard - regardless of the institution or jurisdiction that uses or defines the extensions.  The use of extensions is what allows the FHIR specification to retain a core level of simplicity for everyone.","","","","","","","","",,,,,"","value:url}
","Extensions are always sliced by (at least) url",,"open","Element.extension",0,*,"","ele-1:All FHIR elements must have a @value or children {hasValue() or (children().count() > id.count())}
ext-1:Must have either extensions or value[x], not both {extension.exists() != value.exists()}"
"SEEHDSLMMaternityMedicalHistory.maternityMedicalRecord.maternityMedicalRecordHeader.modifierExtension","SEEHDSLMMaternityMedicalHistory.maternityMedicalRecord.maternityMedicalRecordHeader.modifierExtension","","extensions
user contentmodifiers","",0,*,"","Y","Y","Extension {[]} {[]}
","Extensions that cannot be ignored even if unrecognized","May be used to represent additional information that is not part of the basic definition of the element and that modifies the understanding of the element in which it is contained and/or the understanding of the containing element's descendants. Usually modifier elements provide negation or qualification. To make the use of extensions safe and manageable, there is a strict set of governance applied to the definition and use of extensions. Though any implementer can define an extension, there is a set of requirements that SHALL be met as part of the definition of the extension. Applications processing a resource are required to check for modifier extensions.

Modifier extensions SHALL NOT change the meaning of any elements on Resource or DomainResource (including cannot change the meaning of modifierExtension itself).","There can be no stigma associated with the use of extensions by any application, project, or standard - regardless of the institution or jurisdiction that uses or defines the extensions.  The use of extensions is what allows the FHIR specification to retain a core level of simplicity for everyone.","Modifier extensions allow for extensions that *cannot* be safely ignored to be clearly distinguished from the vast majority of extensions which can be safely ignored.  This promotes interoperability by eliminating the need for implementers to prohibit the presence of extensions. For further information, see the [definition of modifier extensions](http://hl7.org/fhir/R4/extensibility.html#modifierExtension).","","","","","","","",,,,,"",,,,"BackboneElement.modifierExtension",0,*,"","ele-1:All FHIR elements must have a @value or children {hasValue() or (children().count() > id.count())}
ext-1:Must have either extensions or value[x], not both {extension.exists() != value.exists()}"
"SEEHDSLMMaternityMedicalHistory.maternityMedicalRecord.maternityMedicalRecordHeader.documentId","SEEHDSLMMaternityMedicalHistory.maternityMedicalRecord.maternityMedicalRecordHeader.documentId","","","",1,1,"","","","string {[]} {[]}
","Dokumentets unika id","Dokumentets unika id","","","","","","","","","",,,,,"",,,,"SEEHDSLMMaternityMedicalHistory.maternityMedicalRecord.maternityMedicalRecordHeader.documentId",1,1,"",""
"SEEHDSLMMaternityMedicalHistory.maternityMedicalRecord.maternityMedicalRecordHeader.sourceSystemHSAId","SEEHDSLMMaternityMedicalHistory.maternityMedicalRecord.maternityMedicalRecordHeader.sourceSystemHSAId","","","",1,1,"","","","Identifier {[]} {[]}
","Källsystemets HSA-id","Källsystemets HSA-id","","","","","","","","","",,,,,"",,,,"SEEHDSLMMaternityMedicalHistory.maternityMedicalRecord.maternityMedicalRecordHeader.sourceSystemHSAId",1,1,"",""
"SEEHDSLMMaternityMedicalHistory.maternityMedicalRecord.maternityMedicalRecordHeader.documentTitle","SEEHDSLMMaternityMedicalHistory.maternityMedicalRecord.maternityMedicalRecordHeader.documentTitle","","","",0,1,"","","","string {[]} {[]}
","Dokumentets titel","Dokumentets titel","","","","","","","","","",,,,,"",,,,"SEEHDSLMMaternityMedicalHistory.maternityMedicalRecord.maternityMedicalRecordHeader.documentTitle",0,1,"",""
"SEEHDSLMMaternityMedicalHistory.maternityMedicalRecord.maternityMedicalRecordHeader.documentTime","SEEHDSLMMaternityMedicalHistory.maternityMedicalRecord.maternityMedicalRecordHeader.documentTime","","","",1,1,"","","","instant {[]} {[]}
","Dokumentets tidpunkt","Dokumentets tidpunkt","","","","","","","","","",,,,,"",,,,"SEEHDSLMMaternityMedicalHistory.maternityMedicalRecord.maternityMedicalRecordHeader.documentTime",1,1,"",""
"SEEHDSLMMaternityMedicalHistory.maternityMedicalRecord.maternityMedicalRecordHeader.patientId","SEEHDSLMMaternityMedicalHistory.maternityMedicalRecord.maternityMedicalRecordHeader.patientId","","","",1,1,"","","","Identifier {[]} {[]}
","Patientens id","Patientens id","","","","","","","","","",,,,,"",,,,"SEEHDSLMMaternityMedicalHistory.maternityMedicalRecord.maternityMedicalRecordHeader.patientId",1,1,"","ele-1:All FHIR elements must have a @value or children {hasValue() or (children().count() > id.count())}
"
"SEEHDSLMMaternityMedicalHistory.maternityMedicalRecord.maternityMedicalRecordHeader.patientId.id","SEEHDSLMMaternityMedicalHistory.maternityMedicalRecord.maternityMedicalRecordHeader.patientId.id","","","",0,1,"","","","string {[]} {[]}
","Unique id for inter-element referencing","Unique id for the element within a resource (for internal references). This may be any string value that does not contain spaces.","","","","","","","","","",,,,,"",,,,"Element.id",0,1,"",""
"SEEHDSLMMaternityMedicalHistory.maternityMedicalRecord.maternityMedicalRecordHeader.patientId.extension","SEEHDSLMMaternityMedicalHistory.maternityMedicalRecord.maternityMedicalRecordHeader.patientId.extension","","extensions
user content","",0,*,"","","","Extension {[]} {[]}
","Additional content defined by implementations","May be used to represent additional information that is not part of the basic definition of the element. To make the use of extensions safe and manageable, there is a strict set of governance  applied to the definition and use of extensions. Though any implementer can define an extension, there is a set of requirements that SHALL be met as part of the definition of the extension.","There can be no stigma associated with the use of extensions by any application, project, or standard - regardless of the institution or jurisdiction that uses or defines the extensions.  The use of extensions is what allows the FHIR specification to retain a core level of simplicity for everyone.","","","","","","","","",,,,,"","value:url}
","Extensions are always sliced by (at least) url",,"open","Element.extension",0,*,"","ele-1:All FHIR elements must have a @value or children {hasValue() or (children().count() > id.count())}
ext-1:Must have either extensions or value[x], not both {extension.exists() != value.exists()}"
"SEEHDSLMMaternityMedicalHistory.maternityMedicalRecord.maternityMedicalRecordHeader.patientId.use","SEEHDSLMMaternityMedicalHistory.maternityMedicalRecord.maternityMedicalRecordHeader.patientId.use","","","",0,1,"","Y","Y","code {[]} {[]}
","usual | official | temp | secondary | old (If known)","The purpose of this identifier.","Applications can assume that an identifier is permanent unless it explicitly says that it is temporary.","Allows the appropriate identifier for a particular context of use to be selected from among a set of identifiers.","","","","","","","",,"required","Identifies the purpose for this identifier, if known .","http://hl7.org/fhir/ValueSet/identifier-use|4.0.1","",,,,"Identifier.use",0,1,"","ele-1:All FHIR elements must have a @value or children {hasValue() or (children().count() > id.count())}
"
"SEEHDSLMMaternityMedicalHistory.maternityMedicalRecord.maternityMedicalRecordHeader.patientId.type","SEEHDSLMMaternityMedicalHistory.maternityMedicalRecord.maternityMedicalRecordHeader.patientId.type","","","",0,1,"","","Y","CodeableConcept {[]} {[]}
","Description of identifier","A coded type for the identifier that can be used to determine which identifier to use for a specific purpose.","This element deals only with general categories of identifiers.  It SHOULD not be used for codes that correspond 1..1 with the Identifier.system. Some identifiers may fall into multiple categories due to common usage.   Where the system is known, a type is unnecessary because the type is always part of the system definition. However systems often need to handle identifiers where the system is not known. There is not a 1:1 relationship between type and system, since many different systems have the same type.","Allows users to make use of identifiers when the identifier system is not known.","","","","","","","",,"extensible","A coded type for an identifier that can be used to determine which identifier to use for a specific purpose.","http://hl7.org/fhir/ValueSet/identifier-type|4.0.1","",,,,"Identifier.type",0,1,"","ele-1:All FHIR elements must have a @value or children {hasValue() or (children().count() > id.count())}
"
"SEEHDSLMMaternityMedicalHistory.maternityMedicalRecord.maternityMedicalRecordHeader.patientId.system","SEEHDSLMMaternityMedicalHistory.maternityMedicalRecord.maternityMedicalRecordHeader.patientId.system","","","",1,1,"","","Y","uri {[]} {[]}
","OID för identifierartyp (t.ex. urn:oid:1.2.752.129.2.1.3.1)","OID för identifierartyp (t.ex. urn:oid:1.2.752.129.2.1.3.1)","Identifier.system is always case sensitive.","There are many sets  of identifiers.  To perform matching of two identifiers, we need to know what set we're dealing with. The system identifies a particular set of unique identifiers.","","","","","<valueUri xmlns=""http://hl7.org/fhir"" value=""http://www.acme.com/identifiers/patient""/>","","",,,,,"",,,,"Identifier.system",0,1,"","ele-1:All FHIR elements must have a @value or children {hasValue() or (children().count() > id.count())}
"
"SEEHDSLMMaternityMedicalHistory.maternityMedicalRecord.maternityMedicalRecordHeader.patientId.value","SEEHDSLMMaternityMedicalHistory.maternityMedicalRecord.maternityMedicalRecordHeader.patientId.value","","","",1,1,"","","Y","string {[]} {[]}
","Patientens personnummer/samordningsnummer","Patientens personnummer/samordningsnummer","If the value is a full URI, then the system SHALL be urn:ietf:rfc:3986.  The value's primary purpose is computational mapping.  As a result, it may be normalized for comparison purposes (e.g. removing non-significant whitespace, dashes, etc.)  A value formatted for human display can be conveyed using the [Rendered Value extension](http://hl7.org/fhir/R4/extension-rendered-value.html). Identifier.value is to be treated as case sensitive unless knowledge of the Identifier.system allows the processer to be confident that non-case-sensitive processing is safe.","","","","","","<valueString xmlns=""http://hl7.org/fhir"" value=""123456""/>","","",,,,,"",,,,"Identifier.value",0,1,"","ele-1:All FHIR elements must have a @value or children {hasValue() or (children().count() > id.count())}
"
"SEEHDSLMMaternityMedicalHistory.maternityMedicalRecord.maternityMedicalRecordHeader.patientId.period","SEEHDSLMMaternityMedicalHistory.maternityMedicalRecord.maternityMedicalRecordHeader.patientId.period","","","",0,1,"","","Y","Period {[]} {[]}
","Time period when id is/was valid for use","Time period during which identifier is/was valid for use.","","","","","","","","","",,,,,"",,,,"Identifier.period",0,1,"","ele-1:All FHIR elements must have a @value or children {hasValue() or (children().count() > id.count())}
"
"SEEHDSLMMaternityMedicalHistory.maternityMedicalRecord.maternityMedicalRecordHeader.patientId.assigner","SEEHDSLMMaternityMedicalHistory.maternityMedicalRecord.maternityMedicalRecordHeader.patientId.assigner","","","",0,1,"","","Y","Reference {[]} {[CanonicalType[http://hl7.org/fhir/StructureDefinition/Organization|4.0.1]]}
","Organization that issued id (may be just text)","Organization that issued/manages the identifier.","The Identifier.assigner may omit the .reference element and only contain a .display element reflecting the name or other textual information about the assigning organization.","","","","","","","","",,,,,"",,,,"Identifier.assigner",0,1,"","ele-1:All FHIR elements must have a @value or children {hasValue() or (children().count() > id.count())}
"
"SEEHDSLMMaternityMedicalHistory.maternityMedicalRecord.maternityMedicalRecordHeader.accountableHealthcareProfessional","SEEHDSLMMaternityMedicalHistory.maternityMedicalRecord.maternityMedicalRecordHeader.accountableHealthcareProfessional","","","",1,1,"","","","BackboneElement {[]} {[]}
","Ansvarig hälso- och sjukvårdspersonal","Ansvarig hälso- och sjukvårdspersonal","","","","","","","","","",,,,,"",,,,"SEEHDSLMMaternityMedicalHistory.maternityMedicalRecord.maternityMedicalRecordHeader.accountableHealthcareProfessional",1,1,"","ele-1:All FHIR elements must have a @value or children {hasValue() or (children().count() > id.count())}
"
"SEEHDSLMMaternityMedicalHistory.maternityMedicalRecord.maternityMedicalRecordHeader.accountableHealthcareProfessional.id","SEEHDSLMMaternityMedicalHistory.maternityMedicalRecord.maternityMedicalRecordHeader.accountableHealthcareProfessional.id","","","",0,1,"","","","string {[]} {[]}
","Unique id for inter-element referencing","Unique id for the element within a resource (for internal references). This may be any string value that does not contain spaces.","","","","","","","","","",,,,,"",,,,"Element.id",0,1,"",""
"SEEHDSLMMaternityMedicalHistory.maternityMedicalRecord.maternityMedicalRecordHeader.accountableHealthcareProfessional.extension","SEEHDSLMMaternityMedicalHistory.maternityMedicalRecord.maternityMedicalRecordHeader.accountableHealthcareProfessional.extension","","extensions
user content","",0,*,"","","","Extension {[]} {[]}
","Additional content defined by implementations","May be used to represent additional information that is not part of the basic definition of the element. To make the use of extensions safe and manageable, there is a strict set of governance  applied to the definition and use of extensions. Though any implementer can define an extension, there is a set of requirements that SHALL be met as part of the definition of the extension.","There can be no stigma associated with the use of extensions by any application, project, or standard - regardless of the institution or jurisdiction that uses or defines the extensions.  The use of extensions is what allows the FHIR specification to retain a core level of simplicity for everyone.","","","","","","","","",,,,,"","value:url}
","Extensions are always sliced by (at least) url",,"open","Element.extension",0,*,"","ele-1:All FHIR elements must have a @value or children {hasValue() or (children().count() > id.count())}
ext-1:Must have either extensions or value[x], not both {extension.exists() != value.exists()}"
"SEEHDSLMMaternityMedicalHistory.maternityMedicalRecord.maternityMedicalRecordHeader.accountableHealthcareProfessional.modifierExtension","SEEHDSLMMaternityMedicalHistory.maternityMedicalRecord.maternityMedicalRecordHeader.accountableHealthcareProfessional.modifierExtension","","extensions
user contentmodifiers","",0,*,"","Y","Y","Extension {[]} {[]}
","Extensions that cannot be ignored even if unrecognized","May be used to represent additional information that is not part of the basic definition of the element and that modifies the understanding of the element in which it is contained and/or the understanding of the containing element's descendants. Usually modifier elements provide negation or qualification. To make the use of extensions safe and manageable, there is a strict set of governance applied to the definition and use of extensions. Though any implementer can define an extension, there is a set of requirements that SHALL be met as part of the definition of the extension. Applications processing a resource are required to check for modifier extensions.

Modifier extensions SHALL NOT change the meaning of any elements on Resource or DomainResource (including cannot change the meaning of modifierExtension itself).","There can be no stigma associated with the use of extensions by any application, project, or standard - regardless of the institution or jurisdiction that uses or defines the extensions.  The use of extensions is what allows the FHIR specification to retain a core level of simplicity for everyone.","Modifier extensions allow for extensions that *cannot* be safely ignored to be clearly distinguished from the vast majority of extensions which can be safely ignored.  This promotes interoperability by eliminating the need for implementers to prohibit the presence of extensions. For further information, see the [definition of modifier extensions](http://hl7.org/fhir/R4/extensibility.html#modifierExtension).","","","","","","","",,,,,"",,,,"BackboneElement.modifierExtension",0,*,"","ele-1:All FHIR elements must have a @value or children {hasValue() or (children().count() > id.count())}
ext-1:Must have either extensions or value[x], not both {extension.exists() != value.exists()}"
"SEEHDSLMMaternityMedicalHistory.maternityMedicalRecord.maternityMedicalRecordHeader.accountableHealthcareProfessional.authorTime","SEEHDSLMMaternityMedicalHistory.maternityMedicalRecord.maternityMedicalRecordHeader.accountableHealthcareProfessional.authorTime","","","",1,1,"","","","instant {[]} {[]}
","Tidpunkt","Tidpunkt","","","","","","","","","",,,,,"",,,,"SEEHDSLMMaternityMedicalHistory.maternityMedicalRecord.maternityMedicalRecordHeader.accountableHealthcareProfessional.authorTime",1,1,"",""
"SEEHDSLMMaternityMedicalHistory.maternityMedicalRecord.maternityMedicalRecordHeader.accountableHealthcareProfessional.healthcareProfessionalHSAId","SEEHDSLMMaternityMedicalHistory.maternityMedicalRecord.maternityMedicalRecordHeader.accountableHealthcareProfessional.healthcareProfessionalHSAId","","","",1,1,"","","","Identifier {[]} {[]}
","HSA-id (obligatorisk i mödrahälsovård)","HSA-id (obligatorisk i mödrahälsovård)","","","","","","","","","",,,,,"",,,,"SEEHDSLMMaternityMedicalHistory.maternityMedicalRecord.maternityMedicalRecordHeader.accountableHealthcareProfessional.healthcareProfessionalHSAId",1,1,"",""
"SEEHDSLMMaternityMedicalHistory.maternityMedicalRecord.maternityMedicalRecordHeader.accountableHealthcareProfessional.healthcareProfessionalName","SEEHDSLMMaternityMedicalHistory.maternityMedicalRecord.maternityMedicalRecordHeader.accountableHealthcareProfessional.healthcareProfessionalName","","","",0,1,"","","","string {[]} {[]}
","Namn","Namn","","","","","","","","","",,,,,"",,,,"SEEHDSLMMaternityMedicalHistory.maternityMedicalRecord.maternityMedicalRecordHeader.accountableHealthcareProfessional.healthcareProfessionalName",0,1,"",""
"SEEHDSLMMaternityMedicalHistory.maternityMedicalRecord.maternityMedicalRecordHeader.accountableHealthcareProfessional.healthcareProfessionalRoleCode","SEEHDSLMMaternityMedicalHistory.maternityMedicalRecord.maternityMedicalRecordHeader.accountableHealthcareProfessional.healthcareProfessionalRoleCode","","","",0,1,"","","","CodeableConcept {[]} {[]}
","Yrkesroll","Yrkesroll","","","","","","","","","",,,,,"",,,,"SEEHDSLMMaternityMedicalHistory.maternityMedicalRecord.maternityMedicalRecordHeader.accountableHealthcareProfessional.healthcareProfessionalRoleCode",0,1,"",""
"SEEHDSLMMaternityMedicalHistory.maternityMedicalRecord.maternityMedicalRecordHeader.accountableHealthcareProfessional.healthcareProfessionalOrgUnit","SEEHDSLMMaternityMedicalHistory.maternityMedicalRecord.maternityMedicalRecordHeader.accountableHealthcareProfessional.healthcareProfessionalOrgUnit","","","",0,1,"","","","BackboneElement {[]} {[]}
","Organisationsenhet","Organisationsenhet","","","","","","","","","",,,,,"",,,,"SEEHDSLMMaternityMedicalHistory.maternityMedicalRecord.maternityMedicalRecordHeader.accountableHealthcareProfessional.healthcareProfessionalOrgUnit",0,1,"","ele-1:All FHIR elements must have a @value or children {hasValue() or (children().count() > id.count())}
"
"SEEHDSLMMaternityMedicalHistory.maternityMedicalRecord.maternityMedicalRecordHeader.accountableHealthcareProfessional.healthcareProfessionalOrgUnit.id","SEEHDSLMMaternityMedicalHistory.maternityMedicalRecord.maternityMedicalRecordHeader.accountableHealthcareProfessional.healthcareProfessionalOrgUnit.id","","","",0,1,"","","","string {[]} {[]}
","Unique id for inter-element referencing","Unique id for the element within a resource (for internal references). This may be any string value that does not contain spaces.","","","","","","","","","",,,,,"",,,,"Element.id",0,1,"",""
"SEEHDSLMMaternityMedicalHistory.maternityMedicalRecord.maternityMedicalRecordHeader.accountableHealthcareProfessional.healthcareProfessionalOrgUnit.extension","SEEHDSLMMaternityMedicalHistory.maternityMedicalRecord.maternityMedicalRecordHeader.accountableHealthcareProfessional.healthcareProfessionalOrgUnit.extension","","extensions
user content","",0,*,"","","","Extension {[]} {[]}
","Additional content defined by implementations","May be used to represent additional information that is not part of the basic definition of the element. To make the use of extensions safe and manageable, there is a strict set of governance  applied to the definition and use of extensions. Though any implementer can define an extension, there is a set of requirements that SHALL be met as part of the definition of the extension.","There can be no stigma associated with the use of extensions by any application, project, or standard - regardless of the institution or jurisdiction that uses or defines the extensions.  The use of extensions is what allows the FHIR specification to retain a core level of simplicity for everyone.","","","","","","","","",,,,,"","value:url}
","Extensions are always sliced by (at least) url",,"open","Element.extension",0,*,"","ele-1:All FHIR elements must have a @value or children {hasValue() or (children().count() > id.count())}
ext-1:Must have either extensions or value[x], not both {extension.exists() != value.exists()}"
"SEEHDSLMMaternityMedicalHistory.maternityMedicalRecord.maternityMedicalRecordHeader.accountableHealthcareProfessional.healthcareProfessionalOrgUnit.modifierExtension","SEEHDSLMMaternityMedicalHistory.maternityMedicalRecord.maternityMedicalRecordHeader.accountableHealthcareProfessional.healthcareProfessionalOrgUnit.modifierExtension","","extensions
user contentmodifiers","",0,*,"","Y","Y","Extension {[]} {[]}
","Extensions that cannot be ignored even if unrecognized","May be used to represent additional information that is not part of the basic definition of the element and that modifies the understanding of the element in which it is contained and/or the understanding of the containing element's descendants. Usually modifier elements provide negation or qualification. To make the use of extensions safe and manageable, there is a strict set of governance applied to the definition and use of extensions. Though any implementer can define an extension, there is a set of requirements that SHALL be met as part of the definition of the extension. Applications processing a resource are required to check for modifier extensions.

Modifier extensions SHALL NOT change the meaning of any elements on Resource or DomainResource (including cannot change the meaning of modifierExtension itself).","There can be no stigma associated with the use of extensions by any application, project, or standard - regardless of the institution or jurisdiction that uses or defines the extensions.  The use of extensions is what allows the FHIR specification to retain a core level of simplicity for everyone.","Modifier extensions allow for extensions that *cannot* be safely ignored to be clearly distinguished from the vast majority of extensions which can be safely ignored.  This promotes interoperability by eliminating the need for implementers to prohibit the presence of extensions. For further information, see the [definition of modifier extensions](http://hl7.org/fhir/R4/extensibility.html#modifierExtension).","","","","","","","",,,,,"",,,,"BackboneElement.modifierExtension",0,*,"","ele-1:All FHIR elements must have a @value or children {hasValue() or (children().count() > id.count())}
ext-1:Must have either extensions or value[x], not both {extension.exists() != value.exists()}"
"SEEHDSLMMaternityMedicalHistory.maternityMedicalRecord.maternityMedicalRecordHeader.accountableHealthcareProfessional.healthcareProfessionalOrgUnit.orgUnitHSAId","SEEHDSLMMaternityMedicalHistory.maternityMedicalRecord.maternityMedicalRecordHeader.accountableHealthcareProfessional.healthcareProfessionalOrgUnit.orgUnitHSAId","","","",1,1,"","","","Identifier {[]} {[]}
","OrgUnit HSA-id","OrgUnit HSA-id","","","","","","","","","",,,,,"",,,,"SEEHDSLMMaternityMedicalHistory.maternityMedicalRecord.maternityMedicalRecordHeader.accountableHealthcareProfessional.healthcareProfessionalOrgUnit.orgUnitHSAId",1,1,"",""
"SEEHDSLMMaternityMedicalHistory.maternityMedicalRecord.maternityMedicalRecordHeader.accountableHealthcareProfessional.healthcareProfessionalOrgUnit.orgUnitName","SEEHDSLMMaternityMedicalHistory.maternityMedicalRecord.maternityMedicalRecordHeader.accountableHealthcareProfessional.healthcareProfessionalOrgUnit.orgUnitName","","","",1,1,"","","","string {[]} {[]}
","OrgUnit namn","OrgUnit namn","","","","","","","","","",,,,,"",,,,"SEEHDSLMMaternityMedicalHistory.maternityMedicalRecord.maternityMedicalRecordHeader.accountableHealthcareProfessional.healthcareProfessionalOrgUnit.orgUnitName",1,1,"",""
"SEEHDSLMMaternityMedicalHistory.maternityMedicalRecord.maternityMedicalRecordHeader.accountableHealthcareProfessional.healthcareProfessionalOrgUnit.orgUnitTelecom","SEEHDSLMMaternityMedicalHistory.maternityMedicalRecord.maternityMedicalRecordHeader.accountableHealthcareProfessional.healthcareProfessionalOrgUnit.orgUnitTelecom","","","",0,1,"","","","string {[]} {[]}
","Telefon","Telefon","","","","","","","","","",,,,,"",,,,"SEEHDSLMMaternityMedicalHistory.maternityMedicalRecord.maternityMedicalRecordHeader.accountableHealthcareProfessional.healthcareProfessionalOrgUnit.orgUnitTelecom",0,1,"",""
"SEEHDSLMMaternityMedicalHistory.maternityMedicalRecord.maternityMedicalRecordHeader.accountableHealthcareProfessional.healthcareProfessionalOrgUnit.orgUnitEmail","SEEHDSLMMaternityMedicalHistory.maternityMedicalRecord.maternityMedicalRecordHeader.accountableHealthcareProfessional.healthcareProfessionalOrgUnit.orgUnitEmail","","","",0,1,"","","","string {[]} {[]}
","E-post","E-post","","","","","","","","","",,,,,"",,,,"SEEHDSLMMaternityMedicalHistory.maternityMedicalRecord.maternityMedicalRecordHeader.accountableHealthcareProfessional.healthcareProfessionalOrgUnit.orgUnitEmail",0,1,"",""
"SEEHDSLMMaternityMedicalHistory.maternityMedicalRecord.maternityMedicalRecordHeader.accountableHealthcareProfessional.healthcareProfessionalOrgUnit.orgUnitAddress","SEEHDSLMMaternityMedicalHistory.maternityMedicalRecord.maternityMedicalRecordHeader.accountableHealthcareProfessional.healthcareProfessionalOrgUnit.orgUnitAddress","","","",0,1,"","","","string {[]} {[]}
","Adress","Adress","","","","","","","","","",,,,,"",,,,"SEEHDSLMMaternityMedicalHistory.maternityMedicalRecord.maternityMedicalRecordHeader.accountableHealthcareProfessional.healthcareProfessionalOrgUnit.orgUnitAddress",0,1,"",""
"SEEHDSLMMaternityMedicalHistory.maternityMedicalRecord.maternityMedicalRecordHeader.accountableHealthcareProfessional.healthcareProfessionalOrgUnit.orgUnitLocation","SEEHDSLMMaternityMedicalHistory.maternityMedicalRecord.maternityMedicalRecordHeader.accountableHealthcareProfessional.healthcareProfessionalOrgUnit.orgUnitLocation","","","",0,1,"","","","string {[]} {[]}
","Plats","Plats","","","","","","","","","",,,,,"",,,,"SEEHDSLMMaternityMedicalHistory.maternityMedicalRecord.maternityMedicalRecordHeader.accountableHealthcareProfessional.healthcareProfessionalOrgUnit.orgUnitLocation",0,1,"",""
"SEEHDSLMMaternityMedicalHistory.maternityMedicalRecord.maternityMedicalRecordHeader.accountableHealthcareProfessional.healthcareProfessionalCareUnitHSAId","SEEHDSLMMaternityMedicalHistory.maternityMedicalRecord.maternityMedicalRecordHeader.accountableHealthcareProfessional.healthcareProfessionalCareUnitHSAId","","","",1,1,"","","","Identifier {[]} {[]}
","Vårdenhetens HSA-id","Regel 1: Obligatorisk i GetMaternityMedicalHistory.","","","","","","","","","",,,,,"",,,,"SEEHDSLMMaternityMedicalHistory.maternityMedicalRecord.maternityMedicalRecordHeader.accountableHealthcareProfessional.healthcareProfessionalCareUnitHSAId",1,1,"",""
"SEEHDSLMMaternityMedicalHistory.maternityMedicalRecord.maternityMedicalRecordHeader.accountableHealthcareProfessional.healthcareProfessionalCareGiverHSAId","SEEHDSLMMaternityMedicalHistory.maternityMedicalRecord.maternityMedicalRecordHeader.accountableHealthcareProfessional.healthcareProfessionalCareGiverHSAId","","","",1,1,"","","","Identifier {[]} {[]}
","Vårdgivarens HSA-id","Regel 1: Obligatorisk i GetMaternityMedicalHistory.","","","","","","","","","",,,,,"",,,,"SEEHDSLMMaternityMedicalHistory.maternityMedicalRecord.maternityMedicalRecordHeader.accountableHealthcareProfessional.healthcareProfessionalCareGiverHSAId",1,1,"",""
"SEEHDSLMMaternityMedicalHistory.maternityMedicalRecord.maternityMedicalRecordHeader.legalAuthenticator","SEEHDSLMMaternityMedicalHistory.maternityMedicalRecord.maternityMedicalRecordHeader.legalAuthenticator","","","",0,1,"","","","BackboneElement {[]} {[]}
","Juridiskt ansvarig","Juridiskt ansvarig","","","","","","","","","",,,,,"",,,,"SEEHDSLMMaternityMedicalHistory.maternityMedicalRecord.maternityMedicalRecordHeader.legalAuthenticator",0,1,"","ele-1:All FHIR elements must have a @value or children {hasValue() or (children().count() > id.count())}
"
"SEEHDSLMMaternityMedicalHistory.maternityMedicalRecord.maternityMedicalRecordHeader.legalAuthenticator.id","SEEHDSLMMaternityMedicalHistory.maternityMedicalRecord.maternityMedicalRecordHeader.legalAuthenticator.id","","","",0,1,"","","","string {[]} {[]}
","Unique id for inter-element referencing","Unique id for the element within a resource (for internal references). This may be any string value that does not contain spaces.","","","","","","","","","",,,,,"",,,,"Element.id",0,1,"",""
"SEEHDSLMMaternityMedicalHistory.maternityMedicalRecord.maternityMedicalRecordHeader.legalAuthenticator.extension","SEEHDSLMMaternityMedicalHistory.maternityMedicalRecord.maternityMedicalRecordHeader.legalAuthenticator.extension","","extensions
user content","",0,*,"","","","Extension {[]} {[]}
","Additional content defined by implementations","May be used to represent additional information that is not part of the basic definition of the element. To make the use of extensions safe and manageable, there is a strict set of governance  applied to the definition and use of extensions. Though any implementer can define an extension, there is a set of requirements that SHALL be met as part of the definition of the extension.","There can be no stigma associated with the use of extensions by any application, project, or standard - regardless of the institution or jurisdiction that uses or defines the extensions.  The use of extensions is what allows the FHIR specification to retain a core level of simplicity for everyone.","","","","","","","","",,,,,"","value:url}
","Extensions are always sliced by (at least) url",,"open","Element.extension",0,*,"","ele-1:All FHIR elements must have a @value or children {hasValue() or (children().count() > id.count())}
ext-1:Must have either extensions or value[x], not both {extension.exists() != value.exists()}"
"SEEHDSLMMaternityMedicalHistory.maternityMedicalRecord.maternityMedicalRecordHeader.legalAuthenticator.modifierExtension","SEEHDSLMMaternityMedicalHistory.maternityMedicalRecord.maternityMedicalRecordHeader.legalAuthenticator.modifierExtension","","extensions
user contentmodifiers","",0,*,"","Y","Y","Extension {[]} {[]}
","Extensions that cannot be ignored even if unrecognized","May be used to represent additional information that is not part of the basic definition of the element and that modifies the understanding of the element in which it is contained and/or the understanding of the containing element's descendants. Usually modifier elements provide negation or qualification. To make the use of extensions safe and manageable, there is a strict set of governance applied to the definition and use of extensions. Though any implementer can define an extension, there is a set of requirements that SHALL be met as part of the definition of the extension. Applications processing a resource are required to check for modifier extensions.

Modifier extensions SHALL NOT change the meaning of any elements on Resource or DomainResource (including cannot change the meaning of modifierExtension itself).","There can be no stigma associated with the use of extensions by any application, project, or standard - regardless of the institution or jurisdiction that uses or defines the extensions.  The use of extensions is what allows the FHIR specification to retain a core level of simplicity for everyone.","Modifier extensions allow for extensions that *cannot* be safely ignored to be clearly distinguished from the vast majority of extensions which can be safely ignored.  This promotes interoperability by eliminating the need for implementers to prohibit the presence of extensions. For further information, see the [definition of modifier extensions](http://hl7.org/fhir/R4/extensibility.html#modifierExtension).","","","","","","","",,,,,"",,,,"BackboneElement.modifierExtension",0,*,"","ele-1:All FHIR elements must have a @value or children {hasValue() or (children().count() > id.count())}
ext-1:Must have either extensions or value[x], not both {extension.exists() != value.exists()}"
"SEEHDSLMMaternityMedicalHistory.maternityMedicalRecord.maternityMedicalRecordHeader.legalAuthenticator.signatureTime","SEEHDSLMMaternityMedicalHistory.maternityMedicalRecord.maternityMedicalRecordHeader.legalAuthenticator.signatureTime","","","",1,1,"","","","instant {[]} {[]}
","Signeringstidpunkt","Signeringstidpunkt","","","","","","","","","",,,,,"",,,,"SEEHDSLMMaternityMedicalHistory.maternityMedicalRecord.maternityMedicalRecordHeader.legalAuthenticator.signatureTime",1,1,"",""
"SEEHDSLMMaternityMedicalHistory.maternityMedicalRecord.maternityMedicalRecordHeader.legalAuthenticator.legalAuthenticatorHSAId","SEEHDSLMMaternityMedicalHistory.maternityMedicalRecord.maternityMedicalRecordHeader.legalAuthenticator.legalAuthenticatorHSAId","","","",0,1,"","","","Identifier {[]} {[]}
","HSA-id","HSA-id","","","","","","","","","",,,,,"",,,,"SEEHDSLMMaternityMedicalHistory.maternityMedicalRecord.maternityMedicalRecordHeader.legalAuthenticator.legalAuthenticatorHSAId",0,1,"",""
"SEEHDSLMMaternityMedicalHistory.maternityMedicalRecord.maternityMedicalRecordHeader.legalAuthenticator.legalAuthenticatorName","SEEHDSLMMaternityMedicalHistory.maternityMedicalRecord.maternityMedicalRecordHeader.legalAuthenticator.legalAuthenticatorName","","","",0,1,"","","","string {[]} {[]}
","Namn","Namn","","","","","","","","","",,,,,"",,,,"SEEHDSLMMaternityMedicalHistory.maternityMedicalRecord.maternityMedicalRecordHeader.legalAuthenticator.legalAuthenticatorName",0,1,"",""
"SEEHDSLMMaternityMedicalHistory.maternityMedicalRecord.maternityMedicalRecordHeader.approvedForPatient","SEEHDSLMMaternityMedicalHistory.maternityMedicalRecord.maternityMedicalRecordHeader.approvedForPatient","","","",1,1,"","","","boolean {[]} {[]}
","Godkänd för patientvisning","Godkänd för patientvisning","","","","","","","","","",,,,,"",,,,"SEEHDSLMMaternityMedicalHistory.maternityMedicalRecord.maternityMedicalRecordHeader.approvedForPatient",1,1,"",""
"SEEHDSLMMaternityMedicalHistory.maternityMedicalRecord.maternityMedicalRecordHeader.careContactId","SEEHDSLMMaternityMedicalHistory.maternityMedicalRecord.maternityMedicalRecordHeader.careContactId","","","",0,1,"","","","string {[]} {[]}
","Vårdkontaktid","Vårdkontaktid","","","","","","","","","",,,,,"",,,,"SEEHDSLMMaternityMedicalHistory.maternityMedicalRecord.maternityMedicalRecordHeader.careContactId",0,1,"",""
"SEEHDSLMMaternityMedicalHistory.maternityMedicalRecord.maternityMedicalRecordBody","SEEHDSLMMaternityMedicalHistory.maternityMedicalRecord.maternityMedicalRecordBody","","","",1,1,"","","","BackboneElement {[]} {[]}
","Mödravårdsjournaldata","Mödravårdsjournaldata","","","","","","","","","",,,,,"",,,,"SEEHDSLMMaternityMedicalHistory.maternityMedicalRecord.maternityMedicalRecordBody",1,1,"","ele-1:All FHIR elements must have a @value or children {hasValue() or (children().count() > id.count())}
"
"SEEHDSLMMaternityMedicalHistory.maternityMedicalRecord.maternityMedicalRecordBody.id","SEEHDSLMMaternityMedicalHistory.maternityMedicalRecord.maternityMedicalRecordBody.id","","","",0,1,"","","","string {[]} {[]}
","Unique id for inter-element referencing","Unique id for the element within a resource (for internal references). This may be any string value that does not contain spaces.","","","","","","","","","",,,,,"",,,,"Element.id",0,1,"",""
"SEEHDSLMMaternityMedicalHistory.maternityMedicalRecord.maternityMedicalRecordBody.extension","SEEHDSLMMaternityMedicalHistory.maternityMedicalRecord.maternityMedicalRecordBody.extension","","extensions
user content","",0,*,"","","","Extension {[]} {[]}
","Additional content defined by implementations","May be used to represent additional information that is not part of the basic definition of the element. To make the use of extensions safe and manageable, there is a strict set of governance  applied to the definition and use of extensions. Though any implementer can define an extension, there is a set of requirements that SHALL be met as part of the definition of the extension.","There can be no stigma associated with the use of extensions by any application, project, or standard - regardless of the institution or jurisdiction that uses or defines the extensions.  The use of extensions is what allows the FHIR specification to retain a core level of simplicity for everyone.","","","","","","","","",,,,,"","value:url}
","Extensions are always sliced by (at least) url",,"open","Element.extension",0,*,"","ele-1:All FHIR elements must have a @value or children {hasValue() or (children().count() > id.count())}
ext-1:Must have either extensions or value[x], not both {extension.exists() != value.exists()}"
"SEEHDSLMMaternityMedicalHistory.maternityMedicalRecord.maternityMedicalRecordBody.modifierExtension","SEEHDSLMMaternityMedicalHistory.maternityMedicalRecord.maternityMedicalRecordBody.modifierExtension","","extensions
user contentmodifiers","",0,*,"","Y","Y","Extension {[]} {[]}
","Extensions that cannot be ignored even if unrecognized","May be used to represent additional information that is not part of the basic definition of the element and that modifies the understanding of the element in which it is contained and/or the understanding of the containing element's descendants. Usually modifier elements provide negation or qualification. To make the use of extensions safe and manageable, there is a strict set of governance applied to the definition and use of extensions. Though any implementer can define an extension, there is a set of requirements that SHALL be met as part of the definition of the extension. Applications processing a resource are required to check for modifier extensions.

Modifier extensions SHALL NOT change the meaning of any elements on Resource or DomainResource (including cannot change the meaning of modifierExtension itself).","There can be no stigma associated with the use of extensions by any application, project, or standard - regardless of the institution or jurisdiction that uses or defines the extensions.  The use of extensions is what allows the FHIR specification to retain a core level of simplicity for everyone.","Modifier extensions allow for extensions that *cannot* be safely ignored to be clearly distinguished from the vast majority of extensions which can be safely ignored.  This promotes interoperability by eliminating the need for implementers to prohibit the presence of extensions. For further information, see the [definition of modifier extensions](http://hl7.org/fhir/R4/extensibility.html#modifierExtension).","","","","","","","",,,,,"",,,,"BackboneElement.modifierExtension",0,*,"","ele-1:All FHIR elements must have a @value or children {hasValue() or (children().count() > id.count())}
ext-1:Must have either extensions or value[x], not both {extension.exists() != value.exists()}"
"SEEHDSLMMaternityMedicalHistory.maternityMedicalRecord.maternityMedicalRecordBody.registrationRecord","SEEHDSLMMaternityMedicalHistory.maternityMedicalRecord.maternityMedicalRecordBody.registrationRecord","","","",0,1,"","","","BackboneElement {[]} {[]}
","Inskrivningsuppgifter","Inskrivningsuppgifter","","","","","","","","","",,,,,"",,,,"SEEHDSLMMaternityMedicalHistory.maternityMedicalRecord.maternityMedicalRecordBody.registrationRecord",0,1,"","ele-1:All FHIR elements must have a @value or children {hasValue() or (children().count() > id.count())}
"
"SEEHDSLMMaternityMedicalHistory.maternityMedicalRecord.maternityMedicalRecordBody.registrationRecord.id","SEEHDSLMMaternityMedicalHistory.maternityMedicalRecord.maternityMedicalRecordBody.registrationRecord.id","","","",0,1,"","","","string {[]} {[]}
","Unique id for inter-element referencing","Unique id for the element within a resource (for internal references). This may be any string value that does not contain spaces.","","","","","","","","","",,,,,"",,,,"Element.id",0,1,"",""
"SEEHDSLMMaternityMedicalHistory.maternityMedicalRecord.maternityMedicalRecordBody.registrationRecord.extension","SEEHDSLMMaternityMedicalHistory.maternityMedicalRecord.maternityMedicalRecordBody.registrationRecord.extension","","extensions
user content","",0,*,"","","","Extension {[]} {[]}
","Additional content defined by implementations","May be used to represent additional information that is not part of the basic definition of the element. To make the use of extensions safe and manageable, there is a strict set of governance  applied to the definition and use of extensions. Though any implementer can define an extension, there is a set of requirements that SHALL be met as part of the definition of the extension.","There can be no stigma associated with the use of extensions by any application, project, or standard - regardless of the institution or jurisdiction that uses or defines the extensions.  The use of extensions is what allows the FHIR specification to retain a core level of simplicity for everyone.","","","","","","","","",,,,,"","value:url}
","Extensions are always sliced by (at least) url",,"open","Element.extension",0,*,"","ele-1:All FHIR elements must have a @value or children {hasValue() or (children().count() > id.count())}
ext-1:Must have either extensions or value[x], not both {extension.exists() != value.exists()}"
"SEEHDSLMMaternityMedicalHistory.maternityMedicalRecord.maternityMedicalRecordBody.registrationRecord.modifierExtension","SEEHDSLMMaternityMedicalHistory.maternityMedicalRecord.maternityMedicalRecordBody.registrationRecord.modifierExtension","","extensions
user contentmodifiers","",0,*,"","Y","Y","Extension {[]} {[]}
","Extensions that cannot be ignored even if unrecognized","May be used to represent additional information that is not part of the basic definition of the element and that modifies the understanding of the element in which it is contained and/or the understanding of the containing element's descendants. Usually modifier elements provide negation or qualification. To make the use of extensions safe and manageable, there is a strict set of governance applied to the definition and use of extensions. Though any implementer can define an extension, there is a set of requirements that SHALL be met as part of the definition of the extension. Applications processing a resource are required to check for modifier extensions.

Modifier extensions SHALL NOT change the meaning of any elements on Resource or DomainResource (including cannot change the meaning of modifierExtension itself).","There can be no stigma associated with the use of extensions by any application, project, or standard - regardless of the institution or jurisdiction that uses or defines the extensions.  The use of extensions is what allows the FHIR specification to retain a core level of simplicity for everyone.","Modifier extensions allow for extensions that *cannot* be safely ignored to be clearly distinguished from the vast majority of extensions which can be safely ignored.  This promotes interoperability by eliminating the need for implementers to prohibit the presence of extensions. For further information, see the [definition of modifier extensions](http://hl7.org/fhir/R4/extensibility.html#modifierExtension).","","","","","","","",,,,,"",,,,"BackboneElement.modifierExtension",0,*,"","ele-1:All FHIR elements must have a @value or children {hasValue() or (children().count() > id.count())}
ext-1:Must have either extensions or value[x], not both {extension.exists() != value.exists()}"
"SEEHDSLMMaternityMedicalHistory.maternityMedicalRecord.maternityMedicalRecordBody.registrationRecord.lastMenstrualPeriod","SEEHDSLMMaternityMedicalHistory.maternityMedicalRecord.maternityMedicalRecordBody.registrationRecord.lastMenstrualPeriod","","","",0,1,"","","","date {[]} {[]}
","Sista menstruationsdag","Sista menstruationsdag","","","","","","","","","",,,,,"",,,,"SEEHDSLMMaternityMedicalHistory.maternityMedicalRecord.maternityMedicalRecordBody.registrationRecord.lastMenstrualPeriod",0,1,"",""
"SEEHDSLMMaternityMedicalHistory.maternityMedicalRecord.maternityMedicalRecordBody.registrationRecord.indicationPregnancy","SEEHDSLMMaternityMedicalHistory.maternityMedicalRecord.maternityMedicalRecordBody.registrationRecord.indicationPregnancy","","","",0,1,"","","","date {[]} {[]}
","Graviditetsindikation datum","Graviditetsindikation datum","","","","","","","","","",,,,,"",,,,"SEEHDSLMMaternityMedicalHistory.maternityMedicalRecord.maternityMedicalRecordBody.registrationRecord.indicationPregnancy",0,1,"",""
"SEEHDSLMMaternityMedicalHistory.maternityMedicalRecord.maternityMedicalRecordBody.registrationRecord.contraceptiveDiscontinued","SEEHDSLMMaternityMedicalHistory.maternityMedicalRecord.maternityMedicalRecordBody.registrationRecord.contraceptiveDiscontinued","","","",0,1,"","","","date {[]} {[]}
","Datum p-medel avslutades","Datum p-medel avslutades","","","","","","","","","",,,,,"",,,,"SEEHDSLMMaternityMedicalHistory.maternityMedicalRecord.maternityMedicalRecordBody.registrationRecord.contraceptiveDiscontinued",0,1,"",""
"SEEHDSLMMaternityMedicalHistory.maternityMedicalRecord.maternityMedicalRecordBody.registrationRecord.expectedDayOfDeliveryFromLastMenstrualPeriod","SEEHDSLMMaternityMedicalHistory.maternityMedicalRecord.maternityMedicalRecordBody.registrationRecord.expectedDayOfDeliveryFromLastMenstrualPeriod","","","",0,1,"","","","date {[]} {[]}
","Beräknat förlossningsdatum (LMP)","Beräknat förlossningsdatum (LMP)","","","","","","","","","",,,,,"",,,,"SEEHDSLMMaternityMedicalHistory.maternityMedicalRecord.maternityMedicalRecordBody.registrationRecord.expectedDayOfDeliveryFromLastMenstrualPeriod",0,1,"",""
"SEEHDSLMMaternityMedicalHistory.maternityMedicalRecord.maternityMedicalRecordBody.registrationRecord.expectedDayOfDeliveryFromUltrasoundScan","SEEHDSLMMaternityMedicalHistory.maternityMedicalRecord.maternityMedicalRecordBody.registrationRecord.expectedDayOfDeliveryFromUltrasoundScan","","","",0,1,"","","","date {[]} {[]}
","Beräknat förlossningsdatum (UL)","Beräknat förlossningsdatum (UL)","","","","","","","","","",,,,,"",,,,"SEEHDSLMMaternityMedicalHistory.maternityMedicalRecord.maternityMedicalRecordBody.registrationRecord.expectedDayOfDeliveryFromUltrasoundScan",0,1,"",""
"SEEHDSLMMaternityMedicalHistory.maternityMedicalRecord.maternityMedicalRecordBody.registrationRecord.expectedDayOfDeliveryFromEmbryonicTransfer","SEEHDSLMMaternityMedicalHistory.maternityMedicalRecord.maternityMedicalRecordBody.registrationRecord.expectedDayOfDeliveryFromEmbryonicTransfer","","","",0,1,"","","","date {[]} {[]}
","Beräknat förlossningsdatum (embryoöverföring)","Beräknat förlossningsdatum (embryoöverföring)","","","","","","","","","",,,,,"",,,,"SEEHDSLMMaternityMedicalHistory.maternityMedicalRecord.maternityMedicalRecordBody.registrationRecord.expectedDayOfDeliveryFromEmbryonicTransfer",0,1,"",""
"SEEHDSLMMaternityMedicalHistory.maternityMedicalRecord.maternityMedicalRecordBody.registrationRecord.length","SEEHDSLMMaternityMedicalHistory.maternityMedicalRecord.maternityMedicalRecordBody.registrationRecord.length","","","",0,1,"","","","Quantity {[]} {[]}
","Kroppslängd (cm)","Kroppslängd (cm)","","","","","","","","","",,,,,"",,,,"SEEHDSLMMaternityMedicalHistory.maternityMedicalRecord.maternityMedicalRecordBody.registrationRecord.length",0,1,"",""
"SEEHDSLMMaternityMedicalHistory.maternityMedicalRecord.maternityMedicalRecordBody.registrationRecord.weight","SEEHDSLMMaternityMedicalHistory.maternityMedicalRecord.maternityMedicalRecordBody.registrationRecord.weight","","","",0,1,"","","","Quantity {[]} {[]}
","Kroppsvikt (kg)","Kroppsvikt (kg)","","","","","","","","","",,,,,"",,,,"SEEHDSLMMaternityMedicalHistory.maternityMedicalRecord.maternityMedicalRecordBody.registrationRecord.weight",0,1,"",""
"SEEHDSLMMaternityMedicalHistory.maternityMedicalRecord.maternityMedicalRecordBody.registrationRecord.bodyMassIndex","SEEHDSLMMaternityMedicalHistory.maternityMedicalRecord.maternityMedicalRecordBody.registrationRecord.bodyMassIndex","","","",0,1,"","","","Quantity {[]} {[]}
","BMI","BMI","","","","","","","","","",,,,,"",,,,"SEEHDSLMMaternityMedicalHistory.maternityMedicalRecord.maternityMedicalRecordBody.registrationRecord.bodyMassIndex",0,1,"",""
"SEEHDSLMMaternityMedicalHistory.maternityMedicalRecord.maternityMedicalRecordBody.registrationRecord.infertility","SEEHDSLMMaternityMedicalHistory.maternityMedicalRecord.maternityMedicalRecordBody.registrationRecord.infertility","","","",0,1,"","","","decimal {[]} {[]}
","Infertilitet (år)","Infertilitet (år)","","","","","","","","","",,,,,"",,,,"SEEHDSLMMaternityMedicalHistory.maternityMedicalRecord.maternityMedicalRecordBody.registrationRecord.infertility",0,1,"",""
"SEEHDSLMMaternityMedicalHistory.maternityMedicalRecord.maternityMedicalRecordBody.registrationRecord.previousGravidityAndParity","SEEHDSLMMaternityMedicalHistory.maternityMedicalRecord.maternityMedicalRecordBody.registrationRecord.previousGravidityAndParity","","","",0,*,"","","","BackboneElement {[]} {[]}
","Tidigare graviditeter","Tidigare graviditeter","","","","","","","","","",,,,,"",,,,"SEEHDSLMMaternityMedicalHistory.maternityMedicalRecord.maternityMedicalRecordBody.registrationRecord.previousGravidityAndParity",0,*,"","ele-1:All FHIR elements must have a @value or children {hasValue() or (children().count() > id.count())}
"
"SEEHDSLMMaternityMedicalHistory.maternityMedicalRecord.maternityMedicalRecordBody.registrationRecord.previousGravidityAndParity.id","SEEHDSLMMaternityMedicalHistory.maternityMedicalRecord.maternityMedicalRecordBody.registrationRecord.previousGravidityAndParity.id","","","",0,1,"","","","string {[]} {[]}
","Unique id for inter-element referencing","Unique id for the element within a resource (for internal references). This may be any string value that does not contain spaces.","","","","","","","","","",,,,,"",,,,"Element.id",0,1,"",""
"SEEHDSLMMaternityMedicalHistory.maternityMedicalRecord.maternityMedicalRecordBody.registrationRecord.previousGravidityAndParity.extension","SEEHDSLMMaternityMedicalHistory.maternityMedicalRecord.maternityMedicalRecordBody.registrationRecord.previousGravidityAndParity.extension","","extensions
user content","",0,*,"","","","Extension {[]} {[]}
","Additional content defined by implementations","May be used to represent additional information that is not part of the basic definition of the element. To make the use of extensions safe and manageable, there is a strict set of governance  applied to the definition and use of extensions. Though any implementer can define an extension, there is a set of requirements that SHALL be met as part of the definition of the extension.","There can be no stigma associated with the use of extensions by any application, project, or standard - regardless of the institution or jurisdiction that uses or defines the extensions.  The use of extensions is what allows the FHIR specification to retain a core level of simplicity for everyone.","","","","","","","","",,,,,"","value:url}
","Extensions are always sliced by (at least) url",,"open","Element.extension",0,*,"","ele-1:All FHIR elements must have a @value or children {hasValue() or (children().count() > id.count())}
ext-1:Must have either extensions or value[x], not both {extension.exists() != value.exists()}"
"SEEHDSLMMaternityMedicalHistory.maternityMedicalRecord.maternityMedicalRecordBody.registrationRecord.previousGravidityAndParity.modifierExtension","SEEHDSLMMaternityMedicalHistory.maternityMedicalRecord.maternityMedicalRecordBody.registrationRecord.previousGravidityAndParity.modifierExtension","","extensions
user contentmodifiers","",0,*,"","Y","Y","Extension {[]} {[]}
","Extensions that cannot be ignored even if unrecognized","May be used to represent additional information that is not part of the basic definition of the element and that modifies the understanding of the element in which it is contained and/or the understanding of the containing element's descendants. Usually modifier elements provide negation or qualification. To make the use of extensions safe and manageable, there is a strict set of governance applied to the definition and use of extensions. Though any implementer can define an extension, there is a set of requirements that SHALL be met as part of the definition of the extension. Applications processing a resource are required to check for modifier extensions.

Modifier extensions SHALL NOT change the meaning of any elements on Resource or DomainResource (including cannot change the meaning of modifierExtension itself).","There can be no stigma associated with the use of extensions by any application, project, or standard - regardless of the institution or jurisdiction that uses or defines the extensions.  The use of extensions is what allows the FHIR specification to retain a core level of simplicity for everyone.","Modifier extensions allow for extensions that *cannot* be safely ignored to be clearly distinguished from the vast majority of extensions which can be safely ignored.  This promotes interoperability by eliminating the need for implementers to prohibit the presence of extensions. For further information, see the [definition of modifier extensions](http://hl7.org/fhir/R4/extensibility.html#modifierExtension).","","","","","","","",,,,,"",,,,"BackboneElement.modifierExtension",0,*,"","ele-1:All FHIR elements must have a @value or children {hasValue() or (children().count() > id.count())}
ext-1:Must have either extensions or value[x], not both {extension.exists() != value.exists()}"
"SEEHDSLMMaternityMedicalHistory.maternityMedicalRecord.maternityMedicalRecordBody.registrationRecord.previousGravidityAndParity.year","SEEHDSLMMaternityMedicalHistory.maternityMedicalRecord.maternityMedicalRecordBody.registrationRecord.previousGravidityAndParity.year","","","",1,1,"","","","integer {[]} {[]}
","År","År","","","","","","","","","",,,,,"",,,,"SEEHDSLMMaternityMedicalHistory.maternityMedicalRecord.maternityMedicalRecordBody.registrationRecord.previousGravidityAndParity.year",1,1,"",""
"SEEHDSLMMaternityMedicalHistory.maternityMedicalRecord.maternityMedicalRecordBody.registrationRecord.previousGravidityAndParity.month","SEEHDSLMMaternityMedicalHistory.maternityMedicalRecord.maternityMedicalRecordBody.registrationRecord.previousGravidityAndParity.month","","","",1,1,"","","","integer {[]} {[]}
","Månad","Månad","","","","","","","","","",,,,,"",,,,"SEEHDSLMMaternityMedicalHistory.maternityMedicalRecord.maternityMedicalRecordBody.registrationRecord.previousGravidityAndParity.month",1,1,"",""
"SEEHDSLMMaternityMedicalHistory.maternityMedicalRecord.maternityMedicalRecordBody.registrationRecord.previousGravidityAndParity.delivery","SEEHDSLMMaternityMedicalHistory.maternityMedicalRecord.maternityMedicalRecordBody.registrationRecord.previousGravidityAndParity.delivery","","","",0,1,"","","","CodeableConcept {[]} {[]}
","Förlossningssätt","Förlossningssätt","","","","","","","","","",,,,,"",,,,"SEEHDSLMMaternityMedicalHistory.maternityMedicalRecord.maternityMedicalRecordBody.registrationRecord.previousGravidityAndParity.delivery",0,1,"",""
"SEEHDSLMMaternityMedicalHistory.maternityMedicalRecord.maternityMedicalRecordBody.registrationRecord.previousGravidityAndParity.healthcareFacility","SEEHDSLMMaternityMedicalHistory.maternityMedicalRecord.maternityMedicalRecordBody.registrationRecord.previousGravidityAndParity.healthcareFacility","","","",0,1,"","","","string {[]} {[]}
","Vårdinrättning","Vårdinrättning","","","","","","","","","",,,,,"",,,,"SEEHDSLMMaternityMedicalHistory.maternityMedicalRecord.maternityMedicalRecordBody.registrationRecord.previousGravidityAndParity.healthcareFacility",0,1,"",""
"SEEHDSLMMaternityMedicalHistory.maternityMedicalRecord.maternityMedicalRecordBody.registrationRecord.previousGravidityAndParity.progress","SEEHDSLMMaternityMedicalHistory.maternityMedicalRecord.maternityMedicalRecordBody.registrationRecord.previousGravidityAndParity.progress","","","",0,1,"","","","string {[]} {[]}
","Förlopp","Förlopp","","","","","","","","","",,,,,"",,,,"SEEHDSLMMaternityMedicalHistory.maternityMedicalRecord.maternityMedicalRecordBody.registrationRecord.previousGravidityAndParity.progress",0,1,"",""
"SEEHDSLMMaternityMedicalHistory.maternityMedicalRecord.maternityMedicalRecordBody.registrationRecord.previousGravidityAndParity.sex","SEEHDSLMMaternityMedicalHistory.maternityMedicalRecord.maternityMedicalRecordBody.registrationRecord.previousGravidityAndParity.sex","","","",0,1,"","","","CodeableConcept {[]} {[]}
","Barnets kön","Barnets kön","","","","","","","","","",,,,,"",,,,"SEEHDSLMMaternityMedicalHistory.maternityMedicalRecord.maternityMedicalRecordBody.registrationRecord.previousGravidityAndParity.sex",0,1,"",""
"SEEHDSLMMaternityMedicalHistory.maternityMedicalRecord.maternityMedicalRecordBody.registrationRecord.previousGravidityAndParity.weightOfChild","SEEHDSLMMaternityMedicalHistory.maternityMedicalRecord.maternityMedicalRecordBody.registrationRecord.previousGravidityAndParity.weightOfChild","","","",0,1,"","","","Quantity {[]} {[]}
","Barnets vikt","Barnets vikt","","","","","","","","","",,,,,"",,,,"SEEHDSLMMaternityMedicalHistory.maternityMedicalRecord.maternityMedicalRecordBody.registrationRecord.previousGravidityAndParity.weightOfChild",0,1,"",""
"SEEHDSLMMaternityMedicalHistory.maternityMedicalRecord.maternityMedicalRecordBody.registrationRecord.previousGravidityAndParity.gestation","SEEHDSLMMaternityMedicalHistory.maternityMedicalRecord.maternityMedicalRecordBody.registrationRecord.previousGravidityAndParity.gestation","","","",0,1,"","","","integer {[]} {[]}
","Gestationsålder (veckor)","Gestationsålder (veckor)","","","","","","","","","",,,,,"",,,,"SEEHDSLMMaternityMedicalHistory.maternityMedicalRecord.maternityMedicalRecordBody.registrationRecord.previousGravidityAndParity.gestation",0,1,"",""
"SEEHDSLMMaternityMedicalHistory.maternityMedicalRecord.maternityMedicalRecordBody.registrationRecord.diseasesThrombosis","SEEHDSLMMaternityMedicalHistory.maternityMedicalRecord.maternityMedicalRecordBody.registrationRecord.diseasesThrombosis","","","",0,1,"","","","boolean {[]} {[]}
","Trombos","Trombos","","","","","","","","","",,,,,"",,,,"SEEHDSLMMaternityMedicalHistory.maternityMedicalRecord.maternityMedicalRecordBody.registrationRecord.diseasesThrombosis",0,1,"",""
"SEEHDSLMMaternityMedicalHistory.maternityMedicalRecord.maternityMedicalRecordBody.registrationRecord.diseasesEndocineDiseases","SEEHDSLMMaternityMedicalHistory.maternityMedicalRecord.maternityMedicalRecordBody.registrationRecord.diseasesEndocineDiseases","","","",0,1,"","","","boolean {[]} {[]}
","Endokrina sjukdomar","Endokrina sjukdomar","","","","","","","","","",,,,,"",,,,"SEEHDSLMMaternityMedicalHistory.maternityMedicalRecord.maternityMedicalRecordBody.registrationRecord.diseasesEndocineDiseases",0,1,"",""
"SEEHDSLMMaternityMedicalHistory.maternityMedicalRecord.maternityMedicalRecordBody.registrationRecord.diseasesRecurrentUrinaryTractInfections","SEEHDSLMMaternityMedicalHistory.maternityMedicalRecord.maternityMedicalRecordBody.registrationRecord.diseasesRecurrentUrinaryTractInfections","","","",0,1,"","","","boolean {[]} {[]}
","Recidiverande urinvägsinfektioner","Recidiverande urinvägsinfektioner","","","","","","","","","",,,,,"",,,,"SEEHDSLMMaternityMedicalHistory.maternityMedicalRecord.maternityMedicalRecordBody.registrationRecord.diseasesRecurrentUrinaryTractInfections",0,1,"",""
"SEEHDSLMMaternityMedicalHistory.maternityMedicalRecord.maternityMedicalRecordBody.registrationRecord.diseasesDiabetesMellitus","SEEHDSLMMaternityMedicalHistory.maternityMedicalRecord.maternityMedicalRecordBody.registrationRecord.diseasesDiabetesMellitus","","","",0,1,"","","","boolean {[]} {[]}
","Diabetes mellitus","Diabetes mellitus","","","","","","","","","",,,,,"",,,,"SEEHDSLMMaternityMedicalHistory.maternityMedicalRecord.maternityMedicalRecordBody.registrationRecord.diseasesDiabetesMellitus",0,1,"",""
"SEEHDSLMMaternityMedicalHistory.maternityMedicalRecord.maternityMedicalRecordBody.registrationRecord.medicationDuringPregnacy","SEEHDSLMMaternityMedicalHistory.maternityMedicalRecord.maternityMedicalRecordBody.registrationRecord.medicationDuringPregnacy","","","",0,*,"","","","BackboneElement {[]} {[]}
","Läkemedel under graviditet","Läkemedel under graviditet","","","","","","","","","",,,,,"",,,,"SEEHDSLMMaternityMedicalHistory.maternityMedicalRecord.maternityMedicalRecordBody.registrationRecord.medicationDuringPregnacy",0,*,"","ele-1:All FHIR elements must have a @value or children {hasValue() or (children().count() > id.count())}
"
"SEEHDSLMMaternityMedicalHistory.maternityMedicalRecord.maternityMedicalRecordBody.registrationRecord.medicationDuringPregnacy.id","SEEHDSLMMaternityMedicalHistory.maternityMedicalRecord.maternityMedicalRecordBody.registrationRecord.medicationDuringPregnacy.id","","","",0,1,"","","","string {[]} {[]}
","Unique id for inter-element referencing","Unique id for the element within a resource (for internal references). This may be any string value that does not contain spaces.","","","","","","","","","",,,,,"",,,,"Element.id",0,1,"",""
"SEEHDSLMMaternityMedicalHistory.maternityMedicalRecord.maternityMedicalRecordBody.registrationRecord.medicationDuringPregnacy.extension","SEEHDSLMMaternityMedicalHistory.maternityMedicalRecord.maternityMedicalRecordBody.registrationRecord.medicationDuringPregnacy.extension","","extensions
user content","",0,*,"","","","Extension {[]} {[]}
","Additional content defined by implementations","May be used to represent additional information that is not part of the basic definition of the element. To make the use of extensions safe and manageable, there is a strict set of governance  applied to the definition and use of extensions. Though any implementer can define an extension, there is a set of requirements that SHALL be met as part of the definition of the extension.","There can be no stigma associated with the use of extensions by any application, project, or standard - regardless of the institution or jurisdiction that uses or defines the extensions.  The use of extensions is what allows the FHIR specification to retain a core level of simplicity for everyone.","","","","","","","","",,,,,"","value:url}
","Extensions are always sliced by (at least) url",,"open","Element.extension",0,*,"","ele-1:All FHIR elements must have a @value or children {hasValue() or (children().count() > id.count())}
ext-1:Must have either extensions or value[x], not both {extension.exists() != value.exists()}"
"SEEHDSLMMaternityMedicalHistory.maternityMedicalRecord.maternityMedicalRecordBody.registrationRecord.medicationDuringPregnacy.modifierExtension","SEEHDSLMMaternityMedicalHistory.maternityMedicalRecord.maternityMedicalRecordBody.registrationRecord.medicationDuringPregnacy.modifierExtension","","extensions
user contentmodifiers","",0,*,"","Y","Y","Extension {[]} {[]}
","Extensions that cannot be ignored even if unrecognized","May be used to represent additional information that is not part of the basic definition of the element and that modifies the understanding of the element in which it is contained and/or the understanding of the containing element's descendants. Usually modifier elements provide negation or qualification. To make the use of extensions safe and manageable, there is a strict set of governance applied to the definition and use of extensions. Though any implementer can define an extension, there is a set of requirements that SHALL be met as part of the definition of the extension. Applications processing a resource are required to check for modifier extensions.

Modifier extensions SHALL NOT change the meaning of any elements on Resource or DomainResource (including cannot change the meaning of modifierExtension itself).","There can be no stigma associated with the use of extensions by any application, project, or standard - regardless of the institution or jurisdiction that uses or defines the extensions.  The use of extensions is what allows the FHIR specification to retain a core level of simplicity for everyone.","Modifier extensions allow for extensions that *cannot* be safely ignored to be clearly distinguished from the vast majority of extensions which can be safely ignored.  This promotes interoperability by eliminating the need for implementers to prohibit the presence of extensions. For further information, see the [definition of modifier extensions](http://hl7.org/fhir/R4/extensibility.html#modifierExtension).","","","","","","","",,,,,"",,,,"BackboneElement.modifierExtension",0,*,"","ele-1:All FHIR elements must have a @value or children {hasValue() or (children().count() > id.count())}
ext-1:Must have either extensions or value[x], not both {extension.exists() != value.exists()}"
"SEEHDSLMMaternityMedicalHistory.maternityMedicalRecord.maternityMedicalRecordBody.registrationRecord.medicationDuringPregnacy.medicament","SEEHDSLMMaternityMedicalHistory.maternityMedicalRecord.maternityMedicalRecordBody.registrationRecord.medicationDuringPregnacy.medicament","","","",1,1,"","","","string {[]} {[]}
","Läkemedel","Läkemedel","","","","","","","","","",,,,,"",,,,"SEEHDSLMMaternityMedicalHistory.maternityMedicalRecord.maternityMedicalRecordBody.registrationRecord.medicationDuringPregnacy.medicament",1,1,"",""
"SEEHDSLMMaternityMedicalHistory.maternityMedicalRecord.maternityMedicalRecordBody.registrationRecord.medicationDuringPregnacy.dosage","SEEHDSLMMaternityMedicalHistory.maternityMedicalRecord.maternityMedicalRecordBody.registrationRecord.medicationDuringPregnacy.dosage","","","",0,1,"","","","string {[]} {[]}
","Dosering","Dosering","","","","","","","","","",,,,,"",,,,"SEEHDSLMMaternityMedicalHistory.maternityMedicalRecord.maternityMedicalRecordBody.registrationRecord.medicationDuringPregnacy.dosage",0,1,"",""
"SEEHDSLMMaternityMedicalHistory.maternityMedicalRecord.maternityMedicalRecordBody.registrationRecord.assessmentAtFirstContactStandardCare","SEEHDSLMMaternityMedicalHistory.maternityMedicalRecord.maternityMedicalRecordBody.registrationRecord.assessmentAtFirstContactStandardCare","","","",0,1,"","","","boolean {[]} {[]}
","Bedömning vid inskrivning standardvård","Bedömning vid inskrivning standardvård","","","","","","","","","",,,,,"",,,,"SEEHDSLMMaternityMedicalHistory.maternityMedicalRecord.maternityMedicalRecordBody.registrationRecord.assessmentAtFirstContactStandardCare",0,1,"",""
"SEEHDSLMMaternityMedicalHistory.maternityMedicalRecord.maternityMedicalRecordBody.pregnancyCheckupRecord","SEEHDSLMMaternityMedicalHistory.maternityMedicalRecord.maternityMedicalRecordBody.pregnancyCheckupRecord","","","",0,1,"","","","BackboneElement {[]} {[]}
","Graviditetskontroll","Graviditetskontroll","","","","","","","","","",,,,,"",,,,"SEEHDSLMMaternityMedicalHistory.maternityMedicalRecord.maternityMedicalRecordBody.pregnancyCheckupRecord",0,1,"","ele-1:All FHIR elements must have a @value or children {hasValue() or (children().count() > id.count())}
"
"SEEHDSLMMaternityMedicalHistory.maternityMedicalRecord.maternityMedicalRecordBody.pregnancyCheckupRecord.id","SEEHDSLMMaternityMedicalHistory.maternityMedicalRecord.maternityMedicalRecordBody.pregnancyCheckupRecord.id","","","",0,1,"","","","string {[]} {[]}
","Unique id for inter-element referencing","Unique id for the element within a resource (for internal references). This may be any string value that does not contain spaces.","","","","","","","","","",,,,,"",,,,"Element.id",0,1,"",""
"SEEHDSLMMaternityMedicalHistory.maternityMedicalRecord.maternityMedicalRecordBody.pregnancyCheckupRecord.extension","SEEHDSLMMaternityMedicalHistory.maternityMedicalRecord.maternityMedicalRecordBody.pregnancyCheckupRecord.extension","","extensions
user content","",0,*,"","","","Extension {[]} {[]}
","Additional content defined by implementations","May be used to represent additional information that is not part of the basic definition of the element. To make the use of extensions safe and manageable, there is a strict set of governance  applied to the definition and use of extensions. Though any implementer can define an extension, there is a set of requirements that SHALL be met as part of the definition of the extension.","There can be no stigma associated with the use of extensions by any application, project, or standard - regardless of the institution or jurisdiction that uses or defines the extensions.  The use of extensions is what allows the FHIR specification to retain a core level of simplicity for everyone.","","","","","","","","",,,,,"","value:url}
","Extensions are always sliced by (at least) url",,"open","Element.extension",0,*,"","ele-1:All FHIR elements must have a @value or children {hasValue() or (children().count() > id.count())}
ext-1:Must have either extensions or value[x], not both {extension.exists() != value.exists()}"
"SEEHDSLMMaternityMedicalHistory.maternityMedicalRecord.maternityMedicalRecordBody.pregnancyCheckupRecord.modifierExtension","SEEHDSLMMaternityMedicalHistory.maternityMedicalRecord.maternityMedicalRecordBody.pregnancyCheckupRecord.modifierExtension","","extensions
user contentmodifiers","",0,*,"","Y","Y","Extension {[]} {[]}
","Extensions that cannot be ignored even if unrecognized","May be used to represent additional information that is not part of the basic definition of the element and that modifies the understanding of the element in which it is contained and/or the understanding of the containing element's descendants. Usually modifier elements provide negation or qualification. To make the use of extensions safe and manageable, there is a strict set of governance applied to the definition and use of extensions. Though any implementer can define an extension, there is a set of requirements that SHALL be met as part of the definition of the extension. Applications processing a resource are required to check for modifier extensions.

Modifier extensions SHALL NOT change the meaning of any elements on Resource or DomainResource (including cannot change the meaning of modifierExtension itself).","There can be no stigma associated with the use of extensions by any application, project, or standard - regardless of the institution or jurisdiction that uses or defines the extensions.  The use of extensions is what allows the FHIR specification to retain a core level of simplicity for everyone.","Modifier extensions allow for extensions that *cannot* be safely ignored to be clearly distinguished from the vast majority of extensions which can be safely ignored.  This promotes interoperability by eliminating the need for implementers to prohibit the presence of extensions. For further information, see the [definition of modifier extensions](http://hl7.org/fhir/R4/extensibility.html#modifierExtension).","","","","","","","",,,,,"",,,,"BackboneElement.modifierExtension",0,*,"","ele-1:All FHIR elements must have a @value or children {hasValue() or (children().count() > id.count())}
ext-1:Must have either extensions or value[x], not both {extension.exists() != value.exists()}"
"SEEHDSLMMaternityMedicalHistory.maternityMedicalRecord.maternityMedicalRecordBody.pregnancyCheckupRecord.completeWeeksOfGestation","SEEHDSLMMaternityMedicalHistory.maternityMedicalRecord.maternityMedicalRecordBody.pregnancyCheckupRecord.completeWeeksOfGestation","","","",0,1,"","","","integer {[]} {[]}
","Kompletta graviditetsveckor","Kompletta graviditetsveckor","","","","","","","","","",,,,,"",,,,"SEEHDSLMMaternityMedicalHistory.maternityMedicalRecord.maternityMedicalRecordBody.pregnancyCheckupRecord.completeWeeksOfGestation",0,1,"",""
"SEEHDSLMMaternityMedicalHistory.maternityMedicalRecord.maternityMedicalRecordBody.pregnancyCheckupRecord.weight","SEEHDSLMMaternityMedicalHistory.maternityMedicalRecord.maternityMedicalRecordBody.pregnancyCheckupRecord.weight","","","",0,1,"","","","Quantity {[]} {[]}
","Vikt","Vikt","","","","","","","","","",,,,,"",,,,"SEEHDSLMMaternityMedicalHistory.maternityMedicalRecord.maternityMedicalRecordBody.pregnancyCheckupRecord.weight",0,1,"",""
"SEEHDSLMMaternityMedicalHistory.maternityMedicalRecord.maternityMedicalRecordBody.pregnancyCheckupRecord.symphysisFundalHeight","SEEHDSLMMaternityMedicalHistory.maternityMedicalRecord.maternityMedicalRecordBody.pregnancyCheckupRecord.symphysisFundalHeight","","","",0,1,"","","","Quantity {[]} {[]}
","Symfondusmått (cm)","Symfondusmått (cm)","","","","","","","","","",,,,,"",,,,"SEEHDSLMMaternityMedicalHistory.maternityMedicalRecord.maternityMedicalRecordBody.pregnancyCheckupRecord.symphysisFundalHeight",0,1,"",""
"SEEHDSLMMaternityMedicalHistory.maternityMedicalRecord.maternityMedicalRecordBody.pregnancyCheckupRecord.haemoglobin","SEEHDSLMMaternityMedicalHistory.maternityMedicalRecord.maternityMedicalRecordBody.pregnancyCheckupRecord.haemoglobin","","","",0,1,"","","","Quantity {[]} {[]}
","Hemoglobin","Hemoglobin","","","","","","","","","",,,,,"",,,,"SEEHDSLMMaternityMedicalHistory.maternityMedicalRecord.maternityMedicalRecordBody.pregnancyCheckupRecord.haemoglobin",0,1,"",""
"SEEHDSLMMaternityMedicalHistory.maternityMedicalRecord.maternityMedicalRecordBody.pregnancyCheckupRecord.bloodPressureSystolic","SEEHDSLMMaternityMedicalHistory.maternityMedicalRecord.maternityMedicalRecordBody.pregnancyCheckupRecord.bloodPressureSystolic","","","",0,1,"","","","Quantity {[]} {[]}
","Systoliskt blodtryck","Systoliskt blodtryck","","","","","","","","","",,,,,"",,,,"SEEHDSLMMaternityMedicalHistory.maternityMedicalRecord.maternityMedicalRecordBody.pregnancyCheckupRecord.bloodPressureSystolic",0,1,"",""
"SEEHDSLMMaternityMedicalHistory.maternityMedicalRecord.maternityMedicalRecordBody.pregnancyCheckupRecord.bloodPressureDiastolic","SEEHDSLMMaternityMedicalHistory.maternityMedicalRecord.maternityMedicalRecordBody.pregnancyCheckupRecord.bloodPressureDiastolic","","","",0,1,"","","","Quantity {[]} {[]}
","Diastoliskt blodtryck","Diastoliskt blodtryck","","","","","","","","","",,,,,"",,,,"SEEHDSLMMaternityMedicalHistory.maternityMedicalRecord.maternityMedicalRecordBody.pregnancyCheckupRecord.bloodPressureDiastolic",0,1,"",""
"SEEHDSLMMaternityMedicalHistory.maternityMedicalRecord.maternityMedicalRecordBody.pregnancyCheckupRecord.proteinuria","SEEHDSLMMaternityMedicalHistory.maternityMedicalRecord.maternityMedicalRecordBody.pregnancyCheckupRecord.proteinuria","","","",0,1,"","","","Quantity {[]} {[]}
","Proteinuri","Proteinuri","","","","","","","","","",,,,,"",,,,"SEEHDSLMMaternityMedicalHistory.maternityMedicalRecord.maternityMedicalRecordBody.pregnancyCheckupRecord.proteinuria",0,1,"",""
"SEEHDSLMMaternityMedicalHistory.maternityMedicalRecord.maternityMedicalRecordBody.pregnancyCheckupRecord.glycosuria","SEEHDSLMMaternityMedicalHistory.maternityMedicalRecord.maternityMedicalRecordBody.pregnancyCheckupRecord.glycosuria","","","",0,1,"","","","Quantity {[]} {[]}
","Glykosuri","Glykosuri","","","","","","","","","",,,,,"",,,,"SEEHDSLMMaternityMedicalHistory.maternityMedicalRecord.maternityMedicalRecordBody.pregnancyCheckupRecord.glycosuria",0,1,"",""
"SEEHDSLMMaternityMedicalHistory.maternityMedicalRecord.maternityMedicalRecordBody.pregnancyCheckupRecord.fetalPosition","SEEHDSLMMaternityMedicalHistory.maternityMedicalRecord.maternityMedicalRecordBody.pregnancyCheckupRecord.fetalPosition","","","",0,*,"","","","CodeableConcept {[]} {[]}
","Fosterläge","Fosterläge","","","","","","","","","",,,,,"",,,,"SEEHDSLMMaternityMedicalHistory.maternityMedicalRecord.maternityMedicalRecordBody.pregnancyCheckupRecord.fetalPosition",0,*,"",""
"SEEHDSLMMaternityMedicalHistory.maternityMedicalRecord.maternityMedicalRecordBody.pregnancyCheckupRecord.fetalPresentation","SEEHDSLMMaternityMedicalHistory.maternityMedicalRecord.maternityMedicalRecordBody.pregnancyCheckupRecord.fetalPresentation","","","",0,*,"","","","CodeableConcept {[]} {[]}
","Fosterpresentation","Fosterpresentation","","","","","","","","","",,,,,"",,,,"SEEHDSLMMaternityMedicalHistory.maternityMedicalRecord.maternityMedicalRecordBody.pregnancyCheckupRecord.fetalPresentation",0,*,"",""
"SEEHDSLMMaternityMedicalHistory.maternityMedicalRecord.maternityMedicalRecordBody.pregnancyCheckupRecord.fetalHeartRate","SEEHDSLMMaternityMedicalHistory.maternityMedicalRecord.maternityMedicalRecordBody.pregnancyCheckupRecord.fetalHeartRate","","","",0,*,"","","","Quantity {[]} {[]}
","Fosterhjärtfrekvens","Fosterhjärtfrekvens","","","","","","","","","",,,,,"",,,,"SEEHDSLMMaternityMedicalHistory.maternityMedicalRecord.maternityMedicalRecordBody.pregnancyCheckupRecord.fetalHeartRate",0,*,"",""
"SEEHDSLMMaternityMedicalHistory.maternityMedicalRecord.maternityMedicalRecordBody.pregnancyCheckupRecord.typeOfLeave","SEEHDSLMMaternityMedicalHistory.maternityMedicalRecord.maternityMedicalRecordBody.pregnancyCheckupRecord.typeOfLeave","","","",0,*,"","","","CodeableConcept {[]} {[]}
","Typ av ledighet","Typ av ledighet","","","","","","","","","",,,,,"",,,,"SEEHDSLMMaternityMedicalHistory.maternityMedicalRecord.maternityMedicalRecordBody.pregnancyCheckupRecord.typeOfLeave",0,*,"",""
"SEEHDSLMMaternityMedicalHistory.maternityMedicalRecord.maternityMedicalRecordBody.pregnancyCheckupRecord.medicationSinceRegistration","SEEHDSLMMaternityMedicalHistory.maternityMedicalRecord.maternityMedicalRecordBody.pregnancyCheckupRecord.medicationSinceRegistration","","","",0,*,"","","","BackboneElement {[]} {[]}
","Läkemedel sedan inskrivning","Läkemedel sedan inskrivning","","","","","","","","","",,,,,"",,,,"SEEHDSLMMaternityMedicalHistory.maternityMedicalRecord.maternityMedicalRecordBody.pregnancyCheckupRecord.medicationSinceRegistration",0,*,"","ele-1:All FHIR elements must have a @value or children {hasValue() or (children().count() > id.count())}
"
"SEEHDSLMMaternityMedicalHistory.maternityMedicalRecord.maternityMedicalRecordBody.pregnancyCheckupRecord.medicationSinceRegistration.id","SEEHDSLMMaternityMedicalHistory.maternityMedicalRecord.maternityMedicalRecordBody.pregnancyCheckupRecord.medicationSinceRegistration.id","","","",0,1,"","","","string {[]} {[]}
","Unique id for inter-element referencing","Unique id for the element within a resource (for internal references). This may be any string value that does not contain spaces.","","","","","","","","","",,,,,"",,,,"Element.id",0,1,"",""
"SEEHDSLMMaternityMedicalHistory.maternityMedicalRecord.maternityMedicalRecordBody.pregnancyCheckupRecord.medicationSinceRegistration.extension","SEEHDSLMMaternityMedicalHistory.maternityMedicalRecord.maternityMedicalRecordBody.pregnancyCheckupRecord.medicationSinceRegistration.extension","","extensions
user content","",0,*,"","","","Extension {[]} {[]}
","Additional content defined by implementations","May be used to represent additional information that is not part of the basic definition of the element. To make the use of extensions safe and manageable, there is a strict set of governance  applied to the definition and use of extensions. Though any implementer can define an extension, there is a set of requirements that SHALL be met as part of the definition of the extension.","There can be no stigma associated with the use of extensions by any application, project, or standard - regardless of the institution or jurisdiction that uses or defines the extensions.  The use of extensions is what allows the FHIR specification to retain a core level of simplicity for everyone.","","","","","","","","",,,,,"","value:url}
","Extensions are always sliced by (at least) url",,"open","Element.extension",0,*,"","ele-1:All FHIR elements must have a @value or children {hasValue() or (children().count() > id.count())}
ext-1:Must have either extensions or value[x], not both {extension.exists() != value.exists()}"
"SEEHDSLMMaternityMedicalHistory.maternityMedicalRecord.maternityMedicalRecordBody.pregnancyCheckupRecord.medicationSinceRegistration.modifierExtension","SEEHDSLMMaternityMedicalHistory.maternityMedicalRecord.maternityMedicalRecordBody.pregnancyCheckupRecord.medicationSinceRegistration.modifierExtension","","extensions
user contentmodifiers","",0,*,"","Y","Y","Extension {[]} {[]}
","Extensions that cannot be ignored even if unrecognized","May be used to represent additional information that is not part of the basic definition of the element and that modifies the understanding of the element in which it is contained and/or the understanding of the containing element's descendants. Usually modifier elements provide negation or qualification. To make the use of extensions safe and manageable, there is a strict set of governance applied to the definition and use of extensions. Though any implementer can define an extension, there is a set of requirements that SHALL be met as part of the definition of the extension. Applications processing a resource are required to check for modifier extensions.

Modifier extensions SHALL NOT change the meaning of any elements on Resource or DomainResource (including cannot change the meaning of modifierExtension itself).","There can be no stigma associated with the use of extensions by any application, project, or standard - regardless of the institution or jurisdiction that uses or defines the extensions.  The use of extensions is what allows the FHIR specification to retain a core level of simplicity for everyone.","Modifier extensions allow for extensions that *cannot* be safely ignored to be clearly distinguished from the vast majority of extensions which can be safely ignored.  This promotes interoperability by eliminating the need for implementers to prohibit the presence of extensions. For further information, see the [definition of modifier extensions](http://hl7.org/fhir/R4/extensibility.html#modifierExtension).","","","","","","","",,,,,"",,,,"BackboneElement.modifierExtension",0,*,"","ele-1:All FHIR elements must have a @value or children {hasValue() or (children().count() > id.count())}
ext-1:Must have either extensions or value[x], not both {extension.exists() != value.exists()}"
"SEEHDSLMMaternityMedicalHistory.maternityMedicalRecord.maternityMedicalRecordBody.pregnancyCheckupRecord.medicationSinceRegistration.medicament","SEEHDSLMMaternityMedicalHistory.maternityMedicalRecord.maternityMedicalRecordBody.pregnancyCheckupRecord.medicationSinceRegistration.medicament","","","",1,1,"","","","string {[]} {[]}
","Läkemedel","Läkemedel","","","","","","","","","",,,,,"",,,,"SEEHDSLMMaternityMedicalHistory.maternityMedicalRecord.maternityMedicalRecordBody.pregnancyCheckupRecord.medicationSinceRegistration.medicament",1,1,"",""
"SEEHDSLMMaternityMedicalHistory.maternityMedicalRecord.maternityMedicalRecordBody.pregnancyCheckupRecord.medicationSinceRegistration.dosage","SEEHDSLMMaternityMedicalHistory.maternityMedicalRecord.maternityMedicalRecordBody.pregnancyCheckupRecord.medicationSinceRegistration.dosage","","","",0,1,"","","","string {[]} {[]}
","Dosering","Dosering","","","","","","","","","",,,,,"",,,,"SEEHDSLMMaternityMedicalHistory.maternityMedicalRecord.maternityMedicalRecordBody.pregnancyCheckupRecord.medicationSinceRegistration.dosage",0,1,"",""
"SEEHDSLMMaternityMedicalHistory.maternityMedicalRecord.maternityMedicalRecordBody.postDeliveryRecord","SEEHDSLMMaternityMedicalHistory.maternityMedicalRecord.maternityMedicalRecordBody.postDeliveryRecord","","","",0,1,"","","","BackboneElement {[]} {[]}
","Eftervård","Eftervård","","","","","","","","","",,,,,"",,,,"SEEHDSLMMaternityMedicalHistory.maternityMedicalRecord.maternityMedicalRecordBody.postDeliveryRecord",0,1,"","ele-1:All FHIR elements must have a @value or children {hasValue() or (children().count() > id.count())}
"
"SEEHDSLMMaternityMedicalHistory.maternityMedicalRecord.maternityMedicalRecordBody.postDeliveryRecord.id","SEEHDSLMMaternityMedicalHistory.maternityMedicalRecord.maternityMedicalRecordBody.postDeliveryRecord.id","","","",0,1,"","","","string {[]} {[]}
","Unique id for inter-element referencing","Unique id for the element within a resource (for internal references). This may be any string value that does not contain spaces.","","","","","","","","","",,,,,"",,,,"Element.id",0,1,"",""
"SEEHDSLMMaternityMedicalHistory.maternityMedicalRecord.maternityMedicalRecordBody.postDeliveryRecord.extension","SEEHDSLMMaternityMedicalHistory.maternityMedicalRecord.maternityMedicalRecordBody.postDeliveryRecord.extension","","extensions
user content","",0,*,"","","","Extension {[]} {[]}
","Additional content defined by implementations","May be used to represent additional information that is not part of the basic definition of the element. To make the use of extensions safe and manageable, there is a strict set of governance  applied to the definition and use of extensions. Though any implementer can define an extension, there is a set of requirements that SHALL be met as part of the definition of the extension.","There can be no stigma associated with the use of extensions by any application, project, or standard - regardless of the institution or jurisdiction that uses or defines the extensions.  The use of extensions is what allows the FHIR specification to retain a core level of simplicity for everyone.","","","","","","","","",,,,,"","value:url}
","Extensions are always sliced by (at least) url",,"open","Element.extension",0,*,"","ele-1:All FHIR elements must have a @value or children {hasValue() or (children().count() > id.count())}
ext-1:Must have either extensions or value[x], not both {extension.exists() != value.exists()}"
"SEEHDSLMMaternityMedicalHistory.maternityMedicalRecord.maternityMedicalRecordBody.postDeliveryRecord.modifierExtension","SEEHDSLMMaternityMedicalHistory.maternityMedicalRecord.maternityMedicalRecordBody.postDeliveryRecord.modifierExtension","","extensions
user contentmodifiers","",0,*,"","Y","Y","Extension {[]} {[]}
","Extensions that cannot be ignored even if unrecognized","May be used to represent additional information that is not part of the basic definition of the element and that modifies the understanding of the element in which it is contained and/or the understanding of the containing element's descendants. Usually modifier elements provide negation or qualification. To make the use of extensions safe and manageable, there is a strict set of governance applied to the definition and use of extensions. Though any implementer can define an extension, there is a set of requirements that SHALL be met as part of the definition of the extension. Applications processing a resource are required to check for modifier extensions.

Modifier extensions SHALL NOT change the meaning of any elements on Resource or DomainResource (including cannot change the meaning of modifierExtension itself).","There can be no stigma associated with the use of extensions by any application, project, or standard - regardless of the institution or jurisdiction that uses or defines the extensions.  The use of extensions is what allows the FHIR specification to retain a core level of simplicity for everyone.","Modifier extensions allow for extensions that *cannot* be safely ignored to be clearly distinguished from the vast majority of extensions which can be safely ignored.  This promotes interoperability by eliminating the need for implementers to prohibit the presence of extensions. For further information, see the [definition of modifier extensions](http://hl7.org/fhir/R4/extensibility.html#modifierExtension).","","","","","","","",,,,,"",,,,"BackboneElement.modifierExtension",0,*,"","ele-1:All FHIR elements must have a @value or children {hasValue() or (children().count() > id.count())}
ext-1:Must have either extensions or value[x], not both {extension.exists() != value.exists()}"
"SEEHDSLMMaternityMedicalHistory.maternityMedicalRecord.maternityMedicalRecordBody.postDeliveryRecord.motherPostDeliveryRecord","SEEHDSLMMaternityMedicalHistory.maternityMedicalRecord.maternityMedicalRecordBody.postDeliveryRecord.motherPostDeliveryRecord","","","",1,1,"","","","BackboneElement {[]} {[]}
","Moderns eftervård","Moderns eftervård","","","","","","","","","",,,,,"",,,,"SEEHDSLMMaternityMedicalHistory.maternityMedicalRecord.maternityMedicalRecordBody.postDeliveryRecord.motherPostDeliveryRecord",1,1,"","ele-1:All FHIR elements must have a @value or children {hasValue() or (children().count() > id.count())}
"
"SEEHDSLMMaternityMedicalHistory.maternityMedicalRecord.maternityMedicalRecordBody.postDeliveryRecord.motherPostDeliveryRecord.id","SEEHDSLMMaternityMedicalHistory.maternityMedicalRecord.maternityMedicalRecordBody.postDeliveryRecord.motherPostDeliveryRecord.id","","","",0,1,"","","","string {[]} {[]}
","Unique id for inter-element referencing","Unique id for the element within a resource (for internal references). This may be any string value that does not contain spaces.","","","","","","","","","",,,,,"",,,,"Element.id",0,1,"",""
"SEEHDSLMMaternityMedicalHistory.maternityMedicalRecord.maternityMedicalRecordBody.postDeliveryRecord.motherPostDeliveryRecord.extension","SEEHDSLMMaternityMedicalHistory.maternityMedicalRecord.maternityMedicalRecordBody.postDeliveryRecord.motherPostDeliveryRecord.extension","","extensions
user content","",0,*,"","","","Extension {[]} {[]}
","Additional content defined by implementations","May be used to represent additional information that is not part of the basic definition of the element. To make the use of extensions safe and manageable, there is a strict set of governance  applied to the definition and use of extensions. Though any implementer can define an extension, there is a set of requirements that SHALL be met as part of the definition of the extension.","There can be no stigma associated with the use of extensions by any application, project, or standard - regardless of the institution or jurisdiction that uses or defines the extensions.  The use of extensions is what allows the FHIR specification to retain a core level of simplicity for everyone.","","","","","","","","",,,,,"","value:url}
","Extensions are always sliced by (at least) url",,"open","Element.extension",0,*,"","ele-1:All FHIR elements must have a @value or children {hasValue() or (children().count() > id.count())}
ext-1:Must have either extensions or value[x], not both {extension.exists() != value.exists()}"
"SEEHDSLMMaternityMedicalHistory.maternityMedicalRecord.maternityMedicalRecordBody.postDeliveryRecord.motherPostDeliveryRecord.modifierExtension","SEEHDSLMMaternityMedicalHistory.maternityMedicalRecord.maternityMedicalRecordBody.postDeliveryRecord.motherPostDeliveryRecord.modifierExtension","","extensions
user contentmodifiers","",0,*,"","Y","Y","Extension {[]} {[]}
","Extensions that cannot be ignored even if unrecognized","May be used to represent additional information that is not part of the basic definition of the element and that modifies the understanding of the element in which it is contained and/or the understanding of the containing element's descendants. Usually modifier elements provide negation or qualification. To make the use of extensions safe and manageable, there is a strict set of governance applied to the definition and use of extensions. Though any implementer can define an extension, there is a set of requirements that SHALL be met as part of the definition of the extension. Applications processing a resource are required to check for modifier extensions.

Modifier extensions SHALL NOT change the meaning of any elements on Resource or DomainResource (including cannot change the meaning of modifierExtension itself).","There can be no stigma associated with the use of extensions by any application, project, or standard - regardless of the institution or jurisdiction that uses or defines the extensions.  The use of extensions is what allows the FHIR specification to retain a core level of simplicity for everyone.","Modifier extensions allow for extensions that *cannot* be safely ignored to be clearly distinguished from the vast majority of extensions which can be safely ignored.  This promotes interoperability by eliminating the need for implementers to prohibit the presence of extensions. For further information, see the [definition of modifier extensions](http://hl7.org/fhir/R4/extensibility.html#modifierExtension).","","","","","","","",,,,,"",,,,"BackboneElement.modifierExtension",0,*,"","ele-1:All FHIR elements must have a @value or children {hasValue() or (children().count() > id.count())}
ext-1:Must have either extensions or value[x], not both {extension.exists() != value.exists()}"
"SEEHDSLMMaternityMedicalHistory.maternityMedicalRecord.maternityMedicalRecordBody.postDeliveryRecord.motherPostDeliveryRecord.breastfeeding","SEEHDSLMMaternityMedicalHistory.maternityMedicalRecord.maternityMedicalRecordBody.postDeliveryRecord.motherPostDeliveryRecord.breastfeeding","","","",0,1,"","","","boolean {[]} {[]}
","Amning","Amning","","","","","","","","","",,,,,"",,,,"SEEHDSLMMaternityMedicalHistory.maternityMedicalRecord.maternityMedicalRecordBody.postDeliveryRecord.motherPostDeliveryRecord.breastfeeding",0,1,"",""
"SEEHDSLMMaternityMedicalHistory.maternityMedicalRecord.maternityMedicalRecordBody.postDeliveryRecord.motherPostDeliveryRecord.bloodPressureSystolic","SEEHDSLMMaternityMedicalHistory.maternityMedicalRecord.maternityMedicalRecordBody.postDeliveryRecord.motherPostDeliveryRecord.bloodPressureSystolic","","","",0,1,"","","","Quantity {[]} {[]}
","Systoliskt blodtryck","Systoliskt blodtryck","","","","","","","","","",,,,,"",,,,"SEEHDSLMMaternityMedicalHistory.maternityMedicalRecord.maternityMedicalRecordBody.postDeliveryRecord.motherPostDeliveryRecord.bloodPressureSystolic",0,1,"",""
"SEEHDSLMMaternityMedicalHistory.maternityMedicalRecord.maternityMedicalRecordBody.postDeliveryRecord.motherPostDeliveryRecord.bloodPressureDiastolic","SEEHDSLMMaternityMedicalHistory.maternityMedicalRecord.maternityMedicalRecordBody.postDeliveryRecord.motherPostDeliveryRecord.bloodPressureDiastolic","","","",0,1,"","","","Quantity {[]} {[]}
","Diastoliskt blodtryck","Diastoliskt blodtryck","","","","","","","","","",,,,,"",,,,"SEEHDSLMMaternityMedicalHistory.maternityMedicalRecord.maternityMedicalRecordBody.postDeliveryRecord.motherPostDeliveryRecord.bloodPressureDiastolic",0,1,"",""
"SEEHDSLMMaternityMedicalHistory.maternityMedicalRecord.maternityMedicalRecordBody.postDeliveryRecord.motherPostDeliveryRecord.haemoglobin","SEEHDSLMMaternityMedicalHistory.maternityMedicalRecord.maternityMedicalRecordBody.postDeliveryRecord.motherPostDeliveryRecord.haemoglobin","","","",0,1,"","","","Quantity {[]} {[]}
","Hemoglobin","Hemoglobin","","","","","","","","","",,,,,"",,,,"SEEHDSLMMaternityMedicalHistory.maternityMedicalRecord.maternityMedicalRecordBody.postDeliveryRecord.motherPostDeliveryRecord.haemoglobin",0,1,"",""
"SEEHDSLMMaternityMedicalHistory.maternityMedicalRecord.maternityMedicalRecordBody.postDeliveryRecord.motherPostDeliveryRecord.bodyTemperature","SEEHDSLMMaternityMedicalHistory.maternityMedicalRecord.maternityMedicalRecordBody.postDeliveryRecord.motherPostDeliveryRecord.bodyTemperature","","","",0,1,"","","","Quantity {[]} {[]}
","Kroppstemperatur","Kroppstemperatur","","","","","","","","","",,,,,"",,,,"SEEHDSLMMaternityMedicalHistory.maternityMedicalRecord.maternityMedicalRecordBody.postDeliveryRecord.motherPostDeliveryRecord.bodyTemperature",0,1,"",""
"SEEHDSLMMaternityMedicalHistory.maternityMedicalRecord.maternityMedicalRecordBody.postDeliveryRecord.motherPostDeliveryRecord.scarsOK","SEEHDSLMMaternityMedicalHistory.maternityMedicalRecord.maternityMedicalRecordBody.postDeliveryRecord.motherPostDeliveryRecord.scarsOK","","","",0,1,"","","","boolean {[]} {[]}
","Ärr OK","Ärr OK","","","","","","","","","",,,,,"",,,,"SEEHDSLMMaternityMedicalHistory.maternityMedicalRecord.maternityMedicalRecordBody.postDeliveryRecord.motherPostDeliveryRecord.scarsOK",0,1,"",""
"SEEHDSLMMaternityMedicalHistory.maternityMedicalRecord.maternityMedicalRecordBody.postDeliveryRecord.motherPostDeliveryRecord.sutureRemoved","SEEHDSLMMaternityMedicalHistory.maternityMedicalRecord.maternityMedicalRecordBody.postDeliveryRecord.motherPostDeliveryRecord.sutureRemoved","","","",0,1,"","","","boolean {[]} {[]}
","Suturer borttagna","Suturer borttagna","","","","","","","","","",,,,,"",,,,"SEEHDSLMMaternityMedicalHistory.maternityMedicalRecord.maternityMedicalRecordBody.postDeliveryRecord.motherPostDeliveryRecord.sutureRemoved",0,1,"",""
"SEEHDSLMMaternityMedicalHistory.maternityMedicalRecord.maternityMedicalRecordBody.postDeliveryRecord.motherPostDeliveryRecord.perineumComfortable","SEEHDSLMMaternityMedicalHistory.maternityMedicalRecord.maternityMedicalRecordBody.postDeliveryRecord.motherPostDeliveryRecord.perineumComfortable","","","",0,1,"","","","boolean {[]} {[]}
","Perineum OK","Perineum OK","","","","","","","","","",,,,,"",,,,"SEEHDSLMMaternityMedicalHistory.maternityMedicalRecord.maternityMedicalRecordBody.postDeliveryRecord.motherPostDeliveryRecord.perineumComfortable",0,1,"",""
"SEEHDSLMMaternityMedicalHistory.maternityMedicalRecord.maternityMedicalRecordBody.postDeliveryRecord.motherPostDeliveryRecord.vulvaVaginaPortioOK","SEEHDSLMMaternityMedicalHistory.maternityMedicalRecord.maternityMedicalRecordBody.postDeliveryRecord.motherPostDeliveryRecord.vulvaVaginaPortioOK","","","",0,1,"","","","boolean {[]} {[]}
","Vulva/vagina/portio OK","Vulva/vagina/portio OK","","","","","","","","","",,,,,"",,,,"SEEHDSLMMaternityMedicalHistory.maternityMedicalRecord.maternityMedicalRecordBody.postDeliveryRecord.motherPostDeliveryRecord.vulvaVaginaPortioOK",0,1,"",""
"SEEHDSLMMaternityMedicalHistory.maternityMedicalRecord.maternityMedicalRecordBody.postDeliveryRecord.motherPostDeliveryRecord.uterusContracted","SEEHDSLMMaternityMedicalHistory.maternityMedicalRecord.maternityMedicalRecordBody.postDeliveryRecord.motherPostDeliveryRecord.uterusContracted","","","",0,1,"","","","boolean {[]} {[]}
","Uterus kontraherad","Uterus kontraherad","","","","","","","","","",,,,,"",,,,"SEEHDSLMMaternityMedicalHistory.maternityMedicalRecord.maternityMedicalRecordBody.postDeliveryRecord.motherPostDeliveryRecord.uterusContracted",0,1,"",""
"SEEHDSLMMaternityMedicalHistory.maternityMedicalRecord.maternityMedicalRecordBody.postDeliveryRecord.motherPostDeliveryRecord.uterusNote","SEEHDSLMMaternityMedicalHistory.maternityMedicalRecord.maternityMedicalRecordBody.postDeliveryRecord.motherPostDeliveryRecord.uterusNote","","","",0,1,"","","","string {[]} {[]}
","Uterusnotering","Uterusnotering","","","","","","","","","",,,,,"",,,,"SEEHDSLMMaternityMedicalHistory.maternityMedicalRecord.maternityMedicalRecordBody.postDeliveryRecord.motherPostDeliveryRecord.uterusNote",0,1,"",""
"SEEHDSLMMaternityMedicalHistory.maternityMedicalRecord.maternityMedicalRecordBody.postDeliveryRecord.childPostDeliveryRecord","SEEHDSLMMaternityMedicalHistory.maternityMedicalRecord.maternityMedicalRecordBody.postDeliveryRecord.childPostDeliveryRecord","","","",1,*,"","","","BackboneElement {[]} {[]}
","Barnets eftervård","Barnets eftervård","","","","","","","","","",,,,,"",,,,"SEEHDSLMMaternityMedicalHistory.maternityMedicalRecord.maternityMedicalRecordBody.postDeliveryRecord.childPostDeliveryRecord",1,*,"","ele-1:All FHIR elements must have a @value or children {hasValue() or (children().count() > id.count())}
"
"SEEHDSLMMaternityMedicalHistory.maternityMedicalRecord.maternityMedicalRecordBody.postDeliveryRecord.childPostDeliveryRecord.id","SEEHDSLMMaternityMedicalHistory.maternityMedicalRecord.maternityMedicalRecordBody.postDeliveryRecord.childPostDeliveryRecord.id","","","",0,1,"","","","string {[]} {[]}
","Unique id for inter-element referencing","Unique id for the element within a resource (for internal references). This may be any string value that does not contain spaces.","","","","","","","","","",,,,,"",,,,"Element.id",0,1,"",""
"SEEHDSLMMaternityMedicalHistory.maternityMedicalRecord.maternityMedicalRecordBody.postDeliveryRecord.childPostDeliveryRecord.extension","SEEHDSLMMaternityMedicalHistory.maternityMedicalRecord.maternityMedicalRecordBody.postDeliveryRecord.childPostDeliveryRecord.extension","","extensions
user content","",0,*,"","","","Extension {[]} {[]}
","Additional content defined by implementations","May be used to represent additional information that is not part of the basic definition of the element. To make the use of extensions safe and manageable, there is a strict set of governance  applied to the definition and use of extensions. Though any implementer can define an extension, there is a set of requirements that SHALL be met as part of the definition of the extension.","There can be no stigma associated with the use of extensions by any application, project, or standard - regardless of the institution or jurisdiction that uses or defines the extensions.  The use of extensions is what allows the FHIR specification to retain a core level of simplicity for everyone.","","","","","","","","",,,,,"","value:url}
","Extensions are always sliced by (at least) url",,"open","Element.extension",0,*,"","ele-1:All FHIR elements must have a @value or children {hasValue() or (children().count() > id.count())}
ext-1:Must have either extensions or value[x], not both {extension.exists() != value.exists()}"
"SEEHDSLMMaternityMedicalHistory.maternityMedicalRecord.maternityMedicalRecordBody.postDeliveryRecord.childPostDeliveryRecord.modifierExtension","SEEHDSLMMaternityMedicalHistory.maternityMedicalRecord.maternityMedicalRecordBody.postDeliveryRecord.childPostDeliveryRecord.modifierExtension","","extensions
user contentmodifiers","",0,*,"","Y","Y","Extension {[]} {[]}
","Extensions that cannot be ignored even if unrecognized","May be used to represent additional information that is not part of the basic definition of the element and that modifies the understanding of the element in which it is contained and/or the understanding of the containing element's descendants. Usually modifier elements provide negation or qualification. To make the use of extensions safe and manageable, there is a strict set of governance applied to the definition and use of extensions. Though any implementer can define an extension, there is a set of requirements that SHALL be met as part of the definition of the extension. Applications processing a resource are required to check for modifier extensions.

Modifier extensions SHALL NOT change the meaning of any elements on Resource or DomainResource (including cannot change the meaning of modifierExtension itself).","There can be no stigma associated with the use of extensions by any application, project, or standard - regardless of the institution or jurisdiction that uses or defines the extensions.  The use of extensions is what allows the FHIR specification to retain a core level of simplicity for everyone.","Modifier extensions allow for extensions that *cannot* be safely ignored to be clearly distinguished from the vast majority of extensions which can be safely ignored.  This promotes interoperability by eliminating the need for implementers to prohibit the presence of extensions. For further information, see the [definition of modifier extensions](http://hl7.org/fhir/R4/extensibility.html#modifierExtension).","","","","","","","",,,,,"",,,,"BackboneElement.modifierExtension",0,*,"","ele-1:All FHIR elements must have a @value or children {hasValue() or (children().count() > id.count())}
ext-1:Must have either extensions or value[x], not both {extension.exists() != value.exists()}"
"SEEHDSLMMaternityMedicalHistory.maternityMedicalRecord.maternityMedicalRecordBody.postDeliveryRecord.childPostDeliveryRecord.ordinalNumber","SEEHDSLMMaternityMedicalHistory.maternityMedicalRecord.maternityMedicalRecordBody.postDeliveryRecord.childPostDeliveryRecord.ordinalNumber","","","",1,1,"","","","integer {[]} {[]}
","Löpnummer för barn (vid flerbörd)","Löpnummer för barn (vid flerbörd)","","","","","","","","","",,,,,"",,,,"SEEHDSLMMaternityMedicalHistory.maternityMedicalRecord.maternityMedicalRecordBody.postDeliveryRecord.childPostDeliveryRecord.ordinalNumber",1,1,"",""
"SEEHDSLMMaternityMedicalHistory.maternityMedicalRecord.maternityMedicalRecordBody.postDeliveryRecord.childPostDeliveryRecord.weight","SEEHDSLMMaternityMedicalHistory.maternityMedicalRecord.maternityMedicalRecordBody.postDeliveryRecord.childPostDeliveryRecord.weight","","","",0,1,"","","","Quantity {[]} {[]}
","Barnets vikt","Barnets vikt","","","","","","","","","",,,,,"",,,,"SEEHDSLMMaternityMedicalHistory.maternityMedicalRecord.maternityMedicalRecordBody.postDeliveryRecord.childPostDeliveryRecord.weight",0,1,"",""
"SEEHDSLMMaternityMedicalHistory.maternityMedicalRecord.maternityMedicalRecordBody.postDeliveryRecord.childPostDeliveryRecord.apgarScore1","SEEHDSLMMaternityMedicalHistory.maternityMedicalRecord.maternityMedicalRecordBody.postDeliveryRecord.childPostDeliveryRecord.apgarScore1","","","",0,1,"","","","integer {[]} {[]}
","Apgar-poäng 1 min","Apgar-poäng 1 min","","","","","","","","","",,,,,"",,,,"SEEHDSLMMaternityMedicalHistory.maternityMedicalRecord.maternityMedicalRecordBody.postDeliveryRecord.childPostDeliveryRecord.apgarScore1",0,1,"",""
"SEEHDSLMMaternityMedicalHistory.maternityMedicalRecord.maternityMedicalRecordBody.postDeliveryRecord.childPostDeliveryRecord.apgarScore5","SEEHDSLMMaternityMedicalHistory.maternityMedicalRecord.maternityMedicalRecordBody.postDeliveryRecord.childPostDeliveryRecord.apgarScore5","","","",0,1,"","","","integer {[]} {[]}
","Apgar-poäng 5 min","Apgar-poäng 5 min","","","","","","","","","",,,,,"",,,,"SEEHDSLMMaternityMedicalHistory.maternityMedicalRecord.maternityMedicalRecordBody.postDeliveryRecord.childPostDeliveryRecord.apgarScore5",0,1,"",""
"SEEHDSLMMaternityMedicalHistory.maternityMedicalRecord.maternityMedicalRecordBody.postDeliveryRecord.childPostDeliveryRecord.apgarScore10","SEEHDSLMMaternityMedicalHistory.maternityMedicalRecord.maternityMedicalRecordBody.postDeliveryRecord.childPostDeliveryRecord.apgarScore10","","","",0,1,"","","","integer {[]} {[]}
","Apgar-poäng 10 min","Apgar-poäng 10 min","","","","","","","","","",,,,,"",,,,"SEEHDSLMMaternityMedicalHistory.maternityMedicalRecord.maternityMedicalRecordBody.postDeliveryRecord.childPostDeliveryRecord.apgarScore10",0,1,"",""
