"Id","Path","Slice Name","Alias(s)","Label","Min","Max","Must Support?","Is Modifier?","Is Summary?","Type(s)","Short","Definition","Comments","Requirements","Default Value","Meaning When Missing","Fixed Value","Pattern","Example","Minimum Value","Maximum Value","Maximum Length","Binding Strength","Binding Description","Binding Value Set","Code","Slicing Discriminator","Slicing Description","Slicing Ordered","Slicing Rules","Base Path","Base Min","Base Max","Condition(s)","Constraint(s)"
"SEEHDSLMMedicationHistory","SEEHDSLMMedicationHistory","","","",0,*,"","","","null {[]} {[]}
","GetMedicationHistory","Logisk modell för tjänstekontraktet GetMedicationHistory
(RIV-TA urn:riv:clinicalprocess:activityprescription:actoutcome:GetMedicationHistoryResponder:2).
Representerar responsens informationsstruktur — läkemedelshistorik per patient.

OBS: Kontraktet är tämligen omfattande. Se tillämpningsanvisningen
(AB_clinicalprocess_activityprescription_actoutcome.docx) för implementationsdetaljer.","","","","","","","","","",,,,,"",,,,"Base",0,*,"",""
"SEEHDSLMMedicationHistory.medicationMedicalRecord","SEEHDSLMMedicationHistory.medicationMedicalRecord","","","",0,*,"","","","BackboneElement {[]} {[]}
","Patientens läkemedelshistorik","En läkemedelsjournalpost per ordination. En patient kan ha många poster.
Kardinalitet: Valfri, lista.","","","","","","","","","",,,,,"",,,,"SEEHDSLMMedicationHistory.medicationMedicalRecord",0,*,"","ele-1:All FHIR elements must have a @value or children {hasValue() or (children().count() > id.count())}
"
"SEEHDSLMMedicationHistory.medicationMedicalRecord.id","SEEHDSLMMedicationHistory.medicationMedicalRecord.id","","","",0,1,"","","","string {[]} {[]}
","Unique id for inter-element referencing","Unique id for the element within a resource (for internal references). This may be any string value that does not contain spaces.","","","","","","","","","",,,,,"",,,,"Element.id",0,1,"",""
"SEEHDSLMMedicationHistory.medicationMedicalRecord.extension","SEEHDSLMMedicationHistory.medicationMedicalRecord.extension","","extensions
user content","",0,*,"","","","Extension {[]} {[]}
","Additional content defined by implementations","May be used to represent additional information that is not part of the basic definition of the element. To make the use of extensions safe and manageable, there is a strict set of governance  applied to the definition and use of extensions. Though any implementer can define an extension, there is a set of requirements that SHALL be met as part of the definition of the extension.","There can be no stigma associated with the use of extensions by any application, project, or standard - regardless of the institution or jurisdiction that uses or defines the extensions.  The use of extensions is what allows the FHIR specification to retain a core level of simplicity for everyone.","","","","","","","","",,,,,"","value:url}
","Extensions are always sliced by (at least) url",,"open","Element.extension",0,*,"","ele-1:All FHIR elements must have a @value or children {hasValue() or (children().count() > id.count())}
ext-1:Must have either extensions or value[x], not both {extension.exists() != value.exists()}"
"SEEHDSLMMedicationHistory.medicationMedicalRecord.modifierExtension","SEEHDSLMMedicationHistory.medicationMedicalRecord.modifierExtension","","extensions
user contentmodifiers","",0,*,"","Y","Y","Extension {[]} {[]}
","Extensions that cannot be ignored even if unrecognized","May be used to represent additional information that is not part of the basic definition of the element and that modifies the understanding of the element in which it is contained and/or the understanding of the containing element's descendants. Usually modifier elements provide negation or qualification. To make the use of extensions safe and manageable, there is a strict set of governance applied to the definition and use of extensions. Though any implementer can define an extension, there is a set of requirements that SHALL be met as part of the definition of the extension. Applications processing a resource are required to check for modifier extensions.

Modifier extensions SHALL NOT change the meaning of any elements on Resource or DomainResource (including cannot change the meaning of modifierExtension itself).","There can be no stigma associated with the use of extensions by any application, project, or standard - regardless of the institution or jurisdiction that uses or defines the extensions.  The use of extensions is what allows the FHIR specification to retain a core level of simplicity for everyone.","Modifier extensions allow for extensions that *cannot* be safely ignored to be clearly distinguished from the vast majority of extensions which can be safely ignored.  This promotes interoperability by eliminating the need for implementers to prohibit the presence of extensions. For further information, see the [definition of modifier extensions](http://hl7.org/fhir/R4/extensibility.html#modifierExtension).","","","","","","","",,,,,"",,,,"BackboneElement.modifierExtension",0,*,"","ele-1:All FHIR elements must have a @value or children {hasValue() or (children().count() > id.count())}
ext-1:Must have either extensions or value[x], not both {extension.exists() != value.exists()}"
"SEEHDSLMMedicationHistory.medicationMedicalRecord.medicationMedicalRecordHeader","SEEHDSLMMedicationHistory.medicationMedicalRecord.medicationMedicalRecordHeader","","","",1,1,"","","","BackboneElement {[]} {[]}
","Basinformation om dokumentet","Basinformation om dokumentet","","","","","","","","","",,,,,"",,,,"SEEHDSLMMedicationHistory.medicationMedicalRecord.medicationMedicalRecordHeader",1,1,"","ele-1:All FHIR elements must have a @value or children {hasValue() or (children().count() > id.count())}
"
"SEEHDSLMMedicationHistory.medicationMedicalRecord.medicationMedicalRecordHeader.id","SEEHDSLMMedicationHistory.medicationMedicalRecord.medicationMedicalRecordHeader.id","","","",0,1,"","","","string {[]} {[]}
","Unique id for inter-element referencing","Unique id for the element within a resource (for internal references). This may be any string value that does not contain spaces.","","","","","","","","","",,,,,"",,,,"Element.id",0,1,"",""
"SEEHDSLMMedicationHistory.medicationMedicalRecord.medicationMedicalRecordHeader.extension","SEEHDSLMMedicationHistory.medicationMedicalRecord.medicationMedicalRecordHeader.extension","","extensions
user content","",0,*,"","","","Extension {[]} {[]}
","Additional content defined by implementations","May be used to represent additional information that is not part of the basic definition of the element. To make the use of extensions safe and manageable, there is a strict set of governance  applied to the definition and use of extensions. Though any implementer can define an extension, there is a set of requirements that SHALL be met as part of the definition of the extension.","There can be no stigma associated with the use of extensions by any application, project, or standard - regardless of the institution or jurisdiction that uses or defines the extensions.  The use of extensions is what allows the FHIR specification to retain a core level of simplicity for everyone.","","","","","","","","",,,,,"","value:url}
","Extensions are always sliced by (at least) url",,"open","Element.extension",0,*,"","ele-1:All FHIR elements must have a @value or children {hasValue() or (children().count() > id.count())}
ext-1:Must have either extensions or value[x], not both {extension.exists() != value.exists()}"
"SEEHDSLMMedicationHistory.medicationMedicalRecord.medicationMedicalRecordHeader.modifierExtension","SEEHDSLMMedicationHistory.medicationMedicalRecord.medicationMedicalRecordHeader.modifierExtension","","extensions
user contentmodifiers","",0,*,"","Y","Y","Extension {[]} {[]}
","Extensions that cannot be ignored even if unrecognized","May be used to represent additional information that is not part of the basic definition of the element and that modifies the understanding of the element in which it is contained and/or the understanding of the containing element's descendants. Usually modifier elements provide negation or qualification. To make the use of extensions safe and manageable, there is a strict set of governance applied to the definition and use of extensions. Though any implementer can define an extension, there is a set of requirements that SHALL be met as part of the definition of the extension. Applications processing a resource are required to check for modifier extensions.

Modifier extensions SHALL NOT change the meaning of any elements on Resource or DomainResource (including cannot change the meaning of modifierExtension itself).","There can be no stigma associated with the use of extensions by any application, project, or standard - regardless of the institution or jurisdiction that uses or defines the extensions.  The use of extensions is what allows the FHIR specification to retain a core level of simplicity for everyone.","Modifier extensions allow for extensions that *cannot* be safely ignored to be clearly distinguished from the vast majority of extensions which can be safely ignored.  This promotes interoperability by eliminating the need for implementers to prohibit the presence of extensions. For further information, see the [definition of modifier extensions](http://hl7.org/fhir/R4/extensibility.html#modifierExtension).","","","","","","","",,,,,"",,,,"BackboneElement.modifierExtension",0,*,"","ele-1:All FHIR elements must have a @value or children {hasValue() or (children().count() > id.count())}
ext-1:Must have either extensions or value[x], not both {extension.exists() != value.exists()}"
"SEEHDSLMMedicationHistory.medicationMedicalRecord.medicationMedicalRecordHeader.documentId","SEEHDSLMMedicationHistory.medicationMedicalRecord.medicationMedicalRecordHeader.documentId","","","",1,1,"","","","string {[]} {[]}
","Identifierare för uppgift (vanligtvis ordinations-id)","Vanligtvis ordinations-id eller ordinations-id kompletterat med löpnummer.","","","","","","","","","",,,,,"",,,,"SEEHDSLMMedicationHistory.medicationMedicalRecord.medicationMedicalRecordHeader.documentId",1,1,"",""
"SEEHDSLMMedicationHistory.medicationMedicalRecord.medicationMedicalRecordHeader.sourceSystemHSAId","SEEHDSLMMedicationHistory.medicationMedicalRecord.medicationMedicalRecordHeader.sourceSystemHSAId","","","",1,1,"","","","Identifier {[]} {[]}
","Källsystemets HSA-id","Källsystemets HSA-id","","","","","","","","","",,,,,"",,,,"SEEHDSLMMedicationHistory.medicationMedicalRecord.medicationMedicalRecordHeader.sourceSystemHSAId",1,1,"",""
"SEEHDSLMMedicationHistory.medicationMedicalRecord.medicationMedicalRecordHeader.documentTitle","SEEHDSLMMedicationHistory.medicationMedicalRecord.medicationMedicalRecordHeader.documentTitle","","","",0,0,"","","","string {[]} {[]}
","Titel (ej tillämpligt — 0..0 per TKB)","Titel (ej tillämpligt — 0..0 per TKB)","","","","","","","","","",,,,,"",,,,"SEEHDSLMMedicationHistory.medicationMedicalRecord.medicationMedicalRecordHeader.documentTitle",0,0,"",""
"SEEHDSLMMedicationHistory.medicationMedicalRecord.medicationMedicalRecordHeader.patientId","SEEHDSLMMedicationHistory.medicationMedicalRecord.medicationMedicalRecordHeader.patientId","","","",1,1,"","","","Identifier {[]} {[]}
","Personidentifierare för patienten","Personidentifierare för patienten","","","","","","","","","",,,,,"",,,,"SEEHDSLMMedicationHistory.medicationMedicalRecord.medicationMedicalRecordHeader.patientId",1,1,"",""
"SEEHDSLMMedicationHistory.medicationMedicalRecord.medicationMedicalRecordHeader.accountableHealthcareProfessional","SEEHDSLMMedicationHistory.medicationMedicalRecord.medicationMedicalRecordHeader.accountableHealthcareProfessional","","","",1,1,"","","","BackboneElement {[]} {[]}
","Dokumentationsansvarig","Dokumentationsansvarig","","","","","","","","","",,,,,"",,,,"SEEHDSLMMedicationHistory.medicationMedicalRecord.medicationMedicalRecordHeader.accountableHealthcareProfessional",1,1,"","ele-1:All FHIR elements must have a @value or children {hasValue() or (children().count() > id.count())}
"
"SEEHDSLMMedicationHistory.medicationMedicalRecord.medicationMedicalRecordHeader.accountableHealthcareProfessional.id","SEEHDSLMMedicationHistory.medicationMedicalRecord.medicationMedicalRecordHeader.accountableHealthcareProfessional.id","","","",0,1,"","","","string {[]} {[]}
","Unique id for inter-element referencing","Unique id for the element within a resource (for internal references). This may be any string value that does not contain spaces.","","","","","","","","","",,,,,"",,,,"Element.id",0,1,"",""
"SEEHDSLMMedicationHistory.medicationMedicalRecord.medicationMedicalRecordHeader.accountableHealthcareProfessional.extension","SEEHDSLMMedicationHistory.medicationMedicalRecord.medicationMedicalRecordHeader.accountableHealthcareProfessional.extension","","extensions
user content","",0,*,"","","","Extension {[]} {[]}
","Additional content defined by implementations","May be used to represent additional information that is not part of the basic definition of the element. To make the use of extensions safe and manageable, there is a strict set of governance  applied to the definition and use of extensions. Though any implementer can define an extension, there is a set of requirements that SHALL be met as part of the definition of the extension.","There can be no stigma associated with the use of extensions by any application, project, or standard - regardless of the institution or jurisdiction that uses or defines the extensions.  The use of extensions is what allows the FHIR specification to retain a core level of simplicity for everyone.","","","","","","","","",,,,,"","value:url}
","Extensions are always sliced by (at least) url",,"open","Element.extension",0,*,"","ele-1:All FHIR elements must have a @value or children {hasValue() or (children().count() > id.count())}
ext-1:Must have either extensions or value[x], not both {extension.exists() != value.exists()}"
"SEEHDSLMMedicationHistory.medicationMedicalRecord.medicationMedicalRecordHeader.accountableHealthcareProfessional.modifierExtension","SEEHDSLMMedicationHistory.medicationMedicalRecord.medicationMedicalRecordHeader.accountableHealthcareProfessional.modifierExtension","","extensions
user contentmodifiers","",0,*,"","Y","Y","Extension {[]} {[]}
","Extensions that cannot be ignored even if unrecognized","May be used to represent additional information that is not part of the basic definition of the element and that modifies the understanding of the element in which it is contained and/or the understanding of the containing element's descendants. Usually modifier elements provide negation or qualification. To make the use of extensions safe and manageable, there is a strict set of governance applied to the definition and use of extensions. Though any implementer can define an extension, there is a set of requirements that SHALL be met as part of the definition of the extension. Applications processing a resource are required to check for modifier extensions.

Modifier extensions SHALL NOT change the meaning of any elements on Resource or DomainResource (including cannot change the meaning of modifierExtension itself).","There can be no stigma associated with the use of extensions by any application, project, or standard - regardless of the institution or jurisdiction that uses or defines the extensions.  The use of extensions is what allows the FHIR specification to retain a core level of simplicity for everyone.","Modifier extensions allow for extensions that *cannot* be safely ignored to be clearly distinguished from the vast majority of extensions which can be safely ignored.  This promotes interoperability by eliminating the need for implementers to prohibit the presence of extensions. For further information, see the [definition of modifier extensions](http://hl7.org/fhir/R4/extensibility.html#modifierExtension).","","","","","","","",,,,,"",,,,"BackboneElement.modifierExtension",0,*,"","ele-1:All FHIR elements must have a @value or children {hasValue() or (children().count() > id.count())}
ext-1:Must have either extensions or value[x], not both {extension.exists() != value.exists()}"
"SEEHDSLMMedicationHistory.medicationMedicalRecord.medicationMedicalRecordHeader.accountableHealthcareProfessional.authorTime","SEEHDSLMMedicationHistory.medicationMedicalRecord.medicationMedicalRecordHeader.accountableHealthcareProfessional.authorTime","","","",1,1,"","","","instant {[]} {[]}
","Tidpunkt för dokumentation","Tidpunkt för dokumentation","","","","","","","","","",,,,,"",,,,"SEEHDSLMMedicationHistory.medicationMedicalRecord.medicationMedicalRecordHeader.accountableHealthcareProfessional.authorTime",1,1,"",""
"SEEHDSLMMedicationHistory.medicationMedicalRecord.medicationMedicalRecordHeader.accountableHealthcareProfessional.healthcareProfessionalHSAId","SEEHDSLMMedicationHistory.medicationMedicalRecord.medicationMedicalRecordHeader.accountableHealthcareProfessional.healthcareProfessionalHSAId","","","",0,1,"","","","Identifier {[]} {[]}
","HSA-id för personal","HSA-id för personal","","","","","","","","","",,,,,"",,,,"SEEHDSLMMedicationHistory.medicationMedicalRecord.medicationMedicalRecordHeader.accountableHealthcareProfessional.healthcareProfessionalHSAId",0,1,"",""
"SEEHDSLMMedicationHistory.medicationMedicalRecord.medicationMedicalRecordHeader.accountableHealthcareProfessional.healthcareProfessionalName","SEEHDSLMMedicationHistory.medicationMedicalRecord.medicationMedicalRecordHeader.accountableHealthcareProfessional.healthcareProfessionalName","","","",0,1,"","","","string {[]} {[]}
","Namn på personal","Namn på personal","","","","","","","","","",,,,,"",,,,"SEEHDSLMMedicationHistory.medicationMedicalRecord.medicationMedicalRecordHeader.accountableHealthcareProfessional.healthcareProfessionalName",0,1,"",""
"SEEHDSLMMedicationHistory.medicationMedicalRecord.medicationMedicalRecordHeader.accountableHealthcareProfessional.healthcareProfessionalRoleCode","SEEHDSLMMedicationHistory.medicationMedicalRecord.medicationMedicalRecordHeader.accountableHealthcareProfessional.healthcareProfessionalRoleCode","","","",0,1,"","","","CodeableConcept {[]} {[]}
","Befattning (KV Befattning OID 1.2.752.129.2.2.1.4)","Befattning (KV Befattning OID 1.2.752.129.2.2.1.4)","","","","","","","","","",,,,,"",,,,"SEEHDSLMMedicationHistory.medicationMedicalRecord.medicationMedicalRecordHeader.accountableHealthcareProfessional.healthcareProfessionalRoleCode",0,1,"",""
"SEEHDSLMMedicationHistory.medicationMedicalRecord.medicationMedicalRecordHeader.accountableHealthcareProfessional.healthcareProfessionalOrgUnit","SEEHDSLMMedicationHistory.medicationMedicalRecord.medicationMedicalRecordHeader.accountableHealthcareProfessional.healthcareProfessionalOrgUnit","","","",0,1,"","","","BackboneElement {[]} {[]}
","Organisationsenhet","Organisationsenhet","","","","","","","","","",,,,,"",,,,"SEEHDSLMMedicationHistory.medicationMedicalRecord.medicationMedicalRecordHeader.accountableHealthcareProfessional.healthcareProfessionalOrgUnit",0,1,"","ele-1:All FHIR elements must have a @value or children {hasValue() or (children().count() > id.count())}
"
"SEEHDSLMMedicationHistory.medicationMedicalRecord.medicationMedicalRecordHeader.accountableHealthcareProfessional.healthcareProfessionalOrgUnit.id","SEEHDSLMMedicationHistory.medicationMedicalRecord.medicationMedicalRecordHeader.accountableHealthcareProfessional.healthcareProfessionalOrgUnit.id","","","",0,1,"","","","string {[]} {[]}
","Unique id for inter-element referencing","Unique id for the element within a resource (for internal references). This may be any string value that does not contain spaces.","","","","","","","","","",,,,,"",,,,"Element.id",0,1,"",""
"SEEHDSLMMedicationHistory.medicationMedicalRecord.medicationMedicalRecordHeader.accountableHealthcareProfessional.healthcareProfessionalOrgUnit.extension","SEEHDSLMMedicationHistory.medicationMedicalRecord.medicationMedicalRecordHeader.accountableHealthcareProfessional.healthcareProfessionalOrgUnit.extension","","extensions
user content","",0,*,"","","","Extension {[]} {[]}
","Additional content defined by implementations","May be used to represent additional information that is not part of the basic definition of the element. To make the use of extensions safe and manageable, there is a strict set of governance  applied to the definition and use of extensions. Though any implementer can define an extension, there is a set of requirements that SHALL be met as part of the definition of the extension.","There can be no stigma associated with the use of extensions by any application, project, or standard - regardless of the institution or jurisdiction that uses or defines the extensions.  The use of extensions is what allows the FHIR specification to retain a core level of simplicity for everyone.","","","","","","","","",,,,,"","value:url}
","Extensions are always sliced by (at least) url",,"open","Element.extension",0,*,"","ele-1:All FHIR elements must have a @value or children {hasValue() or (children().count() > id.count())}
ext-1:Must have either extensions or value[x], not both {extension.exists() != value.exists()}"
"SEEHDSLMMedicationHistory.medicationMedicalRecord.medicationMedicalRecordHeader.accountableHealthcareProfessional.healthcareProfessionalOrgUnit.modifierExtension","SEEHDSLMMedicationHistory.medicationMedicalRecord.medicationMedicalRecordHeader.accountableHealthcareProfessional.healthcareProfessionalOrgUnit.modifierExtension","","extensions
user contentmodifiers","",0,*,"","Y","Y","Extension {[]} {[]}
","Extensions that cannot be ignored even if unrecognized","May be used to represent additional information that is not part of the basic definition of the element and that modifies the understanding of the element in which it is contained and/or the understanding of the containing element's descendants. Usually modifier elements provide negation or qualification. To make the use of extensions safe and manageable, there is a strict set of governance applied to the definition and use of extensions. Though any implementer can define an extension, there is a set of requirements that SHALL be met as part of the definition of the extension. Applications processing a resource are required to check for modifier extensions.

Modifier extensions SHALL NOT change the meaning of any elements on Resource or DomainResource (including cannot change the meaning of modifierExtension itself).","There can be no stigma associated with the use of extensions by any application, project, or standard - regardless of the institution or jurisdiction that uses or defines the extensions.  The use of extensions is what allows the FHIR specification to retain a core level of simplicity for everyone.","Modifier extensions allow for extensions that *cannot* be safely ignored to be clearly distinguished from the vast majority of extensions which can be safely ignored.  This promotes interoperability by eliminating the need for implementers to prohibit the presence of extensions. For further information, see the [definition of modifier extensions](http://hl7.org/fhir/R4/extensibility.html#modifierExtension).","","","","","","","",,,,,"",,,,"BackboneElement.modifierExtension",0,*,"","ele-1:All FHIR elements must have a @value or children {hasValue() or (children().count() > id.count())}
ext-1:Must have either extensions or value[x], not both {extension.exists() != value.exists()}"
"SEEHDSLMMedicationHistory.medicationMedicalRecord.medicationMedicalRecordHeader.accountableHealthcareProfessional.healthcareProfessionalOrgUnit.orgUnitHSAId","SEEHDSLMMedicationHistory.medicationMedicalRecord.medicationMedicalRecordHeader.accountableHealthcareProfessional.healthcareProfessionalOrgUnit.orgUnitHSAId","","","",0,1,"","","","Identifier {[]} {[]}
","HSA-id för organisationsenhet","HSA-id för organisationsenhet","","","","","","","","","",,,,,"",,,,"SEEHDSLMMedicationHistory.medicationMedicalRecord.medicationMedicalRecordHeader.accountableHealthcareProfessional.healthcareProfessionalOrgUnit.orgUnitHSAId",0,1,"",""
"SEEHDSLMMedicationHistory.medicationMedicalRecord.medicationMedicalRecordHeader.accountableHealthcareProfessional.healthcareProfessionalOrgUnit.orgUnitName","SEEHDSLMMedicationHistory.medicationMedicalRecord.medicationMedicalRecordHeader.accountableHealthcareProfessional.healthcareProfessionalOrgUnit.orgUnitName","","","",0,1,"","","","string {[]} {[]}
","Namn på organisationsenhet","Namn på organisationsenhet","","","","","","","","","",,,,,"",,,,"SEEHDSLMMedicationHistory.medicationMedicalRecord.medicationMedicalRecordHeader.accountableHealthcareProfessional.healthcareProfessionalOrgUnit.orgUnitName",0,1,"",""
"SEEHDSLMMedicationHistory.medicationMedicalRecord.medicationMedicalRecordHeader.accountableHealthcareProfessional.healthcareProfessionalOrgUnit.orgUnitTelecom","SEEHDSLMMedicationHistory.medicationMedicalRecord.medicationMedicalRecordHeader.accountableHealthcareProfessional.healthcareProfessionalOrgUnit.orgUnitTelecom","","","",0,1,"","","","string {[]} {[]}
","Telefon","Telefon","","","","","","","","","",,,,,"",,,,"SEEHDSLMMedicationHistory.medicationMedicalRecord.medicationMedicalRecordHeader.accountableHealthcareProfessional.healthcareProfessionalOrgUnit.orgUnitTelecom",0,1,"",""
"SEEHDSLMMedicationHistory.medicationMedicalRecord.medicationMedicalRecordHeader.accountableHealthcareProfessional.healthcareProfessionalOrgUnit.orgUnitEmail","SEEHDSLMMedicationHistory.medicationMedicalRecord.medicationMedicalRecordHeader.accountableHealthcareProfessional.healthcareProfessionalOrgUnit.orgUnitEmail","","","",0,1,"","","","string {[]} {[]}
","E-post","E-post","","","","","","","","","",,,,,"",,,,"SEEHDSLMMedicationHistory.medicationMedicalRecord.medicationMedicalRecordHeader.accountableHealthcareProfessional.healthcareProfessionalOrgUnit.orgUnitEmail",0,1,"",""
"SEEHDSLMMedicationHistory.medicationMedicalRecord.medicationMedicalRecordHeader.accountableHealthcareProfessional.healthcareProfessionalOrgUnit.orgUnitAddress","SEEHDSLMMedicationHistory.medicationMedicalRecord.medicationMedicalRecordHeader.accountableHealthcareProfessional.healthcareProfessionalOrgUnit.orgUnitAddress","","","",0,1,"","","","string {[]} {[]}
","Postadress","Postadress","","","","","","","","","",,,,,"",,,,"SEEHDSLMMedicationHistory.medicationMedicalRecord.medicationMedicalRecordHeader.accountableHealthcareProfessional.healthcareProfessionalOrgUnit.orgUnitAddress",0,1,"",""
"SEEHDSLMMedicationHistory.medicationMedicalRecord.medicationMedicalRecordHeader.accountableHealthcareProfessional.healthcareProfessionalOrgUnit.orgUnitLocation","SEEHDSLMMedicationHistory.medicationMedicalRecord.medicationMedicalRecordHeader.accountableHealthcareProfessional.healthcareProfessionalOrgUnit.orgUnitLocation","","","",0,1,"","","","string {[]} {[]}
","Plats/ort","Plats/ort","","","","","","","","","",,,,,"",,,,"SEEHDSLMMedicationHistory.medicationMedicalRecord.medicationMedicalRecordHeader.accountableHealthcareProfessional.healthcareProfessionalOrgUnit.orgUnitLocation",0,1,"",""
"SEEHDSLMMedicationHistory.medicationMedicalRecord.medicationMedicalRecordHeader.accountableHealthcareProfessional.healthcareProfessionalcareUnitHSAId","SEEHDSLMMedicationHistory.medicationMedicalRecord.medicationMedicalRecordHeader.accountableHealthcareProfessional.healthcareProfessionalcareUnitHSAId","","","",0,1,"","","","Identifier {[]} {[]}
","HSA-id för vårdenhet","HSA-id för vårdenhet","","","","","","","","","",,,,,"",,,,"SEEHDSLMMedicationHistory.medicationMedicalRecord.medicationMedicalRecordHeader.accountableHealthcareProfessional.healthcareProfessionalcareUnitHSAId",0,1,"",""
"SEEHDSLMMedicationHistory.medicationMedicalRecord.medicationMedicalRecordHeader.accountableHealthcareProfessional.healthcareProfessionalcareGiverHSAId","SEEHDSLMMedicationHistory.medicationMedicalRecord.medicationMedicalRecordHeader.accountableHealthcareProfessional.healthcareProfessionalcareGiverHSAId","","","",0,1,"","","","Identifier {[]} {[]}
","HSA-id/id för vårdgivare","HSA-id/id för vårdgivare","","","","","","","","","",,,,,"",,,,"SEEHDSLMMedicationHistory.medicationMedicalRecord.medicationMedicalRecordHeader.accountableHealthcareProfessional.healthcareProfessionalcareGiverHSAId",0,1,"",""
"SEEHDSLMMedicationHistory.medicationMedicalRecord.medicationMedicalRecordHeader.legalAuthenticator","SEEHDSLMMedicationHistory.medicationMedicalRecord.medicationMedicalRecordHeader.legalAuthenticator","","","",0,1,"","","","BackboneElement {[]} {[]}
","Information om signering","Information om signering","","","","","","","","","",,,,,"",,,,"SEEHDSLMMedicationHistory.medicationMedicalRecord.medicationMedicalRecordHeader.legalAuthenticator",0,1,"","ele-1:All FHIR elements must have a @value or children {hasValue() or (children().count() > id.count())}
"
"SEEHDSLMMedicationHistory.medicationMedicalRecord.medicationMedicalRecordHeader.legalAuthenticator.id","SEEHDSLMMedicationHistory.medicationMedicalRecord.medicationMedicalRecordHeader.legalAuthenticator.id","","","",0,1,"","","","string {[]} {[]}
","Unique id for inter-element referencing","Unique id for the element within a resource (for internal references). This may be any string value that does not contain spaces.","","","","","","","","","",,,,,"",,,,"Element.id",0,1,"",""
"SEEHDSLMMedicationHistory.medicationMedicalRecord.medicationMedicalRecordHeader.legalAuthenticator.extension","SEEHDSLMMedicationHistory.medicationMedicalRecord.medicationMedicalRecordHeader.legalAuthenticator.extension","","extensions
user content","",0,*,"","","","Extension {[]} {[]}
","Additional content defined by implementations","May be used to represent additional information that is not part of the basic definition of the element. To make the use of extensions safe and manageable, there is a strict set of governance  applied to the definition and use of extensions. Though any implementer can define an extension, there is a set of requirements that SHALL be met as part of the definition of the extension.","There can be no stigma associated with the use of extensions by any application, project, or standard - regardless of the institution or jurisdiction that uses or defines the extensions.  The use of extensions is what allows the FHIR specification to retain a core level of simplicity for everyone.","","","","","","","","",,,,,"","value:url}
","Extensions are always sliced by (at least) url",,"open","Element.extension",0,*,"","ele-1:All FHIR elements must have a @value or children {hasValue() or (children().count() > id.count())}
ext-1:Must have either extensions or value[x], not both {extension.exists() != value.exists()}"
"SEEHDSLMMedicationHistory.medicationMedicalRecord.medicationMedicalRecordHeader.legalAuthenticator.modifierExtension","SEEHDSLMMedicationHistory.medicationMedicalRecord.medicationMedicalRecordHeader.legalAuthenticator.modifierExtension","","extensions
user contentmodifiers","",0,*,"","Y","Y","Extension {[]} {[]}
","Extensions that cannot be ignored even if unrecognized","May be used to represent additional information that is not part of the basic definition of the element and that modifies the understanding of the element in which it is contained and/or the understanding of the containing element's descendants. Usually modifier elements provide negation or qualification. To make the use of extensions safe and manageable, there is a strict set of governance applied to the definition and use of extensions. Though any implementer can define an extension, there is a set of requirements that SHALL be met as part of the definition of the extension. Applications processing a resource are required to check for modifier extensions.

Modifier extensions SHALL NOT change the meaning of any elements on Resource or DomainResource (including cannot change the meaning of modifierExtension itself).","There can be no stigma associated with the use of extensions by any application, project, or standard - regardless of the institution or jurisdiction that uses or defines the extensions.  The use of extensions is what allows the FHIR specification to retain a core level of simplicity for everyone.","Modifier extensions allow for extensions that *cannot* be safely ignored to be clearly distinguished from the vast majority of extensions which can be safely ignored.  This promotes interoperability by eliminating the need for implementers to prohibit the presence of extensions. For further information, see the [definition of modifier extensions](http://hl7.org/fhir/R4/extensibility.html#modifierExtension).","","","","","","","",,,,,"",,,,"BackboneElement.modifierExtension",0,*,"","ele-1:All FHIR elements must have a @value or children {hasValue() or (children().count() > id.count())}
ext-1:Must have either extensions or value[x], not both {extension.exists() != value.exists()}"
"SEEHDSLMMedicationHistory.medicationMedicalRecord.medicationMedicalRecordHeader.legalAuthenticator.signatureTime","SEEHDSLMMedicationHistory.medicationMedicalRecord.medicationMedicalRecordHeader.legalAuthenticator.signatureTime","","","",1,1,"","","","instant {[]} {[]}
","Tidpunkt för signering","Tidpunkt för signering","","","","","","","","","",,,,,"",,,,"SEEHDSLMMedicationHistory.medicationMedicalRecord.medicationMedicalRecordHeader.legalAuthenticator.signatureTime",1,1,"",""
"SEEHDSLMMedicationHistory.medicationMedicalRecord.medicationMedicalRecordHeader.legalAuthenticator.legalAuthenticatorHSAId","SEEHDSLMMedicationHistory.medicationMedicalRecord.medicationMedicalRecordHeader.legalAuthenticator.legalAuthenticatorHSAId","","","",0,1,"","","","Identifier {[]} {[]}
","HSA-id för signerande personal","HSA-id för signerande personal","","","","","","","","","",,,,,"",,,,"SEEHDSLMMedicationHistory.medicationMedicalRecord.medicationMedicalRecordHeader.legalAuthenticator.legalAuthenticatorHSAId",0,1,"",""
"SEEHDSLMMedicationHistory.medicationMedicalRecord.medicationMedicalRecordHeader.legalAuthenticator.legalAuthenticatorName","SEEHDSLMMedicationHistory.medicationMedicalRecord.medicationMedicalRecordHeader.legalAuthenticator.legalAuthenticatorName","","","",0,1,"","","","string {[]} {[]}
","Namn på signerande personal","Namn på signerande personal","","","","","","","","","",,,,,"",,,,"SEEHDSLMMedicationHistory.medicationMedicalRecord.medicationMedicalRecordHeader.legalAuthenticator.legalAuthenticatorName",0,1,"",""
"SEEHDSLMMedicationHistory.medicationMedicalRecord.medicationMedicalRecordHeader.legalAuthenticator.legalAuthenticatorRoleCode","SEEHDSLMMedicationHistory.medicationMedicalRecord.medicationMedicalRecordHeader.legalAuthenticator.legalAuthenticatorRoleCode","","","",0,0,"","","","CodeableConcept {[]} {[]}
","Signerandes befattning (ej tillämpligt)","N/A — legalAuthenticatorRoleCode är 0..0 per TKB för GetMedicationHistory.","","","","","","","","","",,,,,"",,,,"SEEHDSLMMedicationHistory.medicationMedicalRecord.medicationMedicalRecordHeader.legalAuthenticator.legalAuthenticatorRoleCode",0,0,"",""
"SEEHDSLMMedicationHistory.medicationMedicalRecord.medicationMedicalRecordHeader.approvedForPatient","SEEHDSLMMedicationHistory.medicationMedicalRecord.medicationMedicalRecordHeader.approvedForPatient","","","",1,1,"","","","boolean {[]} {[]}
","Ansvarig vårdpersonals beslut om synlighet (PDL-prövning)","Ansvarig vårdpersonals beslut om synlighet (PDL-prövning)","","","","","","","","","",,,,,"",,,,"SEEHDSLMMedicationHistory.medicationMedicalRecord.medicationMedicalRecordHeader.approvedForPatient",1,1,"",""
"SEEHDSLMMedicationHistory.medicationMedicalRecord.medicationMedicalRecordHeader.careContactId","SEEHDSLMMedicationHistory.medicationMedicalRecord.medicationMedicalRecordHeader.careContactId","","","",0,1,"","","","string {[]} {[]}
","Identitet för vård- och omsorgskontakt","Identitet för vård- och omsorgskontakt","","","","","","","","","",,,,,"",,,,"SEEHDSLMMedicationHistory.medicationMedicalRecord.medicationMedicalRecordHeader.careContactId",0,1,"",""
"SEEHDSLMMedicationHistory.medicationMedicalRecord.medicationMedicalRecordHeader.nullified","SEEHDSLMMedicationHistory.medicationMedicalRecord.medicationMedicalRecordHeader.nullified","","","",0,0,"","","","boolean {[]} {[]}
","Makulerat (ej tillämpligt)","N/A — GetMedicationHistory stödjer inte nullified. Elementet är 0..0 per TKB.","","","","","","","","","",,,,,"",,,,"SEEHDSLMMedicationHistory.medicationMedicalRecord.medicationMedicalRecordHeader.nullified",0,0,"",""
"SEEHDSLMMedicationHistory.medicationMedicalRecord.medicationMedicalRecordHeader.nullifiedReason","SEEHDSLMMedicationHistory.medicationMedicalRecord.medicationMedicalRecordHeader.nullifiedReason","","","",0,0,"","","","string {[]} {[]}
","Makuleringsskäl (ej tillämpligt)","N/A — GetMedicationHistory stödjer inte nullifiedReason. Elementet är 0..0 per TKB.","","","","","","","","","",,,,,"",,,,"SEEHDSLMMedicationHistory.medicationMedicalRecord.medicationMedicalRecordHeader.nullifiedReason",0,0,"",""
"SEEHDSLMMedicationHistory.medicationMedicalRecord.medicationMedicalRecordBody","SEEHDSLMMedicationHistory.medicationMedicalRecord.medicationMedicalRecordBody","","","",1,1,"","","","BackboneElement {[]} {[]}
","Läkemedelshistorikens innehåll","Läkemedelshistorikens innehåll","","","","","","","","","",,,,,"",,,,"SEEHDSLMMedicationHistory.medicationMedicalRecord.medicationMedicalRecordBody",1,1,"","ele-1:All FHIR elements must have a @value or children {hasValue() or (children().count() > id.count())}
"
"SEEHDSLMMedicationHistory.medicationMedicalRecord.medicationMedicalRecordBody.id","SEEHDSLMMedicationHistory.medicationMedicalRecord.medicationMedicalRecordBody.id","","","",0,1,"","","","string {[]} {[]}
","Unique id for inter-element referencing","Unique id for the element within a resource (for internal references). This may be any string value that does not contain spaces.","","","","","","","","","",,,,,"",,,,"Element.id",0,1,"",""
"SEEHDSLMMedicationHistory.medicationMedicalRecord.medicationMedicalRecordBody.extension","SEEHDSLMMedicationHistory.medicationMedicalRecord.medicationMedicalRecordBody.extension","","extensions
user content","",0,*,"","","","Extension {[]} {[]}
","Additional content defined by implementations","May be used to represent additional information that is not part of the basic definition of the element. To make the use of extensions safe and manageable, there is a strict set of governance  applied to the definition and use of extensions. Though any implementer can define an extension, there is a set of requirements that SHALL be met as part of the definition of the extension.","There can be no stigma associated with the use of extensions by any application, project, or standard - regardless of the institution or jurisdiction that uses or defines the extensions.  The use of extensions is what allows the FHIR specification to retain a core level of simplicity for everyone.","","","","","","","","",,,,,"","value:url}
","Extensions are always sliced by (at least) url",,"open","Element.extension",0,*,"","ele-1:All FHIR elements must have a @value or children {hasValue() or (children().count() > id.count())}
ext-1:Must have either extensions or value[x], not both {extension.exists() != value.exists()}"
"SEEHDSLMMedicationHistory.medicationMedicalRecord.medicationMedicalRecordBody.modifierExtension","SEEHDSLMMedicationHistory.medicationMedicalRecord.medicationMedicalRecordBody.modifierExtension","","extensions
user contentmodifiers","",0,*,"","Y","Y","Extension {[]} {[]}
","Extensions that cannot be ignored even if unrecognized","May be used to represent additional information that is not part of the basic definition of the element and that modifies the understanding of the element in which it is contained and/or the understanding of the containing element's descendants. Usually modifier elements provide negation or qualification. To make the use of extensions safe and manageable, there is a strict set of governance applied to the definition and use of extensions. Though any implementer can define an extension, there is a set of requirements that SHALL be met as part of the definition of the extension. Applications processing a resource are required to check for modifier extensions.

Modifier extensions SHALL NOT change the meaning of any elements on Resource or DomainResource (including cannot change the meaning of modifierExtension itself).","There can be no stigma associated with the use of extensions by any application, project, or standard - regardless of the institution or jurisdiction that uses or defines the extensions.  The use of extensions is what allows the FHIR specification to retain a core level of simplicity for everyone.","Modifier extensions allow for extensions that *cannot* be safely ignored to be clearly distinguished from the vast majority of extensions which can be safely ignored.  This promotes interoperability by eliminating the need for implementers to prohibit the presence of extensions. For further information, see the [definition of modifier extensions](http://hl7.org/fhir/R4/extensibility.html#modifierExtension).","","","","","","","",,,,,"",,,,"BackboneElement.modifierExtension",0,*,"","ele-1:All FHIR elements must have a @value or children {hasValue() or (children().count() > id.count())}
ext-1:Must have either extensions or value[x], not both {extension.exists() != value.exists()}"
"SEEHDSLMMedicationHistory.medicationMedicalRecord.medicationMedicalRecordBody.medicationPrescription","SEEHDSLMMedicationHistory.medicationMedicalRecord.medicationMedicalRecordBody.medicationPrescription","","","",1,1,"","","","BackboneElement {[]} {[]}
","Läkemedelsordination","Läkemedelsordination","","","","","","","","","",,,,,"",,,,"SEEHDSLMMedicationHistory.medicationMedicalRecord.medicationMedicalRecordBody.medicationPrescription",1,1,"","ele-1:All FHIR elements must have a @value or children {hasValue() or (children().count() > id.count())}
"
"SEEHDSLMMedicationHistory.medicationMedicalRecord.medicationMedicalRecordBody.medicationPrescription.id","SEEHDSLMMedicationHistory.medicationMedicalRecord.medicationMedicalRecordBody.medicationPrescription.id","","","",0,1,"","","","string {[]} {[]}
","Unique id for inter-element referencing","Unique id for the element within a resource (for internal references). This may be any string value that does not contain spaces.","","","","","","","","","",,,,,"",,,,"Element.id",0,1,"",""
"SEEHDSLMMedicationHistory.medicationMedicalRecord.medicationMedicalRecordBody.medicationPrescription.extension","SEEHDSLMMedicationHistory.medicationMedicalRecord.medicationMedicalRecordBody.medicationPrescription.extension","","extensions
user content","",0,*,"","","","Extension {[]} {[]}
","Additional content defined by implementations","May be used to represent additional information that is not part of the basic definition of the element. To make the use of extensions safe and manageable, there is a strict set of governance  applied to the definition and use of extensions. Though any implementer can define an extension, there is a set of requirements that SHALL be met as part of the definition of the extension.","There can be no stigma associated with the use of extensions by any application, project, or standard - regardless of the institution or jurisdiction that uses or defines the extensions.  The use of extensions is what allows the FHIR specification to retain a core level of simplicity for everyone.","","","","","","","","",,,,,"","value:url}
","Extensions are always sliced by (at least) url",,"open","Element.extension",0,*,"","ele-1:All FHIR elements must have a @value or children {hasValue() or (children().count() > id.count())}
ext-1:Must have either extensions or value[x], not both {extension.exists() != value.exists()}"
"SEEHDSLMMedicationHistory.medicationMedicalRecord.medicationMedicalRecordBody.medicationPrescription.modifierExtension","SEEHDSLMMedicationHistory.medicationMedicalRecord.medicationMedicalRecordBody.medicationPrescription.modifierExtension","","extensions
user contentmodifiers","",0,*,"","Y","Y","Extension {[]} {[]}
","Extensions that cannot be ignored even if unrecognized","May be used to represent additional information that is not part of the basic definition of the element and that modifies the understanding of the element in which it is contained and/or the understanding of the containing element's descendants. Usually modifier elements provide negation or qualification. To make the use of extensions safe and manageable, there is a strict set of governance applied to the definition and use of extensions. Though any implementer can define an extension, there is a set of requirements that SHALL be met as part of the definition of the extension. Applications processing a resource are required to check for modifier extensions.

Modifier extensions SHALL NOT change the meaning of any elements on Resource or DomainResource (including cannot change the meaning of modifierExtension itself).","There can be no stigma associated with the use of extensions by any application, project, or standard - regardless of the institution or jurisdiction that uses or defines the extensions.  The use of extensions is what allows the FHIR specification to retain a core level of simplicity for everyone.","Modifier extensions allow for extensions that *cannot* be safely ignored to be clearly distinguished from the vast majority of extensions which can be safely ignored.  This promotes interoperability by eliminating the need for implementers to prohibit the presence of extensions. For further information, see the [definition of modifier extensions](http://hl7.org/fhir/R4/extensibility.html#modifierExtension).","","","","","","","",,,,,"",,,,"BackboneElement.modifierExtension",0,*,"","ele-1:All FHIR elements must have a @value or children {hasValue() or (children().count() > id.count())}
ext-1:Must have either extensions or value[x], not both {extension.exists() != value.exists()}"
"SEEHDSLMMedicationHistory.medicationMedicalRecord.medicationMedicalRecordBody.medicationPrescription.prescriptionId","SEEHDSLMMedicationHistory.medicationMedicalRecord.medicationMedicalRecordBody.medicationPrescription.prescriptionId","","","",1,1,"","","","Identifier {[]} {[]}
","Ordinations-id","Unik identifierare för aktuell läkemedelsordination.
root = UUID eller OID som pekar på källsystem.
extension = ordinations-id unikt inom källsystemet.","","","","","","","","","",,,,,"",,,,"SEEHDSLMMedicationHistory.medicationMedicalRecord.medicationMedicalRecordBody.medicationPrescription.prescriptionId",1,1,"",""
"SEEHDSLMMedicationHistory.medicationMedicalRecord.medicationMedicalRecordBody.medicationPrescription.typeOfPrescription","SEEHDSLMMedicationHistory.medicationMedicalRecord.medicationMedicalRecordBody.medicationPrescription.typeOfPrescription","","","",1,1,"","","","code {[]} {[]}
","Ordinationstyp (I=insättning, U=utsättning)","Ordinationstyp (I=insättning, U=utsättning)","","","","","","","","","",,"required","","https://fhir.inera.se/ig/ehds-tk/ValueSet/typeofprescription-vs","",,,,"SEEHDSLMMedicationHistory.medicationMedicalRecord.medicationMedicalRecordBody.medicationPrescription.typeOfPrescription",1,1,"",""
"SEEHDSLMMedicationHistory.medicationMedicalRecord.medicationMedicalRecordBody.medicationPrescription.prescriptionStatus","SEEHDSLMMedicationHistory.medicationMedicalRecord.medicationMedicalRecordBody.medicationPrescription.prescriptionStatus","","","",1,1,"","","","code {[]} {[]}
","Ordinationsstatus (Active/Inactive)","Ordinationsstatus (Active/Inactive)","","","","","","","","","",,"required","","https://fhir.inera.se/ig/ehds-tk/ValueSet/prescriptionstatus-vs","",,,,"SEEHDSLMMedicationHistory.medicationMedicalRecord.medicationMedicalRecordBody.medicationPrescription.prescriptionStatus",1,1,"",""
"SEEHDSLMMedicationHistory.medicationMedicalRecord.medicationMedicalRecordBody.medicationPrescription.prescriptionNote","SEEHDSLMMedicationHistory.medicationMedicalRecord.medicationMedicalRecordBody.medicationPrescription.prescriptionNote","","","",0,1,"","","","string {[]} {[]}
","Notat om ordinationen (del av Läkemedelsberättelse)","Notat om ordinationen (del av Läkemedelsberättelse)","","","","","","","","","",,,,,"",,,,"SEEHDSLMMedicationHistory.medicationMedicalRecord.medicationMedicalRecordBody.medicationPrescription.prescriptionNote",0,1,"",""
"SEEHDSLMMedicationHistory.medicationMedicalRecord.medicationMedicalRecordBody.medicationPrescription.principalPrescriptionReason","SEEHDSLMMedicationHistory.medicationMedicalRecord.medicationMedicalRecordBody.medicationPrescription.principalPrescriptionReason","","","",0,*,"","","","BackboneElement {[]} {[]}
","Ordinationshuvudorsak","Den eller de viktigaste av de ordinationsorsaker som anges.
Anges med Socialstyrelsens kodsystem för ordinationsorsaker.","","","","","","","","","",,,,,"",,,,"SEEHDSLMMedicationHistory.medicationMedicalRecord.medicationMedicalRecordBody.medicationPrescription.principalPrescriptionReason",0,*,"","ele-1:All FHIR elements must have a @value or children {hasValue() or (children().count() > id.count())}
"
"SEEHDSLMMedicationHistory.medicationMedicalRecord.medicationMedicalRecordBody.medicationPrescription.principalPrescriptionReason.id","SEEHDSLMMedicationHistory.medicationMedicalRecord.medicationMedicalRecordBody.medicationPrescription.principalPrescriptionReason.id","","","",0,1,"","","","string {[]} {[]}
","Unique id for inter-element referencing","Unique id for the element within a resource (for internal references). This may be any string value that does not contain spaces.","","","","","","","","","",,,,,"",,,,"Element.id",0,1,"",""
"SEEHDSLMMedicationHistory.medicationMedicalRecord.medicationMedicalRecordBody.medicationPrescription.principalPrescriptionReason.extension","SEEHDSLMMedicationHistory.medicationMedicalRecord.medicationMedicalRecordBody.medicationPrescription.principalPrescriptionReason.extension","","extensions
user content","",0,*,"","","","Extension {[]} {[]}
","Additional content defined by implementations","May be used to represent additional information that is not part of the basic definition of the element. To make the use of extensions safe and manageable, there is a strict set of governance  applied to the definition and use of extensions. Though any implementer can define an extension, there is a set of requirements that SHALL be met as part of the definition of the extension.","There can be no stigma associated with the use of extensions by any application, project, or standard - regardless of the institution or jurisdiction that uses or defines the extensions.  The use of extensions is what allows the FHIR specification to retain a core level of simplicity for everyone.","","","","","","","","",,,,,"","value:url}
","Extensions are always sliced by (at least) url",,"open","Element.extension",0,*,"","ele-1:All FHIR elements must have a @value or children {hasValue() or (children().count() > id.count())}
ext-1:Must have either extensions or value[x], not both {extension.exists() != value.exists()}"
"SEEHDSLMMedicationHistory.medicationMedicalRecord.medicationMedicalRecordBody.medicationPrescription.principalPrescriptionReason.modifierExtension","SEEHDSLMMedicationHistory.medicationMedicalRecord.medicationMedicalRecordBody.medicationPrescription.principalPrescriptionReason.modifierExtension","","extensions
user contentmodifiers","",0,*,"","Y","Y","Extension {[]} {[]}
","Extensions that cannot be ignored even if unrecognized","May be used to represent additional information that is not part of the basic definition of the element and that modifies the understanding of the element in which it is contained and/or the understanding of the containing element's descendants. Usually modifier elements provide negation or qualification. To make the use of extensions safe and manageable, there is a strict set of governance applied to the definition and use of extensions. Though any implementer can define an extension, there is a set of requirements that SHALL be met as part of the definition of the extension. Applications processing a resource are required to check for modifier extensions.

Modifier extensions SHALL NOT change the meaning of any elements on Resource or DomainResource (including cannot change the meaning of modifierExtension itself).","There can be no stigma associated with the use of extensions by any application, project, or standard - regardless of the institution or jurisdiction that uses or defines the extensions.  The use of extensions is what allows the FHIR specification to retain a core level of simplicity for everyone.","Modifier extensions allow for extensions that *cannot* be safely ignored to be clearly distinguished from the vast majority of extensions which can be safely ignored.  This promotes interoperability by eliminating the need for implementers to prohibit the presence of extensions. For further information, see the [definition of modifier extensions](http://hl7.org/fhir/R4/extensibility.html#modifierExtension).","","","","","","","",,,,,"",,,,"BackboneElement.modifierExtension",0,*,"","ele-1:All FHIR elements must have a @value or children {hasValue() or (children().count() > id.count())}
ext-1:Must have either extensions or value[x], not both {extension.exists() != value.exists()}"
"SEEHDSLMMedicationHistory.medicationMedicalRecord.medicationMedicalRecordBody.medicationPrescription.principalPrescriptionReason.reason","SEEHDSLMMedicationHistory.medicationMedicalRecord.medicationMedicalRecordBody.medicationPrescription.principalPrescriptionReason.reason","","","",1,1,"","","","CodeableConcept {[]} {[]}
","Ordinationsorsak (Socialstyrelsens kodsystem)","Ordinationsorsak (Socialstyrelsens kodsystem)","","","","","","","","","",,,,,"",,,,"SEEHDSLMMedicationHistory.medicationMedicalRecord.medicationMedicalRecordBody.medicationPrescription.principalPrescriptionReason.reason",1,1,"",""
"SEEHDSLMMedicationHistory.medicationMedicalRecord.medicationMedicalRecordBody.medicationPrescription.principalPrescriptionReason.otherReason","SEEHDSLMMedicationHistory.medicationMedicalRecord.medicationMedicalRecordBody.medicationPrescription.principalPrescriptionReason.otherReason","","","",0,1,"","","","string {[]} {[]}
","Beskrivning om 'Annan ordinationsorsak' väljs","Beskrivning om 'Annan ordinationsorsak' väljs","","","","","","","","","",,,,,"",,,,"SEEHDSLMMedicationHistory.medicationMedicalRecord.medicationMedicalRecordBody.medicationPrescription.principalPrescriptionReason.otherReason",0,1,"",""
"SEEHDSLMMedicationHistory.medicationMedicalRecord.medicationMedicalRecordBody.medicationPrescription.additionalPrescriptionReason","SEEHDSLMMedicationHistory.medicationMedicalRecord.medicationMedicalRecordBody.medicationPrescription.additionalPrescriptionReason","","","",0,*,"","","","BackboneElement {[]} {[]}
","Övriga ordinationsorsaker","Anges en övrig ordinationsorsak måste minst en ordinationshuvudorsak vara angiven.","","","","","","","","","",,,,,"",,,,"SEEHDSLMMedicationHistory.medicationMedicalRecord.medicationMedicalRecordBody.medicationPrescription.additionalPrescriptionReason",0,*,"","ele-1:All FHIR elements must have a @value or children {hasValue() or (children().count() > id.count())}
"
"SEEHDSLMMedicationHistory.medicationMedicalRecord.medicationMedicalRecordBody.medicationPrescription.additionalPrescriptionReason.id","SEEHDSLMMedicationHistory.medicationMedicalRecord.medicationMedicalRecordBody.medicationPrescription.additionalPrescriptionReason.id","","","",0,1,"","","","string {[]} {[]}
","Unique id for inter-element referencing","Unique id for the element within a resource (for internal references). This may be any string value that does not contain spaces.","","","","","","","","","",,,,,"",,,,"Element.id",0,1,"",""
"SEEHDSLMMedicationHistory.medicationMedicalRecord.medicationMedicalRecordBody.medicationPrescription.additionalPrescriptionReason.extension","SEEHDSLMMedicationHistory.medicationMedicalRecord.medicationMedicalRecordBody.medicationPrescription.additionalPrescriptionReason.extension","","extensions
user content","",0,*,"","","","Extension {[]} {[]}
","Additional content defined by implementations","May be used to represent additional information that is not part of the basic definition of the element. To make the use of extensions safe and manageable, there is a strict set of governance  applied to the definition and use of extensions. Though any implementer can define an extension, there is a set of requirements that SHALL be met as part of the definition of the extension.","There can be no stigma associated with the use of extensions by any application, project, or standard - regardless of the institution or jurisdiction that uses or defines the extensions.  The use of extensions is what allows the FHIR specification to retain a core level of simplicity for everyone.","","","","","","","","",,,,,"","value:url}
","Extensions are always sliced by (at least) url",,"open","Element.extension",0,*,"","ele-1:All FHIR elements must have a @value or children {hasValue() or (children().count() > id.count())}
ext-1:Must have either extensions or value[x], not both {extension.exists() != value.exists()}"
"SEEHDSLMMedicationHistory.medicationMedicalRecord.medicationMedicalRecordBody.medicationPrescription.additionalPrescriptionReason.modifierExtension","SEEHDSLMMedicationHistory.medicationMedicalRecord.medicationMedicalRecordBody.medicationPrescription.additionalPrescriptionReason.modifierExtension","","extensions
user contentmodifiers","",0,*,"","Y","Y","Extension {[]} {[]}
","Extensions that cannot be ignored even if unrecognized","May be used to represent additional information that is not part of the basic definition of the element and that modifies the understanding of the element in which it is contained and/or the understanding of the containing element's descendants. Usually modifier elements provide negation or qualification. To make the use of extensions safe and manageable, there is a strict set of governance applied to the definition and use of extensions. Though any implementer can define an extension, there is a set of requirements that SHALL be met as part of the definition of the extension. Applications processing a resource are required to check for modifier extensions.

Modifier extensions SHALL NOT change the meaning of any elements on Resource or DomainResource (including cannot change the meaning of modifierExtension itself).","There can be no stigma associated with the use of extensions by any application, project, or standard - regardless of the institution or jurisdiction that uses or defines the extensions.  The use of extensions is what allows the FHIR specification to retain a core level of simplicity for everyone.","Modifier extensions allow for extensions that *cannot* be safely ignored to be clearly distinguished from the vast majority of extensions which can be safely ignored.  This promotes interoperability by eliminating the need for implementers to prohibit the presence of extensions. For further information, see the [definition of modifier extensions](http://hl7.org/fhir/R4/extensibility.html#modifierExtension).","","","","","","","",,,,,"",,,,"BackboneElement.modifierExtension",0,*,"","ele-1:All FHIR elements must have a @value or children {hasValue() or (children().count() > id.count())}
ext-1:Must have either extensions or value[x], not both {extension.exists() != value.exists()}"
"SEEHDSLMMedicationHistory.medicationMedicalRecord.medicationMedicalRecordBody.medicationPrescription.additionalPrescriptionReason.reason","SEEHDSLMMedicationHistory.medicationMedicalRecord.medicationMedicalRecordBody.medicationPrescription.additionalPrescriptionReason.reason","","","",1,1,"","","","CodeableConcept {[]} {[]}
","Ordinationsorsak","Ordinationsorsak","","","","","","","","","",,,,,"",,,,"SEEHDSLMMedicationHistory.medicationMedicalRecord.medicationMedicalRecordBody.medicationPrescription.additionalPrescriptionReason.reason",1,1,"",""
"SEEHDSLMMedicationHistory.medicationMedicalRecord.medicationMedicalRecordBody.medicationPrescription.additionalPrescriptionReason.otherReason","SEEHDSLMMedicationHistory.medicationMedicalRecord.medicationMedicalRecordBody.medicationPrescription.additionalPrescriptionReason.otherReason","","","",0,1,"","","","string {[]} {[]}
","Beskrivning om 'Annan ordinationsorsak' väljs","Beskrivning om 'Annan ordinationsorsak' väljs","","","","","","","","","",,,,,"",,,,"SEEHDSLMMedicationHistory.medicationMedicalRecord.medicationMedicalRecordBody.medicationPrescription.additionalPrescriptionReason.otherReason",0,1,"",""
"SEEHDSLMMedicationHistory.medicationMedicalRecord.medicationMedicalRecordBody.medicationPrescription.evaluationTime","SEEHDSLMMedicationHistory.medicationMedicalRecord.medicationMedicalRecordBody.medicationPrescription.evaluationTime","","","",0,1,"","","","instant {[]} {[]}
","Nästa planerade utvärderingstidpunkt","Nästa planerade utvärderingstidpunkt","","","","","","","","","",,,,,"",,,,"SEEHDSLMMedicationHistory.medicationMedicalRecord.medicationMedicalRecordBody.medicationPrescription.evaluationTime",0,1,"",""
"SEEHDSLMMedicationHistory.medicationMedicalRecord.medicationMedicalRecordBody.medicationPrescription.treatmentPurpose","SEEHDSLMMedicationHistory.medicationMedicalRecord.medicationMedicalRecordBody.medicationPrescription.treatmentPurpose","","","",0,1,"","","","string {[]} {[]}
","Behandlingsändamål","Behandlingsändamål","","","","","","","","","",,,,,"",,,,"SEEHDSLMMedicationHistory.medicationMedicalRecord.medicationMedicalRecordBody.medicationPrescription.treatmentPurpose",0,1,"",""
"SEEHDSLMMedicationHistory.medicationMedicalRecord.medicationMedicalRecordBody.medicationPrescription.prescriptionChainId","SEEHDSLMMedicationHistory.medicationMedicalRecord.medicationMedicalRecordBody.medicationPrescription.prescriptionChainId","","","",0,1,"","","","Identifier {[]} {[]}
","Ordinationskedje-id","Ordinationskedje-id","","","","","","","","","",,,,,"",,,,"SEEHDSLMMedicationHistory.medicationMedicalRecord.medicationMedicalRecordBody.medicationPrescription.prescriptionChainId",0,1,"",""
"SEEHDSLMMedicationHistory.medicationMedicalRecord.medicationMedicalRecordBody.medicationPrescription.precedingPrescriptionId","SEEHDSLMMedicationHistory.medicationMedicalRecord.medicationMedicalRecordBody.medicationPrescription.precedingPrescriptionId","","","",0,1,"","","","Identifier {[]} {[]}
","Föregående ordinations-id","Föregående ordinations-id","","","","","","","","","",,,,,"",,,,"SEEHDSLMMedicationHistory.medicationMedicalRecord.medicationMedicalRecordBody.medicationPrescription.precedingPrescriptionId",0,1,"",""
"SEEHDSLMMedicationHistory.medicationMedicalRecord.medicationMedicalRecordBody.medicationPrescription.succeedingPrescriptionId","SEEHDSLMMedicationHistory.medicationMedicalRecord.medicationMedicalRecordBody.medicationPrescription.succeedingPrescriptionId","","","",0,1,"","","","Identifier {[]} {[]}
","Efterföljande ordinations-id","Efterföljande ordinations-id","","","","","","","","","",,,,,"",,,,"SEEHDSLMMedicationHistory.medicationMedicalRecord.medicationMedicalRecordBody.medicationPrescription.succeedingPrescriptionId",0,1,"",""
"SEEHDSLMMedicationHistory.medicationMedicalRecord.medicationMedicalRecordBody.medicationPrescription.prescriber","SEEHDSLMMedicationHistory.medicationMedicalRecord.medicationMedicalRecordBody.medicationPrescription.prescriber","","","",0,1,"","","","BackboneElement {[]} {[]}
","Ordinatör","Icke att beblandas med accountableHealthcareProfessional (den som registrerat).
Villkor (Regel 1.8): Obligatorisk om selfMedication = false.","","","","","","","","","",,,,,"",,,,"SEEHDSLMMedicationHistory.medicationMedicalRecord.medicationMedicalRecordBody.medicationPrescription.prescriber",0,1,"","ele-1:All FHIR elements must have a @value or children {hasValue() or (children().count() > id.count())}
"
"SEEHDSLMMedicationHistory.medicationMedicalRecord.medicationMedicalRecordBody.medicationPrescription.prescriber.id","SEEHDSLMMedicationHistory.medicationMedicalRecord.medicationMedicalRecordBody.medicationPrescription.prescriber.id","","","",0,1,"","","","string {[]} {[]}
","Unique id for inter-element referencing","Unique id for the element within a resource (for internal references). This may be any string value that does not contain spaces.","","","","","","","","","",,,,,"",,,,"Element.id",0,1,"",""
"SEEHDSLMMedicationHistory.medicationMedicalRecord.medicationMedicalRecordBody.medicationPrescription.prescriber.extension","SEEHDSLMMedicationHistory.medicationMedicalRecord.medicationMedicalRecordBody.medicationPrescription.prescriber.extension","","extensions
user content","",0,*,"","","","Extension {[]} {[]}
","Additional content defined by implementations","May be used to represent additional information that is not part of the basic definition of the element. To make the use of extensions safe and manageable, there is a strict set of governance  applied to the definition and use of extensions. Though any implementer can define an extension, there is a set of requirements that SHALL be met as part of the definition of the extension.","There can be no stigma associated with the use of extensions by any application, project, or standard - regardless of the institution or jurisdiction that uses or defines the extensions.  The use of extensions is what allows the FHIR specification to retain a core level of simplicity for everyone.","","","","","","","","",,,,,"","value:url}
","Extensions are always sliced by (at least) url",,"open","Element.extension",0,*,"","ele-1:All FHIR elements must have a @value or children {hasValue() or (children().count() > id.count())}
ext-1:Must have either extensions or value[x], not both {extension.exists() != value.exists()}"
"SEEHDSLMMedicationHistory.medicationMedicalRecord.medicationMedicalRecordBody.medicationPrescription.prescriber.modifierExtension","SEEHDSLMMedicationHistory.medicationMedicalRecord.medicationMedicalRecordBody.medicationPrescription.prescriber.modifierExtension","","extensions
user contentmodifiers","",0,*,"","Y","Y","Extension {[]} {[]}
","Extensions that cannot be ignored even if unrecognized","May be used to represent additional information that is not part of the basic definition of the element and that modifies the understanding of the element in which it is contained and/or the understanding of the containing element's descendants. Usually modifier elements provide negation or qualification. To make the use of extensions safe and manageable, there is a strict set of governance applied to the definition and use of extensions. Though any implementer can define an extension, there is a set of requirements that SHALL be met as part of the definition of the extension. Applications processing a resource are required to check for modifier extensions.

Modifier extensions SHALL NOT change the meaning of any elements on Resource or DomainResource (including cannot change the meaning of modifierExtension itself).","There can be no stigma associated with the use of extensions by any application, project, or standard - regardless of the institution or jurisdiction that uses or defines the extensions.  The use of extensions is what allows the FHIR specification to retain a core level of simplicity for everyone.","Modifier extensions allow for extensions that *cannot* be safely ignored to be clearly distinguished from the vast majority of extensions which can be safely ignored.  This promotes interoperability by eliminating the need for implementers to prohibit the presence of extensions. For further information, see the [definition of modifier extensions](http://hl7.org/fhir/R4/extensibility.html#modifierExtension).","","","","","","","",,,,,"",,,,"BackboneElement.modifierExtension",0,*,"","ele-1:All FHIR elements must have a @value or children {hasValue() or (children().count() > id.count())}
ext-1:Must have either extensions or value[x], not both {extension.exists() != value.exists()}"
"SEEHDSLMMedicationHistory.medicationMedicalRecord.medicationMedicalRecordBody.medicationPrescription.prescriber.authorTime","SEEHDSLMMedicationHistory.medicationMedicalRecord.medicationMedicalRecordBody.medicationPrescription.prescriber.authorTime","","","",1,1,"","","","instant {[]} {[]}
","Beslutstidpunkt/ordinationstidpunkt","Beslutstidpunkt/ordinationstidpunkt","","","","","","","","","",,,,,"",,,,"SEEHDSLMMedicationHistory.medicationMedicalRecord.medicationMedicalRecordBody.medicationPrescription.prescriber.authorTime",1,1,"",""
"SEEHDSLMMedicationHistory.medicationMedicalRecord.medicationMedicalRecordBody.medicationPrescription.prescriber.healthcareProfessionalHSAId","SEEHDSLMMedicationHistory.medicationMedicalRecord.medicationMedicalRecordBody.medicationPrescription.prescriber.healthcareProfessionalHSAId","","","",0,1,"","","","Identifier {[]} {[]}
","Ordinatörens HSA-id","Ordinatörens HSA-id","","","","","","","","","",,,,,"",,,,"SEEHDSLMMedicationHistory.medicationMedicalRecord.medicationMedicalRecordBody.medicationPrescription.prescriber.healthcareProfessionalHSAId",0,1,"",""
"SEEHDSLMMedicationHistory.medicationMedicalRecord.medicationMedicalRecordBody.medicationPrescription.prescriber.healthcareProfessionalName","SEEHDSLMMedicationHistory.medicationMedicalRecord.medicationMedicalRecordBody.medicationPrescription.prescriber.healthcareProfessionalName","","","",0,1,"","","","string {[]} {[]}
","Namn på ordinatören","Namn på ordinatören","","","","","","","","","",,,,,"",,,,"SEEHDSLMMedicationHistory.medicationMedicalRecord.medicationMedicalRecordBody.medicationPrescription.prescriber.healthcareProfessionalName",0,1,"",""
"SEEHDSLMMedicationHistory.medicationMedicalRecord.medicationMedicalRecordBody.medicationPrescription.prescriber.healthcareProfessionalRoleCode","SEEHDSLMMedicationHistory.medicationMedicalRecord.medicationMedicalRecordBody.medicationPrescription.prescriber.healthcareProfessionalRoleCode","","","",0,1,"","","","CodeableConcept {[]} {[]}
","Ordinatörens befattning","Ordinatörens befattning","","","","","","","","","",,,,,"",,,,"SEEHDSLMMedicationHistory.medicationMedicalRecord.medicationMedicalRecordBody.medicationPrescription.prescriber.healthcareProfessionalRoleCode",0,1,"",""
"SEEHDSLMMedicationHistory.medicationMedicalRecord.medicationMedicalRecordBody.medicationPrescription.prescriber.healthcareProfessionalOrgUnit","SEEHDSLMMedicationHistory.medicationMedicalRecord.medicationMedicalRecordBody.medicationPrescription.prescriber.healthcareProfessionalOrgUnit","","","",0,1,"","","","BackboneElement {[]} {[]}
","Organisation ordinatören är uppdragstagare på","Organisation ordinatören är uppdragstagare på","","","","","","","","","",,,,,"",,,,"SEEHDSLMMedicationHistory.medicationMedicalRecord.medicationMedicalRecordBody.medicationPrescription.prescriber.healthcareProfessionalOrgUnit",0,1,"","ele-1:All FHIR elements must have a @value or children {hasValue() or (children().count() > id.count())}
"
"SEEHDSLMMedicationHistory.medicationMedicalRecord.medicationMedicalRecordBody.medicationPrescription.prescriber.healthcareProfessionalOrgUnit.id","SEEHDSLMMedicationHistory.medicationMedicalRecord.medicationMedicalRecordBody.medicationPrescription.prescriber.healthcareProfessionalOrgUnit.id","","","",0,1,"","","","string {[]} {[]}
","Unique id for inter-element referencing","Unique id for the element within a resource (for internal references). This may be any string value that does not contain spaces.","","","","","","","","","",,,,,"",,,,"Element.id",0,1,"",""
"SEEHDSLMMedicationHistory.medicationMedicalRecord.medicationMedicalRecordBody.medicationPrescription.prescriber.healthcareProfessionalOrgUnit.extension","SEEHDSLMMedicationHistory.medicationMedicalRecord.medicationMedicalRecordBody.medicationPrescription.prescriber.healthcareProfessionalOrgUnit.extension","","extensions
user content","",0,*,"","","","Extension {[]} {[]}
","Additional content defined by implementations","May be used to represent additional information that is not part of the basic definition of the element. To make the use of extensions safe and manageable, there is a strict set of governance  applied to the definition and use of extensions. Though any implementer can define an extension, there is a set of requirements that SHALL be met as part of the definition of the extension.","There can be no stigma associated with the use of extensions by any application, project, or standard - regardless of the institution or jurisdiction that uses or defines the extensions.  The use of extensions is what allows the FHIR specification to retain a core level of simplicity for everyone.","","","","","","","","",,,,,"","value:url}
","Extensions are always sliced by (at least) url",,"open","Element.extension",0,*,"","ele-1:All FHIR elements must have a @value or children {hasValue() or (children().count() > id.count())}
ext-1:Must have either extensions or value[x], not both {extension.exists() != value.exists()}"
"SEEHDSLMMedicationHistory.medicationMedicalRecord.medicationMedicalRecordBody.medicationPrescription.prescriber.healthcareProfessionalOrgUnit.modifierExtension","SEEHDSLMMedicationHistory.medicationMedicalRecord.medicationMedicalRecordBody.medicationPrescription.prescriber.healthcareProfessionalOrgUnit.modifierExtension","","extensions
user contentmodifiers","",0,*,"","Y","Y","Extension {[]} {[]}
","Extensions that cannot be ignored even if unrecognized","May be used to represent additional information that is not part of the basic definition of the element and that modifies the understanding of the element in which it is contained and/or the understanding of the containing element's descendants. Usually modifier elements provide negation or qualification. To make the use of extensions safe and manageable, there is a strict set of governance applied to the definition and use of extensions. Though any implementer can define an extension, there is a set of requirements that SHALL be met as part of the definition of the extension. Applications processing a resource are required to check for modifier extensions.

Modifier extensions SHALL NOT change the meaning of any elements on Resource or DomainResource (including cannot change the meaning of modifierExtension itself).","There can be no stigma associated with the use of extensions by any application, project, or standard - regardless of the institution or jurisdiction that uses or defines the extensions.  The use of extensions is what allows the FHIR specification to retain a core level of simplicity for everyone.","Modifier extensions allow for extensions that *cannot* be safely ignored to be clearly distinguished from the vast majority of extensions which can be safely ignored.  This promotes interoperability by eliminating the need for implementers to prohibit the presence of extensions. For further information, see the [definition of modifier extensions](http://hl7.org/fhir/R4/extensibility.html#modifierExtension).","","","","","","","",,,,,"",,,,"BackboneElement.modifierExtension",0,*,"","ele-1:All FHIR elements must have a @value or children {hasValue() or (children().count() > id.count())}
ext-1:Must have either extensions or value[x], not both {extension.exists() != value.exists()}"
"SEEHDSLMMedicationHistory.medicationMedicalRecord.medicationMedicalRecordBody.medicationPrescription.prescriber.healthcareProfessionalOrgUnit.orgUnitHSAId","SEEHDSLMMedicationHistory.medicationMedicalRecord.medicationMedicalRecordBody.medicationPrescription.prescriber.healthcareProfessionalOrgUnit.orgUnitHSAId","","","",0,1,"","","","Identifier {[]} {[]}
","HSA-id","HSA-id","","","","","","","","","",,,,,"",,,,"SEEHDSLMMedicationHistory.medicationMedicalRecord.medicationMedicalRecordBody.medicationPrescription.prescriber.healthcareProfessionalOrgUnit.orgUnitHSAId",0,1,"",""
"SEEHDSLMMedicationHistory.medicationMedicalRecord.medicationMedicalRecordBody.medicationPrescription.prescriber.healthcareProfessionalOrgUnit.orgUnitName","SEEHDSLMMedicationHistory.medicationMedicalRecord.medicationMedicalRecordBody.medicationPrescription.prescriber.healthcareProfessionalOrgUnit.orgUnitName","","","",0,1,"","","","string {[]} {[]}
","Namn","Namn","","","","","","","","","",,,,,"",,,,"SEEHDSLMMedicationHistory.medicationMedicalRecord.medicationMedicalRecordBody.medicationPrescription.prescriber.healthcareProfessionalOrgUnit.orgUnitName",0,1,"",""
"SEEHDSLMMedicationHistory.medicationMedicalRecord.medicationMedicalRecordBody.medicationPrescription.prescriber.healthcareProfessionalOrgUnit.orgUnitTelecom","SEEHDSLMMedicationHistory.medicationMedicalRecord.medicationMedicalRecordBody.medicationPrescription.prescriber.healthcareProfessionalOrgUnit.orgUnitTelecom","","","",0,1,"","","","string {[]} {[]}
","Telefon","Telefon","","","","","","","","","",,,,,"",,,,"SEEHDSLMMedicationHistory.medicationMedicalRecord.medicationMedicalRecordBody.medicationPrescription.prescriber.healthcareProfessionalOrgUnit.orgUnitTelecom",0,1,"",""
"SEEHDSLMMedicationHistory.medicationMedicalRecord.medicationMedicalRecordBody.medicationPrescription.prescriber.healthcareProfessionalOrgUnit.orgUnitEmail","SEEHDSLMMedicationHistory.medicationMedicalRecord.medicationMedicalRecordBody.medicationPrescription.prescriber.healthcareProfessionalOrgUnit.orgUnitEmail","","","",0,1,"","","","string {[]} {[]}
","E-post","E-post","","","","","","","","","",,,,,"",,,,"SEEHDSLMMedicationHistory.medicationMedicalRecord.medicationMedicalRecordBody.medicationPrescription.prescriber.healthcareProfessionalOrgUnit.orgUnitEmail",0,1,"",""
"SEEHDSLMMedicationHistory.medicationMedicalRecord.medicationMedicalRecordBody.medicationPrescription.prescriber.healthcareProfessionalOrgUnit.orgUnitAddress","SEEHDSLMMedicationHistory.medicationMedicalRecord.medicationMedicalRecordBody.medicationPrescription.prescriber.healthcareProfessionalOrgUnit.orgUnitAddress","","","",0,1,"","","","string {[]} {[]}
","Postadress","Postadress","","","","","","","","","",,,,,"",,,,"SEEHDSLMMedicationHistory.medicationMedicalRecord.medicationMedicalRecordBody.medicationPrescription.prescriber.healthcareProfessionalOrgUnit.orgUnitAddress",0,1,"",""
"SEEHDSLMMedicationHistory.medicationMedicalRecord.medicationMedicalRecordBody.medicationPrescription.prescriber.healthcareProfessionalOrgUnit.orgUnitLocation","SEEHDSLMMedicationHistory.medicationMedicalRecord.medicationMedicalRecordBody.medicationPrescription.prescriber.healthcareProfessionalOrgUnit.orgUnitLocation","","","",0,1,"","","","string {[]} {[]}
","Plats/ort","Plats/ort","","","","","","","","","",,,,,"",,,,"SEEHDSLMMedicationHistory.medicationMedicalRecord.medicationMedicalRecordBody.medicationPrescription.prescriber.healthcareProfessionalOrgUnit.orgUnitLocation",0,1,"",""
"SEEHDSLMMedicationHistory.medicationMedicalRecord.medicationMedicalRecordBody.medicationPrescription.evaluator","SEEHDSLMMedicationHistory.medicationMedicalRecord.medicationMedicalRecordBody.medicationPrescription.evaluator","","","",0,1,"","","","BackboneElement {[]} {[]}
","'Utvärderat av' — person som utvärderat utfallet","'Utvärderat av' — person som utvärderat utfallet","","","","","","","","","",,,,,"",,,,"SEEHDSLMMedicationHistory.medicationMedicalRecord.medicationMedicalRecordBody.medicationPrescription.evaluator",0,1,"","ele-1:All FHIR elements must have a @value or children {hasValue() or (children().count() > id.count())}
"
"SEEHDSLMMedicationHistory.medicationMedicalRecord.medicationMedicalRecordBody.medicationPrescription.evaluator.id","SEEHDSLMMedicationHistory.medicationMedicalRecord.medicationMedicalRecordBody.medicationPrescription.evaluator.id","","","",0,1,"","","","string {[]} {[]}
","Unique id for inter-element referencing","Unique id for the element within a resource (for internal references). This may be any string value that does not contain spaces.","","","","","","","","","",,,,,"",,,,"Element.id",0,1,"",""
"SEEHDSLMMedicationHistory.medicationMedicalRecord.medicationMedicalRecordBody.medicationPrescription.evaluator.extension","SEEHDSLMMedicationHistory.medicationMedicalRecord.medicationMedicalRecordBody.medicationPrescription.evaluator.extension","","extensions
user content","",0,*,"","","","Extension {[]} {[]}
","Additional content defined by implementations","May be used to represent additional information that is not part of the basic definition of the element. To make the use of extensions safe and manageable, there is a strict set of governance  applied to the definition and use of extensions. Though any implementer can define an extension, there is a set of requirements that SHALL be met as part of the definition of the extension.","There can be no stigma associated with the use of extensions by any application, project, or standard - regardless of the institution or jurisdiction that uses or defines the extensions.  The use of extensions is what allows the FHIR specification to retain a core level of simplicity for everyone.","","","","","","","","",,,,,"","value:url}
","Extensions are always sliced by (at least) url",,"open","Element.extension",0,*,"","ele-1:All FHIR elements must have a @value or children {hasValue() or (children().count() > id.count())}
ext-1:Must have either extensions or value[x], not both {extension.exists() != value.exists()}"
"SEEHDSLMMedicationHistory.medicationMedicalRecord.medicationMedicalRecordBody.medicationPrescription.evaluator.modifierExtension","SEEHDSLMMedicationHistory.medicationMedicalRecord.medicationMedicalRecordBody.medicationPrescription.evaluator.modifierExtension","","extensions
user contentmodifiers","",0,*,"","Y","Y","Extension {[]} {[]}
","Extensions that cannot be ignored even if unrecognized","May be used to represent additional information that is not part of the basic definition of the element and that modifies the understanding of the element in which it is contained and/or the understanding of the containing element's descendants. Usually modifier elements provide negation or qualification. To make the use of extensions safe and manageable, there is a strict set of governance applied to the definition and use of extensions. Though any implementer can define an extension, there is a set of requirements that SHALL be met as part of the definition of the extension. Applications processing a resource are required to check for modifier extensions.

Modifier extensions SHALL NOT change the meaning of any elements on Resource or DomainResource (including cannot change the meaning of modifierExtension itself).","There can be no stigma associated with the use of extensions by any application, project, or standard - regardless of the institution or jurisdiction that uses or defines the extensions.  The use of extensions is what allows the FHIR specification to retain a core level of simplicity for everyone.","Modifier extensions allow for extensions that *cannot* be safely ignored to be clearly distinguished from the vast majority of extensions which can be safely ignored.  This promotes interoperability by eliminating the need for implementers to prohibit the presence of extensions. For further information, see the [definition of modifier extensions](http://hl7.org/fhir/R4/extensibility.html#modifierExtension).","","","","","","","",,,,,"",,,,"BackboneElement.modifierExtension",0,*,"","ele-1:All FHIR elements must have a @value or children {hasValue() or (children().count() > id.count())}
ext-1:Must have either extensions or value[x], not both {extension.exists() != value.exists()}"
"SEEHDSLMMedicationHistory.medicationMedicalRecord.medicationMedicalRecordBody.medicationPrescription.evaluator.authorTime","SEEHDSLMMedicationHistory.medicationMedicalRecord.medicationMedicalRecordBody.medicationPrescription.evaluator.authorTime","","","",1,1,"","","","instant {[]} {[]}
","Faktisk utvärderingstidpunkt","Faktisk utvärderingstidpunkt","","","","","","","","","",,,,,"",,,,"SEEHDSLMMedicationHistory.medicationMedicalRecord.medicationMedicalRecordBody.medicationPrescription.evaluator.authorTime",1,1,"",""
"SEEHDSLMMedicationHistory.medicationMedicalRecord.medicationMedicalRecordBody.medicationPrescription.evaluator.healthcareProfessionalHSAId","SEEHDSLMMedicationHistory.medicationMedicalRecord.medicationMedicalRecordBody.medicationPrescription.evaluator.healthcareProfessionalHSAId","","","",0,1,"","","","Identifier {[]} {[]}
","Utvärderande persons HSA-id","Utvärderande persons HSA-id","","","","","","","","","",,,,,"",,,,"SEEHDSLMMedicationHistory.medicationMedicalRecord.medicationMedicalRecordBody.medicationPrescription.evaluator.healthcareProfessionalHSAId",0,1,"",""
"SEEHDSLMMedicationHistory.medicationMedicalRecord.medicationMedicalRecordBody.medicationPrescription.evaluator.healthcareProfessionalName","SEEHDSLMMedicationHistory.medicationMedicalRecord.medicationMedicalRecordBody.medicationPrescription.evaluator.healthcareProfessionalName","","","",0,1,"","","","string {[]} {[]}
","Namn på utvärderande person","Namn på utvärderande person","","","","","","","","","",,,,,"",,,,"SEEHDSLMMedicationHistory.medicationMedicalRecord.medicationMedicalRecordBody.medicationPrescription.evaluator.healthcareProfessionalName",0,1,"",""
"SEEHDSLMMedicationHistory.medicationMedicalRecord.medicationMedicalRecordBody.medicationPrescription.evaluator.healthcareProfessionalRoleCode","SEEHDSLMMedicationHistory.medicationMedicalRecord.medicationMedicalRecordBody.medicationPrescription.evaluator.healthcareProfessionalRoleCode","","","",0,1,"","","","CodeableConcept {[]} {[]}
","Utvärderande persons befattning","Utvärderande persons befattning","","","","","","","","","",,,,,"",,,,"SEEHDSLMMedicationHistory.medicationMedicalRecord.medicationMedicalRecordBody.medicationPrescription.evaluator.healthcareProfessionalRoleCode",0,1,"",""
"SEEHDSLMMedicationHistory.medicationMedicalRecord.medicationMedicalRecordBody.medicationPrescription.evaluator.healthcareProfessionalOrgUnit","SEEHDSLMMedicationHistory.medicationMedicalRecord.medicationMedicalRecordBody.medicationPrescription.evaluator.healthcareProfessionalOrgUnit","","","",0,1,"","","","BackboneElement {[]} {[]}
","Utvärderande persons organisation","Utvärderande persons organisation","","","","","","","","","",,,,,"",,,,"SEEHDSLMMedicationHistory.medicationMedicalRecord.medicationMedicalRecordBody.medicationPrescription.evaluator.healthcareProfessionalOrgUnit",0,1,"","ele-1:All FHIR elements must have a @value or children {hasValue() or (children().count() > id.count())}
"
"SEEHDSLMMedicationHistory.medicationMedicalRecord.medicationMedicalRecordBody.medicationPrescription.evaluator.healthcareProfessionalOrgUnit.id","SEEHDSLMMedicationHistory.medicationMedicalRecord.medicationMedicalRecordBody.medicationPrescription.evaluator.healthcareProfessionalOrgUnit.id","","","",0,1,"","","","string {[]} {[]}
","Unique id for inter-element referencing","Unique id for the element within a resource (for internal references). This may be any string value that does not contain spaces.","","","","","","","","","",,,,,"",,,,"Element.id",0,1,"",""
"SEEHDSLMMedicationHistory.medicationMedicalRecord.medicationMedicalRecordBody.medicationPrescription.evaluator.healthcareProfessionalOrgUnit.extension","SEEHDSLMMedicationHistory.medicationMedicalRecord.medicationMedicalRecordBody.medicationPrescription.evaluator.healthcareProfessionalOrgUnit.extension","","extensions
user content","",0,*,"","","","Extension {[]} {[]}
","Additional content defined by implementations","May be used to represent additional information that is not part of the basic definition of the element. To make the use of extensions safe and manageable, there is a strict set of governance  applied to the definition and use of extensions. Though any implementer can define an extension, there is a set of requirements that SHALL be met as part of the definition of the extension.","There can be no stigma associated with the use of extensions by any application, project, or standard - regardless of the institution or jurisdiction that uses or defines the extensions.  The use of extensions is what allows the FHIR specification to retain a core level of simplicity for everyone.","","","","","","","","",,,,,"","value:url}
","Extensions are always sliced by (at least) url",,"open","Element.extension",0,*,"","ele-1:All FHIR elements must have a @value or children {hasValue() or (children().count() > id.count())}
ext-1:Must have either extensions or value[x], not both {extension.exists() != value.exists()}"
"SEEHDSLMMedicationHistory.medicationMedicalRecord.medicationMedicalRecordBody.medicationPrescription.evaluator.healthcareProfessionalOrgUnit.modifierExtension","SEEHDSLMMedicationHistory.medicationMedicalRecord.medicationMedicalRecordBody.medicationPrescription.evaluator.healthcareProfessionalOrgUnit.modifierExtension","","extensions
user contentmodifiers","",0,*,"","Y","Y","Extension {[]} {[]}
","Extensions that cannot be ignored even if unrecognized","May be used to represent additional information that is not part of the basic definition of the element and that modifies the understanding of the element in which it is contained and/or the understanding of the containing element's descendants. Usually modifier elements provide negation or qualification. To make the use of extensions safe and manageable, there is a strict set of governance applied to the definition and use of extensions. Though any implementer can define an extension, there is a set of requirements that SHALL be met as part of the definition of the extension. Applications processing a resource are required to check for modifier extensions.

Modifier extensions SHALL NOT change the meaning of any elements on Resource or DomainResource (including cannot change the meaning of modifierExtension itself).","There can be no stigma associated with the use of extensions by any application, project, or standard - regardless of the institution or jurisdiction that uses or defines the extensions.  The use of extensions is what allows the FHIR specification to retain a core level of simplicity for everyone.","Modifier extensions allow for extensions that *cannot* be safely ignored to be clearly distinguished from the vast majority of extensions which can be safely ignored.  This promotes interoperability by eliminating the need for implementers to prohibit the presence of extensions. For further information, see the [definition of modifier extensions](http://hl7.org/fhir/R4/extensibility.html#modifierExtension).","","","","","","","",,,,,"",,,,"BackboneElement.modifierExtension",0,*,"","ele-1:All FHIR elements must have a @value or children {hasValue() or (children().count() > id.count())}
ext-1:Must have either extensions or value[x], not both {extension.exists() != value.exists()}"
"SEEHDSLMMedicationHistory.medicationMedicalRecord.medicationMedicalRecordBody.medicationPrescription.evaluator.healthcareProfessionalOrgUnit.orgUnitHSAId","SEEHDSLMMedicationHistory.medicationMedicalRecord.medicationMedicalRecordBody.medicationPrescription.evaluator.healthcareProfessionalOrgUnit.orgUnitHSAId","","","",0,1,"","","","Identifier {[]} {[]}
","HSA-id","HSA-id","","","","","","","","","",,,,,"",,,,"SEEHDSLMMedicationHistory.medicationMedicalRecord.medicationMedicalRecordBody.medicationPrescription.evaluator.healthcareProfessionalOrgUnit.orgUnitHSAId",0,1,"",""
"SEEHDSLMMedicationHistory.medicationMedicalRecord.medicationMedicalRecordBody.medicationPrescription.evaluator.healthcareProfessionalOrgUnit.orgUnitName","SEEHDSLMMedicationHistory.medicationMedicalRecord.medicationMedicalRecordBody.medicationPrescription.evaluator.healthcareProfessionalOrgUnit.orgUnitName","","","",0,1,"","","","string {[]} {[]}
","Namn","Namn","","","","","","","","","",,,,,"",,,,"SEEHDSLMMedicationHistory.medicationMedicalRecord.medicationMedicalRecordBody.medicationPrescription.evaluator.healthcareProfessionalOrgUnit.orgUnitName",0,1,"",""
"SEEHDSLMMedicationHistory.medicationMedicalRecord.medicationMedicalRecordBody.medicationPrescription.startOfFirstTreatment","SEEHDSLMMedicationHistory.medicationMedicalRecord.medicationMedicalRecordBody.medicationPrescription.startOfFirstTreatment","","","",0,1,"","","","instant {[]} {[]}
","Första insättningstidpunkt (beräknad från ordinationskedjan)","Första insättningstidpunkt (beräknad från ordinationskedjan)","","","","","","","","","",,,,,"",,,,"SEEHDSLMMedicationHistory.medicationMedicalRecord.medicationMedicalRecordBody.medicationPrescription.startOfFirstTreatment",0,1,"",""
"SEEHDSLMMedicationHistory.medicationMedicalRecord.medicationMedicalRecordBody.medicationPrescription.startOfTreatment","SEEHDSLMMedicationHistory.medicationMedicalRecord.medicationMedicalRecordBody.medicationPrescription.startOfTreatment","","","",0,1,"","","","instant {[]} {[]}
","Insättningstidpunkt. Villkor (Regel 1.8): Obligatorisk om typeOfPrescription = 'I' (insättning).","Insättningstidpunkt. Villkor (Regel 1.8): Obligatorisk om typeOfPrescription = 'I' (insättning).","","","","","","","","","",,,,,"",,,,"SEEHDSLMMedicationHistory.medicationMedicalRecord.medicationMedicalRecordBody.medicationPrescription.startOfTreatment",0,1,"",""
"SEEHDSLMMedicationHistory.medicationMedicalRecord.medicationMedicalRecordBody.medicationPrescription.endOfTreatment","SEEHDSLMMedicationHistory.medicationMedicalRecord.medicationMedicalRecordBody.medicationPrescription.endOfTreatment","","","",0,1,"","","","instant {[]} {[]}
","Utsättningstidpunkt","Utsättningstidpunkt","","","","","","","","","",,,,,"",,,,"SEEHDSLMMedicationHistory.medicationMedicalRecord.medicationMedicalRecordBody.medicationPrescription.endOfTreatment",0,1,"",""
"SEEHDSLMMedicationHistory.medicationMedicalRecord.medicationMedicalRecordBody.medicationPrescription.endOfTreatmentReason","SEEHDSLMMedicationHistory.medicationMedicalRecord.medicationMedicalRecordBody.medicationPrescription.endOfTreatmentReason","","","",0,1,"","","","CodeableConcept {[]} {[]}
","Utsättningsorsak","Utsättningsorsak","","","","","","","","","",,,,,"",,,,"SEEHDSLMMedicationHistory.medicationMedicalRecord.medicationMedicalRecordBody.medicationPrescription.endOfTreatmentReason",0,1,"",""
"SEEHDSLMMedicationHistory.medicationMedicalRecord.medicationMedicalRecordBody.medicationPrescription.selfMedication","SEEHDSLMMedicationHistory.medicationMedicalRecord.medicationMedicalRecordBody.medicationPrescription.selfMedication","","","",1,1,"","","","boolean {[]} {[]}
","Anger om ordination är utfärdad av patienten själv","Anger om ordination är utfärdad av patienten själv","","","","","","","","","",,,,,"",,,,"SEEHDSLMMedicationHistory.medicationMedicalRecord.medicationMedicalRecordBody.medicationPrescription.selfMedication",1,1,"",""
"SEEHDSLMMedicationHistory.medicationMedicalRecord.medicationMedicalRecordBody.medicationPrescription.drug","SEEHDSLMMedicationHistory.medicationMedicalRecord.medicationMedicalRecordBody.medicationPrescription.drug","","","",0,1,"","","","BackboneElement {[]} {[]}
","Läkemedelsval (ett av: unstructured/merchandise/drugArticle/drug/generics)","OBS: Ett och endast ett av följande alternativ ska anges.
ASSUME-ACT-003: XOR-villkor kan inte uttryckas direkt i FSH-kardinaliteten (alla är 0..1).","","","","","","","","","",,,,,"",,,,"SEEHDSLMMedicationHistory.medicationMedicalRecord.medicationMedicalRecordBody.medicationPrescription.drug",0,1,"","ele-1:All FHIR elements must have a @value or children {hasValue() or (children().count() > id.count())}
"
"SEEHDSLMMedicationHistory.medicationMedicalRecord.medicationMedicalRecordBody.medicationPrescription.drug.id","SEEHDSLMMedicationHistory.medicationMedicalRecord.medicationMedicalRecordBody.medicationPrescription.drug.id","","","",0,1,"","","","string {[]} {[]}
","Unique id for inter-element referencing","Unique id for the element within a resource (for internal references). This may be any string value that does not contain spaces.","","","","","","","","","",,,,,"",,,,"Element.id",0,1,"",""
"SEEHDSLMMedicationHistory.medicationMedicalRecord.medicationMedicalRecordBody.medicationPrescription.drug.extension","SEEHDSLMMedicationHistory.medicationMedicalRecord.medicationMedicalRecordBody.medicationPrescription.drug.extension","","extensions
user content","",0,*,"","","","Extension {[]} {[]}
","Additional content defined by implementations","May be used to represent additional information that is not part of the basic definition of the element. To make the use of extensions safe and manageable, there is a strict set of governance  applied to the definition and use of extensions. Though any implementer can define an extension, there is a set of requirements that SHALL be met as part of the definition of the extension.","There can be no stigma associated with the use of extensions by any application, project, or standard - regardless of the institution or jurisdiction that uses or defines the extensions.  The use of extensions is what allows the FHIR specification to retain a core level of simplicity for everyone.","","","","","","","","",,,,,"","value:url}
","Extensions are always sliced by (at least) url",,"open","Element.extension",0,*,"","ele-1:All FHIR elements must have a @value or children {hasValue() or (children().count() > id.count())}
ext-1:Must have either extensions or value[x], not both {extension.exists() != value.exists()}"
"SEEHDSLMMedicationHistory.medicationMedicalRecord.medicationMedicalRecordBody.medicationPrescription.drug.modifierExtension","SEEHDSLMMedicationHistory.medicationMedicalRecord.medicationMedicalRecordBody.medicationPrescription.drug.modifierExtension","","extensions
user contentmodifiers","",0,*,"","Y","Y","Extension {[]} {[]}
","Extensions that cannot be ignored even if unrecognized","May be used to represent additional information that is not part of the basic definition of the element and that modifies the understanding of the element in which it is contained and/or the understanding of the containing element's descendants. Usually modifier elements provide negation or qualification. To make the use of extensions safe and manageable, there is a strict set of governance applied to the definition and use of extensions. Though any implementer can define an extension, there is a set of requirements that SHALL be met as part of the definition of the extension. Applications processing a resource are required to check for modifier extensions.

Modifier extensions SHALL NOT change the meaning of any elements on Resource or DomainResource (including cannot change the meaning of modifierExtension itself).","There can be no stigma associated with the use of extensions by any application, project, or standard - regardless of the institution or jurisdiction that uses or defines the extensions.  The use of extensions is what allows the FHIR specification to retain a core level of simplicity for everyone.","Modifier extensions allow for extensions that *cannot* be safely ignored to be clearly distinguished from the vast majority of extensions which can be safely ignored.  This promotes interoperability by eliminating the need for implementers to prohibit the presence of extensions. For further information, see the [definition of modifier extensions](http://hl7.org/fhir/R4/extensibility.html#modifierExtension).","","","","","","","",,,,,"",,,,"BackboneElement.modifierExtension",0,*,"","ele-1:All FHIR elements must have a @value or children {hasValue() or (children().count() > id.count())}
ext-1:Must have either extensions or value[x], not both {extension.exists() != value.exists()}"
"SEEHDSLMMedicationHistory.medicationMedicalRecord.medicationMedicalRecordBody.medicationPrescription.drug.comment","SEEHDSLMMedicationHistory.medicationMedicalRecord.medicationMedicalRecordBody.medicationPrescription.drug.comment","","","",0,1,"","","","string {[]} {[]}
","Kommentar om läkemedelsval","Kommentar om läkemedelsval","","","","","","","","","",,,,,"",,,,"SEEHDSLMMedicationHistory.medicationMedicalRecord.medicationMedicalRecordBody.medicationPrescription.drug.comment",0,1,"",""
"SEEHDSLMMedicationHistory.medicationMedicalRecord.medicationMedicalRecordBody.medicationPrescription.drug.unstructuredDrugInformation","SEEHDSLMMedicationHistory.medicationMedicalRecord.medicationMedicalRecordBody.medicationPrescription.drug.unstructuredDrugInformation","","","",0,1,"","","","BackboneElement {[]} {[]}
","Fritextval (extemporeberedning, licensläkemedel m.m.)","Fritextval (extemporeberedning, licensläkemedel m.m.)","","","","","","","","","",,,,,"",,,,"SEEHDSLMMedicationHistory.medicationMedicalRecord.medicationMedicalRecordBody.medicationPrescription.drug.unstructuredDrugInformation",0,1,"","ele-1:All FHIR elements must have a @value or children {hasValue() or (children().count() > id.count())}
"
"SEEHDSLMMedicationHistory.medicationMedicalRecord.medicationMedicalRecordBody.medicationPrescription.drug.unstructuredDrugInformation.id","SEEHDSLMMedicationHistory.medicationMedicalRecord.medicationMedicalRecordBody.medicationPrescription.drug.unstructuredDrugInformation.id","","","",0,1,"","","","string {[]} {[]}
","Unique id for inter-element referencing","Unique id for the element within a resource (for internal references). This may be any string value that does not contain spaces.","","","","","","","","","",,,,,"",,,,"Element.id",0,1,"",""
"SEEHDSLMMedicationHistory.medicationMedicalRecord.medicationMedicalRecordBody.medicationPrescription.drug.unstructuredDrugInformation.extension","SEEHDSLMMedicationHistory.medicationMedicalRecord.medicationMedicalRecordBody.medicationPrescription.drug.unstructuredDrugInformation.extension","","extensions
user content","",0,*,"","","","Extension {[]} {[]}
","Additional content defined by implementations","May be used to represent additional information that is not part of the basic definition of the element. To make the use of extensions safe and manageable, there is a strict set of governance  applied to the definition and use of extensions. Though any implementer can define an extension, there is a set of requirements that SHALL be met as part of the definition of the extension.","There can be no stigma associated with the use of extensions by any application, project, or standard - regardless of the institution or jurisdiction that uses or defines the extensions.  The use of extensions is what allows the FHIR specification to retain a core level of simplicity for everyone.","","","","","","","","",,,,,"","value:url}
","Extensions are always sliced by (at least) url",,"open","Element.extension",0,*,"","ele-1:All FHIR elements must have a @value or children {hasValue() or (children().count() > id.count())}
ext-1:Must have either extensions or value[x], not both {extension.exists() != value.exists()}"
"SEEHDSLMMedicationHistory.medicationMedicalRecord.medicationMedicalRecordBody.medicationPrescription.drug.unstructuredDrugInformation.modifierExtension","SEEHDSLMMedicationHistory.medicationMedicalRecord.medicationMedicalRecordBody.medicationPrescription.drug.unstructuredDrugInformation.modifierExtension","","extensions
user contentmodifiers","",0,*,"","Y","Y","Extension {[]} {[]}
","Extensions that cannot be ignored even if unrecognized","May be used to represent additional information that is not part of the basic definition of the element and that modifies the understanding of the element in which it is contained and/or the understanding of the containing element's descendants. Usually modifier elements provide negation or qualification. To make the use of extensions safe and manageable, there is a strict set of governance applied to the definition and use of extensions. Though any implementer can define an extension, there is a set of requirements that SHALL be met as part of the definition of the extension. Applications processing a resource are required to check for modifier extensions.

Modifier extensions SHALL NOT change the meaning of any elements on Resource or DomainResource (including cannot change the meaning of modifierExtension itself).","There can be no stigma associated with the use of extensions by any application, project, or standard - regardless of the institution or jurisdiction that uses or defines the extensions.  The use of extensions is what allows the FHIR specification to retain a core level of simplicity for everyone.","Modifier extensions allow for extensions that *cannot* be safely ignored to be clearly distinguished from the vast majority of extensions which can be safely ignored.  This promotes interoperability by eliminating the need for implementers to prohibit the presence of extensions. For further information, see the [definition of modifier extensions](http://hl7.org/fhir/R4/extensibility.html#modifierExtension).","","","","","","","",,,,,"",,,,"BackboneElement.modifierExtension",0,*,"","ele-1:All FHIR elements must have a @value or children {hasValue() or (children().count() > id.count())}
ext-1:Must have either extensions or value[x], not both {extension.exists() != value.exists()}"
"SEEHDSLMMedicationHistory.medicationMedicalRecord.medicationMedicalRecordBody.medicationPrescription.drug.unstructuredDrugInformation.unstructuredInformation","SEEHDSLMMedicationHistory.medicationMedicalRecord.medicationMedicalRecordBody.medicationPrescription.drug.unstructuredDrugInformation.unstructuredInformation","","","",1,1,"","","","string {[]} {[]}
","Fritextbeskrivning","Fritextbeskrivning","","","","","","","","","",,,,,"",,,,"SEEHDSLMMedicationHistory.medicationMedicalRecord.medicationMedicalRecordBody.medicationPrescription.drug.unstructuredDrugInformation.unstructuredInformation",1,1,"",""
"SEEHDSLMMedicationHistory.medicationMedicalRecord.medicationMedicalRecordBody.medicationPrescription.drug.merchandise","SEEHDSLMMedicationHistory.medicationMedicalRecord.medicationMedicalRecordBody.medicationPrescription.drug.merchandise","","","",0,1,"","","","BackboneElement {[]} {[]}
","Handelsvara","Handelsvara","","","","","","","","","",,,,,"",,,,"SEEHDSLMMedicationHistory.medicationMedicalRecord.medicationMedicalRecordBody.medicationPrescription.drug.merchandise",0,1,"","ele-1:All FHIR elements must have a @value or children {hasValue() or (children().count() > id.count())}
"
"SEEHDSLMMedicationHistory.medicationMedicalRecord.medicationMedicalRecordBody.medicationPrescription.drug.merchandise.id","SEEHDSLMMedicationHistory.medicationMedicalRecord.medicationMedicalRecordBody.medicationPrescription.drug.merchandise.id","","","",0,1,"","","","string {[]} {[]}
","Unique id for inter-element referencing","Unique id for the element within a resource (for internal references). This may be any string value that does not contain spaces.","","","","","","","","","",,,,,"",,,,"Element.id",0,1,"",""
"SEEHDSLMMedicationHistory.medicationMedicalRecord.medicationMedicalRecordBody.medicationPrescription.drug.merchandise.extension","SEEHDSLMMedicationHistory.medicationMedicalRecord.medicationMedicalRecordBody.medicationPrescription.drug.merchandise.extension","","extensions
user content","",0,*,"","","","Extension {[]} {[]}
","Additional content defined by implementations","May be used to represent additional information that is not part of the basic definition of the element. To make the use of extensions safe and manageable, there is a strict set of governance  applied to the definition and use of extensions. Though any implementer can define an extension, there is a set of requirements that SHALL be met as part of the definition of the extension.","There can be no stigma associated with the use of extensions by any application, project, or standard - regardless of the institution or jurisdiction that uses or defines the extensions.  The use of extensions is what allows the FHIR specification to retain a core level of simplicity for everyone.","","","","","","","","",,,,,"","value:url}
","Extensions are always sliced by (at least) url",,"open","Element.extension",0,*,"","ele-1:All FHIR elements must have a @value or children {hasValue() or (children().count() > id.count())}
ext-1:Must have either extensions or value[x], not both {extension.exists() != value.exists()}"
"SEEHDSLMMedicationHistory.medicationMedicalRecord.medicationMedicalRecordBody.medicationPrescription.drug.merchandise.modifierExtension","SEEHDSLMMedicationHistory.medicationMedicalRecord.medicationMedicalRecordBody.medicationPrescription.drug.merchandise.modifierExtension","","extensions
user contentmodifiers","",0,*,"","Y","Y","Extension {[]} {[]}
","Extensions that cannot be ignored even if unrecognized","May be used to represent additional information that is not part of the basic definition of the element and that modifies the understanding of the element in which it is contained and/or the understanding of the containing element's descendants. Usually modifier elements provide negation or qualification. To make the use of extensions safe and manageable, there is a strict set of governance applied to the definition and use of extensions. Though any implementer can define an extension, there is a set of requirements that SHALL be met as part of the definition of the extension. Applications processing a resource are required to check for modifier extensions.

Modifier extensions SHALL NOT change the meaning of any elements on Resource or DomainResource (including cannot change the meaning of modifierExtension itself).","There can be no stigma associated with the use of extensions by any application, project, or standard - regardless of the institution or jurisdiction that uses or defines the extensions.  The use of extensions is what allows the FHIR specification to retain a core level of simplicity for everyone.","Modifier extensions allow for extensions that *cannot* be safely ignored to be clearly distinguished from the vast majority of extensions which can be safely ignored.  This promotes interoperability by eliminating the need for implementers to prohibit the presence of extensions. For further information, see the [definition of modifier extensions](http://hl7.org/fhir/R4/extensibility.html#modifierExtension).","","","","","","","",,,,,"",,,,"BackboneElement.modifierExtension",0,*,"","ele-1:All FHIR elements must have a @value or children {hasValue() or (children().count() > id.count())}
ext-1:Must have either extensions or value[x], not both {extension.exists() != value.exists()}"
"SEEHDSLMMedicationHistory.medicationMedicalRecord.medicationMedicalRecordBody.medicationPrescription.drug.merchandise.articleNumber","SEEHDSLMMedicationHistory.medicationMedicalRecord.medicationMedicalRecordBody.medicationPrescription.drug.merchandise.articleNumber","","","",1,1,"","","","CodeableConcept {[]} {[]}
","Varunummer (från SIL)","Varunummer (från SIL)","","","","","","","","","",,,,,"",,,,"SEEHDSLMMedicationHistory.medicationMedicalRecord.medicationMedicalRecordBody.medicationPrescription.drug.merchandise.articleNumber",1,1,"",""
"SEEHDSLMMedicationHistory.medicationMedicalRecord.medicationMedicalRecordBody.medicationPrescription.drug.drugArticle","SEEHDSLMMedicationHistory.medicationMedicalRecord.medicationMedicalRecordBody.medicationPrescription.drug.drugArticle","","","",0,1,"","","","BackboneElement {[]} {[]}
","Läkemedelsartikel","Läkemedelsartikel","","","","","","","","","",,,,,"",,,,"SEEHDSLMMedicationHistory.medicationMedicalRecord.medicationMedicalRecordBody.medicationPrescription.drug.drugArticle",0,1,"","ele-1:All FHIR elements must have a @value or children {hasValue() or (children().count() > id.count())}
"
"SEEHDSLMMedicationHistory.medicationMedicalRecord.medicationMedicalRecordBody.medicationPrescription.drug.drugArticle.id","SEEHDSLMMedicationHistory.medicationMedicalRecord.medicationMedicalRecordBody.medicationPrescription.drug.drugArticle.id","","","",0,1,"","","","string {[]} {[]}
","Unique id for inter-element referencing","Unique id for the element within a resource (for internal references). This may be any string value that does not contain spaces.","","","","","","","","","",,,,,"",,,,"Element.id",0,1,"",""
"SEEHDSLMMedicationHistory.medicationMedicalRecord.medicationMedicalRecordBody.medicationPrescription.drug.drugArticle.extension","SEEHDSLMMedicationHistory.medicationMedicalRecord.medicationMedicalRecordBody.medicationPrescription.drug.drugArticle.extension","","extensions
user content","",0,*,"","","","Extension {[]} {[]}
","Additional content defined by implementations","May be used to represent additional information that is not part of the basic definition of the element. To make the use of extensions safe and manageable, there is a strict set of governance  applied to the definition and use of extensions. Though any implementer can define an extension, there is a set of requirements that SHALL be met as part of the definition of the extension.","There can be no stigma associated with the use of extensions by any application, project, or standard - regardless of the institution or jurisdiction that uses or defines the extensions.  The use of extensions is what allows the FHIR specification to retain a core level of simplicity for everyone.","","","","","","","","",,,,,"","value:url}
","Extensions are always sliced by (at least) url",,"open","Element.extension",0,*,"","ele-1:All FHIR elements must have a @value or children {hasValue() or (children().count() > id.count())}
ext-1:Must have either extensions or value[x], not both {extension.exists() != value.exists()}"
"SEEHDSLMMedicationHistory.medicationMedicalRecord.medicationMedicalRecordBody.medicationPrescription.drug.drugArticle.modifierExtension","SEEHDSLMMedicationHistory.medicationMedicalRecord.medicationMedicalRecordBody.medicationPrescription.drug.drugArticle.modifierExtension","","extensions
user contentmodifiers","",0,*,"","Y","Y","Extension {[]} {[]}
","Extensions that cannot be ignored even if unrecognized","May be used to represent additional information that is not part of the basic definition of the element and that modifies the understanding of the element in which it is contained and/or the understanding of the containing element's descendants. Usually modifier elements provide negation or qualification. To make the use of extensions safe and manageable, there is a strict set of governance applied to the definition and use of extensions. Though any implementer can define an extension, there is a set of requirements that SHALL be met as part of the definition of the extension. Applications processing a resource are required to check for modifier extensions.

Modifier extensions SHALL NOT change the meaning of any elements on Resource or DomainResource (including cannot change the meaning of modifierExtension itself).","There can be no stigma associated with the use of extensions by any application, project, or standard - regardless of the institution or jurisdiction that uses or defines the extensions.  The use of extensions is what allows the FHIR specification to retain a core level of simplicity for everyone.","Modifier extensions allow for extensions that *cannot* be safely ignored to be clearly distinguished from the vast majority of extensions which can be safely ignored.  This promotes interoperability by eliminating the need for implementers to prohibit the presence of extensions. For further information, see the [definition of modifier extensions](http://hl7.org/fhir/R4/extensibility.html#modifierExtension).","","","","","","","",,,,,"",,,,"BackboneElement.modifierExtension",0,*,"","ele-1:All FHIR elements must have a @value or children {hasValue() or (children().count() > id.count())}
ext-1:Must have either extensions or value[x], not both {extension.exists() != value.exists()}"
"SEEHDSLMMedicationHistory.medicationMedicalRecord.medicationMedicalRecordBody.medicationPrescription.drug.drugArticle.nplPackId","SEEHDSLMMedicationHistory.medicationMedicalRecord.medicationMedicalRecordBody.medicationPrescription.drug.drugArticle.nplPackId","","","",1,1,"","","","CodeableConcept {[]} {[]}
","NPL pack-id (OID 1.2.752.129.2.1.5.2)","NPL pack-id (OID 1.2.752.129.2.1.5.2)","","","","","","","","","",,,,,"",,,,"SEEHDSLMMedicationHistory.medicationMedicalRecord.medicationMedicalRecordBody.medicationPrescription.drug.drugArticle.nplPackId",1,1,"",""
"SEEHDSLMMedicationHistory.medicationMedicalRecord.medicationMedicalRecordBody.medicationPrescription.drug.drug","SEEHDSLMMedicationHistory.medicationMedicalRecord.medicationMedicalRecordBody.medicationPrescription.drug.drug","","","",0,1,"","","","BackboneElement {[]} {[]}
","Läkemedelsprodukt","Läkemedelsprodukt","","","","","","","","","",,,,,"",,,,"SEEHDSLMMedicationHistory.medicationMedicalRecord.medicationMedicalRecordBody.medicationPrescription.drug.drug",0,1,"","ele-1:All FHIR elements must have a @value or children {hasValue() or (children().count() > id.count())}
"
"SEEHDSLMMedicationHistory.medicationMedicalRecord.medicationMedicalRecordBody.medicationPrescription.drug.drug.id","SEEHDSLMMedicationHistory.medicationMedicalRecord.medicationMedicalRecordBody.medicationPrescription.drug.drug.id","","","",0,1,"","","","string {[]} {[]}
","Unique id for inter-element referencing","Unique id for the element within a resource (for internal references). This may be any string value that does not contain spaces.","","","","","","","","","",,,,,"",,,,"Element.id",0,1,"",""
"SEEHDSLMMedicationHistory.medicationMedicalRecord.medicationMedicalRecordBody.medicationPrescription.drug.drug.extension","SEEHDSLMMedicationHistory.medicationMedicalRecord.medicationMedicalRecordBody.medicationPrescription.drug.drug.extension","","extensions
user content","",0,*,"","","","Extension {[]} {[]}
","Additional content defined by implementations","May be used to represent additional information that is not part of the basic definition of the element. To make the use of extensions safe and manageable, there is a strict set of governance  applied to the definition and use of extensions. Though any implementer can define an extension, there is a set of requirements that SHALL be met as part of the definition of the extension.","There can be no stigma associated with the use of extensions by any application, project, or standard - regardless of the institution or jurisdiction that uses or defines the extensions.  The use of extensions is what allows the FHIR specification to retain a core level of simplicity for everyone.","","","","","","","","",,,,,"","value:url}
","Extensions are always sliced by (at least) url",,"open","Element.extension",0,*,"","ele-1:All FHIR elements must have a @value or children {hasValue() or (children().count() > id.count())}
ext-1:Must have either extensions or value[x], not both {extension.exists() != value.exists()}"
"SEEHDSLMMedicationHistory.medicationMedicalRecord.medicationMedicalRecordBody.medicationPrescription.drug.drug.modifierExtension","SEEHDSLMMedicationHistory.medicationMedicalRecord.medicationMedicalRecordBody.medicationPrescription.drug.drug.modifierExtension","","extensions
user contentmodifiers","",0,*,"","Y","Y","Extension {[]} {[]}
","Extensions that cannot be ignored even if unrecognized","May be used to represent additional information that is not part of the basic definition of the element and that modifies the understanding of the element in which it is contained and/or the understanding of the containing element's descendants. Usually modifier elements provide negation or qualification. To make the use of extensions safe and manageable, there is a strict set of governance applied to the definition and use of extensions. Though any implementer can define an extension, there is a set of requirements that SHALL be met as part of the definition of the extension. Applications processing a resource are required to check for modifier extensions.

Modifier extensions SHALL NOT change the meaning of any elements on Resource or DomainResource (including cannot change the meaning of modifierExtension itself).","There can be no stigma associated with the use of extensions by any application, project, or standard - regardless of the institution or jurisdiction that uses or defines the extensions.  The use of extensions is what allows the FHIR specification to retain a core level of simplicity for everyone.","Modifier extensions allow for extensions that *cannot* be safely ignored to be clearly distinguished from the vast majority of extensions which can be safely ignored.  This promotes interoperability by eliminating the need for implementers to prohibit the presence of extensions. For further information, see the [definition of modifier extensions](http://hl7.org/fhir/R4/extensibility.html#modifierExtension).","","","","","","","",,,,,"",,,,"BackboneElement.modifierExtension",0,*,"","ele-1:All FHIR elements must have a @value or children {hasValue() or (children().count() > id.count())}
ext-1:Must have either extensions or value[x], not both {extension.exists() != value.exists()}"
"SEEHDSLMMedicationHistory.medicationMedicalRecord.medicationMedicalRecordBody.medicationPrescription.drug.drug.nplId","SEEHDSLMMedicationHistory.medicationMedicalRecord.medicationMedicalRecordBody.medicationPrescription.drug.drug.nplId","","","",0,1,"","","","CodeableConcept {[]} {[]}
","NPL-id (OID 1.2.752.129.2.1.5.1)","NPL-id (OID 1.2.752.129.2.1.5.1)","","","","","","","","","",,,,,"",,,,"SEEHDSLMMedicationHistory.medicationMedicalRecord.medicationMedicalRecordBody.medicationPrescription.drug.drug.nplId",0,1,"",""
"SEEHDSLMMedicationHistory.medicationMedicalRecord.medicationMedicalRecordBody.medicationPrescription.drug.drug.atcCode","SEEHDSLMMedicationHistory.medicationMedicalRecord.medicationMedicalRecordBody.medicationPrescription.drug.drug.atcCode","","","",0,1,"","","","CodeableConcept {[]} {[]}
","ATC-kod (OID 1.2.752.129.2.2.3.1.1)","ATC-kod (OID 1.2.752.129.2.2.3.1.1)","","","","","","","","","",,,,,"",,,,"SEEHDSLMMedicationHistory.medicationMedicalRecord.medicationMedicalRecordBody.medicationPrescription.drug.drug.atcCode",0,1,"",""
"SEEHDSLMMedicationHistory.medicationMedicalRecord.medicationMedicalRecordBody.medicationPrescription.drug.drug.routeOfAdministration","SEEHDSLMMedicationHistory.medicationMedicalRecord.medicationMedicalRecordBody.medicationPrescription.drug.drug.routeOfAdministration","","","",0,1,"","","","CodeableConcept {[]} {[]}
","Administreringssätt","Administreringssätt","","","","","","","","","",,,,,"",,,,"SEEHDSLMMedicationHistory.medicationMedicalRecord.medicationMedicalRecordBody.medicationPrescription.drug.drug.routeOfAdministration",0,1,"",""
"SEEHDSLMMedicationHistory.medicationMedicalRecord.medicationMedicalRecordBody.medicationPrescription.drug.drug.pharmaceuticalForm","SEEHDSLMMedicationHistory.medicationMedicalRecord.medicationMedicalRecordBody.medicationPrescription.drug.drug.pharmaceuticalForm","","","",0,1,"","","","string {[]} {[]}
","Läkemedelsform (t.ex. Tablett)","Läkemedelsform (t.ex. Tablett)","","","","","","","","","",,,,,"",,,,"SEEHDSLMMedicationHistory.medicationMedicalRecord.medicationMedicalRecordBody.medicationPrescription.drug.drug.pharmaceuticalForm",0,1,"",""
"SEEHDSLMMedicationHistory.medicationMedicalRecord.medicationMedicalRecordBody.medicationPrescription.drug.drug.strength","SEEHDSLMMedicationHistory.medicationMedicalRecord.medicationMedicalRecordBody.medicationPrescription.drug.drug.strength","","","",0,1,"","","","decimal {[]} {[]}
","Styrka (t.ex. 20.0)","Styrka (t.ex. 20.0)","","","","","","","","","",,,,,"",,,,"SEEHDSLMMedicationHistory.medicationMedicalRecord.medicationMedicalRecordBody.medicationPrescription.drug.drug.strength",0,1,"",""
"SEEHDSLMMedicationHistory.medicationMedicalRecord.medicationMedicalRecordBody.medicationPrescription.drug.drug.strengthUnit","SEEHDSLMMedicationHistory.medicationMedicalRecord.medicationMedicalRecordBody.medicationPrescription.drug.drug.strengthUnit","","","",0,1,"","","","string {[]} {[]}
","Enhet på styrka (t.ex. mg)","Enhet på styrka (t.ex. mg)","","","","","","","","","",,,,,"",,,,"SEEHDSLMMedicationHistory.medicationMedicalRecord.medicationMedicalRecordBody.medicationPrescription.drug.drug.strengthUnit",0,1,"",""
"SEEHDSLMMedicationHistory.medicationMedicalRecord.medicationMedicalRecordBody.medicationPrescription.drug.generics","SEEHDSLMMedicationHistory.medicationMedicalRecord.medicationMedicalRecordBody.medicationPrescription.drug.generics","","","",0,1,"","","","BackboneElement {[]} {[]}
","Generiskt läkemedelsval","Generiskt läkemedelsval","","","","","","","","","",,,,,"",,,,"SEEHDSLMMedicationHistory.medicationMedicalRecord.medicationMedicalRecordBody.medicationPrescription.drug.generics",0,1,"","ele-1:All FHIR elements must have a @value or children {hasValue() or (children().count() > id.count())}
"
"SEEHDSLMMedicationHistory.medicationMedicalRecord.medicationMedicalRecordBody.medicationPrescription.drug.generics.id","SEEHDSLMMedicationHistory.medicationMedicalRecord.medicationMedicalRecordBody.medicationPrescription.drug.generics.id","","","",0,1,"","","","string {[]} {[]}
","Unique id for inter-element referencing","Unique id for the element within a resource (for internal references). This may be any string value that does not contain spaces.","","","","","","","","","",,,,,"",,,,"Element.id",0,1,"",""
"SEEHDSLMMedicationHistory.medicationMedicalRecord.medicationMedicalRecordBody.medicationPrescription.drug.generics.extension","SEEHDSLMMedicationHistory.medicationMedicalRecord.medicationMedicalRecordBody.medicationPrescription.drug.generics.extension","","extensions
user content","",0,*,"","","","Extension {[]} {[]}
","Additional content defined by implementations","May be used to represent additional information that is not part of the basic definition of the element. To make the use of extensions safe and manageable, there is a strict set of governance  applied to the definition and use of extensions. Though any implementer can define an extension, there is a set of requirements that SHALL be met as part of the definition of the extension.","There can be no stigma associated with the use of extensions by any application, project, or standard - regardless of the institution or jurisdiction that uses or defines the extensions.  The use of extensions is what allows the FHIR specification to retain a core level of simplicity for everyone.","","","","","","","","",,,,,"","value:url}
","Extensions are always sliced by (at least) url",,"open","Element.extension",0,*,"","ele-1:All FHIR elements must have a @value or children {hasValue() or (children().count() > id.count())}
ext-1:Must have either extensions or value[x], not both {extension.exists() != value.exists()}"
"SEEHDSLMMedicationHistory.medicationMedicalRecord.medicationMedicalRecordBody.medicationPrescription.drug.generics.modifierExtension","SEEHDSLMMedicationHistory.medicationMedicalRecord.medicationMedicalRecordBody.medicationPrescription.drug.generics.modifierExtension","","extensions
user contentmodifiers","",0,*,"","Y","Y","Extension {[]} {[]}
","Extensions that cannot be ignored even if unrecognized","May be used to represent additional information that is not part of the basic definition of the element and that modifies the understanding of the element in which it is contained and/or the understanding of the containing element's descendants. Usually modifier elements provide negation or qualification. To make the use of extensions safe and manageable, there is a strict set of governance applied to the definition and use of extensions. Though any implementer can define an extension, there is a set of requirements that SHALL be met as part of the definition of the extension. Applications processing a resource are required to check for modifier extensions.

Modifier extensions SHALL NOT change the meaning of any elements on Resource or DomainResource (including cannot change the meaning of modifierExtension itself).","There can be no stigma associated with the use of extensions by any application, project, or standard - regardless of the institution or jurisdiction that uses or defines the extensions.  The use of extensions is what allows the FHIR specification to retain a core level of simplicity for everyone.","Modifier extensions allow for extensions that *cannot* be safely ignored to be clearly distinguished from the vast majority of extensions which can be safely ignored.  This promotes interoperability by eliminating the need for implementers to prohibit the presence of extensions. For further information, see the [definition of modifier extensions](http://hl7.org/fhir/R4/extensibility.html#modifierExtension).","","","","","","","",,,,,"",,,,"BackboneElement.modifierExtension",0,*,"","ele-1:All FHIR elements must have a @value or children {hasValue() or (children().count() > id.count())}
ext-1:Must have either extensions or value[x], not both {extension.exists() != value.exists()}"
"SEEHDSLMMedicationHistory.medicationMedicalRecord.medicationMedicalRecordBody.medicationPrescription.drug.generics.substance","SEEHDSLMMedicationHistory.medicationMedicalRecord.medicationMedicalRecordBody.medicationPrescription.drug.generics.substance","","","",0,1,"","","","string {[]} {[]}
","Substansgrupp","Substansgrupp","","","","","","","","","",,,,,"",,,,"SEEHDSLMMedicationHistory.medicationMedicalRecord.medicationMedicalRecordBody.medicationPrescription.drug.generics.substance",0,1,"",""
"SEEHDSLMMedicationHistory.medicationMedicalRecord.medicationMedicalRecordBody.medicationPrescription.drug.generics.strength","SEEHDSLMMedicationHistory.medicationMedicalRecord.medicationMedicalRecordBody.medicationPrescription.drug.generics.strength","","","",0,1,"","","","Quantity {[]} {[]}
","Önskad styrka","Önskad styrka","","","","","","","","","",,,,,"",,,,"SEEHDSLMMedicationHistory.medicationMedicalRecord.medicationMedicalRecordBody.medicationPrescription.drug.generics.strength",0,1,"",""
"SEEHDSLMMedicationHistory.medicationMedicalRecord.medicationMedicalRecordBody.medicationPrescription.drug.generics.form","SEEHDSLMMedicationHistory.medicationMedicalRecord.medicationMedicalRecordBody.medicationPrescription.drug.generics.form","","","",0,1,"","","","string {[]} {[]}
","Läkemedelsform","Läkemedelsform","","","","","","","","","",,,,,"",,,,"SEEHDSLMMedicationHistory.medicationMedicalRecord.medicationMedicalRecordBody.medicationPrescription.drug.generics.form",0,1,"",""
"SEEHDSLMMedicationHistory.medicationMedicalRecord.medicationMedicalRecordBody.medicationPrescription.dosage","SEEHDSLMMedicationHistory.medicationMedicalRecord.medicationMedicalRecordBody.medicationPrescription.dosage","","","",0,*,"","","","BackboneElement {[]} {[]}
","Dosering","Dosering","","","","","","","","","",,,,,"",,,,"SEEHDSLMMedicationHistory.medicationMedicalRecord.medicationMedicalRecordBody.medicationPrescription.dosage",0,*,"","ele-1:All FHIR elements must have a @value or children {hasValue() or (children().count() > id.count())}
"
"SEEHDSLMMedicationHistory.medicationMedicalRecord.medicationMedicalRecordBody.medicationPrescription.dosage.id","SEEHDSLMMedicationHistory.medicationMedicalRecord.medicationMedicalRecordBody.medicationPrescription.dosage.id","","","",0,1,"","","","string {[]} {[]}
","Unique id for inter-element referencing","Unique id for the element within a resource (for internal references). This may be any string value that does not contain spaces.","","","","","","","","","",,,,,"",,,,"Element.id",0,1,"",""
"SEEHDSLMMedicationHistory.medicationMedicalRecord.medicationMedicalRecordBody.medicationPrescription.dosage.extension","SEEHDSLMMedicationHistory.medicationMedicalRecord.medicationMedicalRecordBody.medicationPrescription.dosage.extension","","extensions
user content","",0,*,"","","","Extension {[]} {[]}
","Additional content defined by implementations","May be used to represent additional information that is not part of the basic definition of the element. To make the use of extensions safe and manageable, there is a strict set of governance  applied to the definition and use of extensions. Though any implementer can define an extension, there is a set of requirements that SHALL be met as part of the definition of the extension.","There can be no stigma associated with the use of extensions by any application, project, or standard - regardless of the institution or jurisdiction that uses or defines the extensions.  The use of extensions is what allows the FHIR specification to retain a core level of simplicity for everyone.","","","","","","","","",,,,,"","value:url}
","Extensions are always sliced by (at least) url",,"open","Element.extension",0,*,"","ele-1:All FHIR elements must have a @value or children {hasValue() or (children().count() > id.count())}
ext-1:Must have either extensions or value[x], not both {extension.exists() != value.exists()}"
"SEEHDSLMMedicationHistory.medicationMedicalRecord.medicationMedicalRecordBody.medicationPrescription.dosage.modifierExtension","SEEHDSLMMedicationHistory.medicationMedicalRecord.medicationMedicalRecordBody.medicationPrescription.dosage.modifierExtension","","extensions
user contentmodifiers","",0,*,"","Y","Y","Extension {[]} {[]}
","Extensions that cannot be ignored even if unrecognized","May be used to represent additional information that is not part of the basic definition of the element and that modifies the understanding of the element in which it is contained and/or the understanding of the containing element's descendants. Usually modifier elements provide negation or qualification. To make the use of extensions safe and manageable, there is a strict set of governance applied to the definition and use of extensions. Though any implementer can define an extension, there is a set of requirements that SHALL be met as part of the definition of the extension. Applications processing a resource are required to check for modifier extensions.

Modifier extensions SHALL NOT change the meaning of any elements on Resource or DomainResource (including cannot change the meaning of modifierExtension itself).","There can be no stigma associated with the use of extensions by any application, project, or standard - regardless of the institution or jurisdiction that uses or defines the extensions.  The use of extensions is what allows the FHIR specification to retain a core level of simplicity for everyone.","Modifier extensions allow for extensions that *cannot* be safely ignored to be clearly distinguished from the vast majority of extensions which can be safely ignored.  This promotes interoperability by eliminating the need for implementers to prohibit the presence of extensions. For further information, see the [definition of modifier extensions](http://hl7.org/fhir/R4/extensibility.html#modifierExtension).","","","","","","","",,,,,"",,,,"BackboneElement.modifierExtension",0,*,"","ele-1:All FHIR elements must have a @value or children {hasValue() or (children().count() > id.count())}
ext-1:Must have either extensions or value[x], not both {extension.exists() != value.exists()}"
"SEEHDSLMMedicationHistory.medicationMedicalRecord.medicationMedicalRecordBody.medicationPrescription.dosage.lengthOfTreatment","SEEHDSLMMedicationHistory.medicationMedicalRecord.medicationMedicalRecordBody.medicationPrescription.dosage.lengthOfTreatment","","","",0,1,"","","","BackboneElement {[]} {[]}
","Behandlingstid","Behandlingstid","","","","","","","","","",,,,,"",,,,"SEEHDSLMMedicationHistory.medicationMedicalRecord.medicationMedicalRecordBody.medicationPrescription.dosage.lengthOfTreatment",0,1,"","ele-1:All FHIR elements must have a @value or children {hasValue() or (children().count() > id.count())}
"
"SEEHDSLMMedicationHistory.medicationMedicalRecord.medicationMedicalRecordBody.medicationPrescription.dosage.lengthOfTreatment.id","SEEHDSLMMedicationHistory.medicationMedicalRecord.medicationMedicalRecordBody.medicationPrescription.dosage.lengthOfTreatment.id","","","",0,1,"","","","string {[]} {[]}
","Unique id for inter-element referencing","Unique id for the element within a resource (for internal references). This may be any string value that does not contain spaces.","","","","","","","","","",,,,,"",,,,"Element.id",0,1,"",""
"SEEHDSLMMedicationHistory.medicationMedicalRecord.medicationMedicalRecordBody.medicationPrescription.dosage.lengthOfTreatment.extension","SEEHDSLMMedicationHistory.medicationMedicalRecord.medicationMedicalRecordBody.medicationPrescription.dosage.lengthOfTreatment.extension","","extensions
user content","",0,*,"","","","Extension {[]} {[]}
","Additional content defined by implementations","May be used to represent additional information that is not part of the basic definition of the element. To make the use of extensions safe and manageable, there is a strict set of governance  applied to the definition and use of extensions. Though any implementer can define an extension, there is a set of requirements that SHALL be met as part of the definition of the extension.","There can be no stigma associated with the use of extensions by any application, project, or standard - regardless of the institution or jurisdiction that uses or defines the extensions.  The use of extensions is what allows the FHIR specification to retain a core level of simplicity for everyone.","","","","","","","","",,,,,"","value:url}
","Extensions are always sliced by (at least) url",,"open","Element.extension",0,*,"","ele-1:All FHIR elements must have a @value or children {hasValue() or (children().count() > id.count())}
ext-1:Must have either extensions or value[x], not both {extension.exists() != value.exists()}"
"SEEHDSLMMedicationHistory.medicationMedicalRecord.medicationMedicalRecordBody.medicationPrescription.dosage.lengthOfTreatment.modifierExtension","SEEHDSLMMedicationHistory.medicationMedicalRecord.medicationMedicalRecordBody.medicationPrescription.dosage.lengthOfTreatment.modifierExtension","","extensions
user contentmodifiers","",0,*,"","Y","Y","Extension {[]} {[]}
","Extensions that cannot be ignored even if unrecognized","May be used to represent additional information that is not part of the basic definition of the element and that modifies the understanding of the element in which it is contained and/or the understanding of the containing element's descendants. Usually modifier elements provide negation or qualification. To make the use of extensions safe and manageable, there is a strict set of governance applied to the definition and use of extensions. Though any implementer can define an extension, there is a set of requirements that SHALL be met as part of the definition of the extension. Applications processing a resource are required to check for modifier extensions.

Modifier extensions SHALL NOT change the meaning of any elements on Resource or DomainResource (including cannot change the meaning of modifierExtension itself).","There can be no stigma associated with the use of extensions by any application, project, or standard - regardless of the institution or jurisdiction that uses or defines the extensions.  The use of extensions is what allows the FHIR specification to retain a core level of simplicity for everyone.","Modifier extensions allow for extensions that *cannot* be safely ignored to be clearly distinguished from the vast majority of extensions which can be safely ignored.  This promotes interoperability by eliminating the need for implementers to prohibit the presence of extensions. For further information, see the [definition of modifier extensions](http://hl7.org/fhir/R4/extensibility.html#modifierExtension).","","","","","","","",,,,,"",,,,"BackboneElement.modifierExtension",0,*,"","ele-1:All FHIR elements must have a @value or children {hasValue() or (children().count() > id.count())}
ext-1:Must have either extensions or value[x], not both {extension.exists() != value.exists()}"
"SEEHDSLMMedicationHistory.medicationMedicalRecord.medicationMedicalRecordBody.medicationPrescription.dosage.lengthOfTreatment.treatmentInterval","SEEHDSLMMedicationHistory.medicationMedicalRecord.medicationMedicalRecordBody.medicationPrescription.dosage.lengthOfTreatment.treatmentInterval","","","",1,1,"","","","Range {[]} {[]}
","Tidsintervall för behandling (PQIntervalType)","Tidsintervall för behandling (PQIntervalType)","","","","","","","","","",,,,,"",,,,"SEEHDSLMMedicationHistory.medicationMedicalRecord.medicationMedicalRecordBody.medicationPrescription.dosage.lengthOfTreatment.treatmentInterval",1,1,"",""
"SEEHDSLMMedicationHistory.medicationMedicalRecord.medicationMedicalRecordBody.medicationPrescription.dosage.lengthOfTreatment.isMaximumTreatmentTime","SEEHDSLMMedicationHistory.medicationMedicalRecord.medicationMedicalRecordBody.medicationPrescription.dosage.lengthOfTreatment.isMaximumTreatmentTime","","","",1,1,"","","","boolean {[]} {[]}
","Om true: maximalt tillåten tid","Om true: maximalt tillåten tid","","","","","","","","","",,,,,"",,,,"SEEHDSLMMedicationHistory.medicationMedicalRecord.medicationMedicalRecordBody.medicationPrescription.dosage.lengthOfTreatment.isMaximumTreatmentTime",1,1,"",""
"SEEHDSLMMedicationHistory.medicationMedicalRecord.medicationMedicalRecordBody.medicationPrescription.dosage.dosageInstruction","SEEHDSLMMedicationHistory.medicationMedicalRecord.medicationMedicalRecordBody.medicationPrescription.dosage.dosageInstruction","","","",1,1,"","","","string {[]} {[]}
","Doseringsanvisning","Doseringsanvisning","","","","","","","","","",,,,,"",,,,"SEEHDSLMMedicationHistory.medicationMedicalRecord.medicationMedicalRecordBody.medicationPrescription.dosage.dosageInstruction",1,1,"",""
"SEEHDSLMMedicationHistory.medicationMedicalRecord.medicationMedicalRecordBody.medicationPrescription.dosage.unitDose","SEEHDSLMMedicationHistory.medicationMedicalRecord.medicationMedicalRecordBody.medicationPrescription.dosage.unitDose","","","",0,1,"","","","CodeableConcept {[]} {[]}
","Doseringsenhet","Doseringsenhet","","","","","","","","","",,,,,"",,,,"SEEHDSLMMedicationHistory.medicationMedicalRecord.medicationMedicalRecordBody.medicationPrescription.dosage.unitDose",0,1,"",""
"SEEHDSLMMedicationHistory.medicationMedicalRecord.medicationMedicalRecordBody.medicationPrescription.dosage.shortNotation","SEEHDSLMMedicationHistory.medicationMedicalRecord.medicationMedicalRecordBody.medicationPrescription.dosage.shortNotation","","","",0,1,"","","","string {[]} {[]}
","Kortnotation, t.ex. '1x2'","Kortnotation, t.ex. '1x2'","","","","","","","","","",,,,,"",,,,"SEEHDSLMMedicationHistory.medicationMedicalRecord.medicationMedicalRecordBody.medicationPrescription.dosage.shortNotation",0,1,"",""
"SEEHDSLMMedicationHistory.medicationMedicalRecord.medicationMedicalRecordBody.medicationPrescription.dosage.setDosage","SEEHDSLMMedicationHistory.medicationMedicalRecord.medicationMedicalRecordBody.medicationPrescription.dosage.setDosage","","","",0,1,"","","","BackboneElement {[]} {[]}
","Fastdosering","Dosering där ordinatören har bestämt mängd och periodicitet.","","","","","","","","","",,,,,"",,,,"SEEHDSLMMedicationHistory.medicationMedicalRecord.medicationMedicalRecordBody.medicationPrescription.dosage.setDosage",0,1,"",""
"SEEHDSLMMedicationHistory.medicationMedicalRecord.medicationMedicalRecordBody.medicationPrescription.dosage.maximumDosage","SEEHDSLMMedicationHistory.medicationMedicalRecord.medicationMedicalRecordBody.medicationPrescription.dosage.maximumDosage","","","",0,1,"","","","BackboneElement {[]} {[]}
","Maxdosering","Den högsta tillåtna mängden under en viss period.","","","","","","","","","",,,,,"",,,,"SEEHDSLMMedicationHistory.medicationMedicalRecord.medicationMedicalRecordBody.medicationPrescription.dosage.maximumDosage",0,1,"",""
"SEEHDSLMMedicationHistory.medicationMedicalRecord.medicationMedicalRecordBody.medicationPrescription.dosage.conditionalDosage","SEEHDSLMMedicationHistory.medicationMedicalRecord.medicationMedicalRecordBody.medicationPrescription.dosage.conditionalDosage","","","",0,1,"","","","BackboneElement {[]} {[]}
","Villkorsdosering","Ordinerad mängd och periodicitet som gäller om ett visst villkor är uppfyllt.","","","","","","","","","",,,,,"",,,,"SEEHDSLMMedicationHistory.medicationMedicalRecord.medicationMedicalRecordBody.medicationPrescription.dosage.conditionalDosage",0,1,"","ele-1:All FHIR elements must have a @value or children {hasValue() or (children().count() > id.count())}
"
"SEEHDSLMMedicationHistory.medicationMedicalRecord.medicationMedicalRecordBody.medicationPrescription.dosage.conditionalDosage.id","SEEHDSLMMedicationHistory.medicationMedicalRecord.medicationMedicalRecordBody.medicationPrescription.dosage.conditionalDosage.id","","","",0,1,"","","","string {[]} {[]}
","Unique id for inter-element referencing","Unique id for the element within a resource (for internal references). This may be any string value that does not contain spaces.","","","","","","","","","",,,,,"",,,,"Element.id",0,1,"",""
"SEEHDSLMMedicationHistory.medicationMedicalRecord.medicationMedicalRecordBody.medicationPrescription.dosage.conditionalDosage.extension","SEEHDSLMMedicationHistory.medicationMedicalRecord.medicationMedicalRecordBody.medicationPrescription.dosage.conditionalDosage.extension","","extensions
user content","",0,*,"","","","Extension {[]} {[]}
","Additional content defined by implementations","May be used to represent additional information that is not part of the basic definition of the element. To make the use of extensions safe and manageable, there is a strict set of governance  applied to the definition and use of extensions. Though any implementer can define an extension, there is a set of requirements that SHALL be met as part of the definition of the extension.","There can be no stigma associated with the use of extensions by any application, project, or standard - regardless of the institution or jurisdiction that uses or defines the extensions.  The use of extensions is what allows the FHIR specification to retain a core level of simplicity for everyone.","","","","","","","","",,,,,"","value:url}
","Extensions are always sliced by (at least) url",,"open","Element.extension",0,*,"","ele-1:All FHIR elements must have a @value or children {hasValue() or (children().count() > id.count())}
ext-1:Must have either extensions or value[x], not both {extension.exists() != value.exists()}"
"SEEHDSLMMedicationHistory.medicationMedicalRecord.medicationMedicalRecordBody.medicationPrescription.dosage.conditionalDosage.modifierExtension","SEEHDSLMMedicationHistory.medicationMedicalRecord.medicationMedicalRecordBody.medicationPrescription.dosage.conditionalDosage.modifierExtension","","extensions
user contentmodifiers","",0,*,"","Y","Y","Extension {[]} {[]}
","Extensions that cannot be ignored even if unrecognized","May be used to represent additional information that is not part of the basic definition of the element and that modifies the understanding of the element in which it is contained and/or the understanding of the containing element's descendants. Usually modifier elements provide negation or qualification. To make the use of extensions safe and manageable, there is a strict set of governance applied to the definition and use of extensions. Though any implementer can define an extension, there is a set of requirements that SHALL be met as part of the definition of the extension. Applications processing a resource are required to check for modifier extensions.

Modifier extensions SHALL NOT change the meaning of any elements on Resource or DomainResource (including cannot change the meaning of modifierExtension itself).","There can be no stigma associated with the use of extensions by any application, project, or standard - regardless of the institution or jurisdiction that uses or defines the extensions.  The use of extensions is what allows the FHIR specification to retain a core level of simplicity for everyone.","Modifier extensions allow for extensions that *cannot* be safely ignored to be clearly distinguished from the vast majority of extensions which can be safely ignored.  This promotes interoperability by eliminating the need for implementers to prohibit the presence of extensions. For further information, see the [definition of modifier extensions](http://hl7.org/fhir/R4/extensibility.html#modifierExtension).","","","","","","","",,,,,"",,,,"BackboneElement.modifierExtension",0,*,"","ele-1:All FHIR elements must have a @value or children {hasValue() or (children().count() > id.count())}
ext-1:Must have either extensions or value[x], not both {extension.exists() != value.exists()}"
"SEEHDSLMMedicationHistory.medicationMedicalRecord.medicationMedicalRecordBody.medicationPrescription.dosage.conditionalDosage.conditionDescription","SEEHDSLMMedicationHistory.medicationMedicalRecord.medicationMedicalRecordBody.medicationPrescription.dosage.conditionalDosage.conditionDescription","","","",0,1,"","","","string {[]} {[]}
","Villkorstext","Villkorstext","","","","","","","","","",,,,,"",,,,"SEEHDSLMMedicationHistory.medicationMedicalRecord.medicationMedicalRecordBody.medicationPrescription.dosage.conditionalDosage.conditionDescription",0,1,"",""
"SEEHDSLMMedicationHistory.medicationMedicalRecord.medicationMedicalRecordBody.medicationPrescription.dispensationAuthorization","SEEHDSLMMedicationHistory.medicationMedicalRecord.medicationMedicalRecordBody.medicationPrescription.dispensationAuthorization","","","",0,1,"","","","BackboneElement {[]} {[]}
","Förskrivning","Se XSD DispensationAuthorizationType för fullständig struktur.
Nyckelfält: dispensationAuthorizationId (1..1), dispensationAuthorizer (1..1,
careUnitHSAId/careGiverHSAId=0..0), prescriptionSignatura (1..1),
drug (0..1 XOR: unstructured/merchandise/drugArticle/drug/generics, samma mönster som ordination),
totalAmount/packageUnit (båda eller ingetdera — Regel 1.8), validUntil (0..1),
nonReplaceable (0..1, enum Prescriber/Patient).","","","","","","","","","",,,,,"",,,,"SEEHDSLMMedicationHistory.medicationMedicalRecord.medicationMedicalRecordBody.medicationPrescription.dispensationAuthorization",0,1,"",""
"SEEHDSLMMedicationHistory.medicationMedicalRecord.medicationMedicalRecordBody.medicationPrescription.administration","SEEHDSLMMedicationHistory.medicationMedicalRecord.medicationMedicalRecordBody.medicationPrescription.administration","","","",0,*,"","","","BackboneElement {[]} {[]}
","Information om administrering av läkemedel","Bara administreringstillfällen som faktiskt ägt rum kan anges.
Se XSD AdministrationType för fullständig struktur.
Nyckelfält: administrationId (1..1), administrationTime (1..1, start/end —
minst ett av start/end — Regel 1.8), administeringHealthcareProfessional (1..1,
careUnitHSAId/careGiverHSAId=0..0), routeOfAdministration (0..1),
drug (0..1 XOR), administrationComment (0..1).","","","","","","","","","",,,,,"",,,,"SEEHDSLMMedicationHistory.medicationMedicalRecord.medicationMedicalRecordBody.medicationPrescription.administration",0,*,"",""
"SEEHDSLMMedicationHistory.medicationMedicalRecord.medicationMedicalRecordBody.medicationPrescription.relation","SEEHDSLMMedicationHistory.medicationMedicalRecord.medicationMedicalRecordBody.medicationPrescription.relation","","","",0,*,"","","","BackboneElement {[]} {[]}
","Sambandsklass","Alla meddelandeposter som i ordinationen pekas ut med samma relationstyp.
Se XSD RelationType för fullständig struktur.
Nyckelfält: code (1..1 CVType), referredInformation (1..*:
id/IIType 1..1, type/CVType 1..1 originalText 'caa-ga'/'chb-go',
informationOwner/InformationOwnerType 1..1).","","","","","","","","","",,,,,"",,,,"SEEHDSLMMedicationHistory.medicationMedicalRecord.medicationMedicalRecordBody.medicationPrescription.relation",0,*,"",""
"SEEHDSLMMedicationHistory.medicationMedicalRecord.medicationMedicalRecordBody.additionalPatientInformation","SEEHDSLMMedicationHistory.medicationMedicalRecord.medicationMedicalRecordBody.additionalPatientInformation","","","",0,1,"","","","BackboneElement {[]} {[]}
","Ytterligare patientinformation","Ytterligare patientinformation","","","","","","","","","",,,,,"",,,,"SEEHDSLMMedicationHistory.medicationMedicalRecord.medicationMedicalRecordBody.additionalPatientInformation",0,1,"","ele-1:All FHIR elements must have a @value or children {hasValue() or (children().count() > id.count())}
"
"SEEHDSLMMedicationHistory.medicationMedicalRecord.medicationMedicalRecordBody.additionalPatientInformation.id","SEEHDSLMMedicationHistory.medicationMedicalRecord.medicationMedicalRecordBody.additionalPatientInformation.id","","","",0,1,"","","","string {[]} {[]}
","Unique id for inter-element referencing","Unique id for the element within a resource (for internal references). This may be any string value that does not contain spaces.","","","","","","","","","",,,,,"",,,,"Element.id",0,1,"",""
"SEEHDSLMMedicationHistory.medicationMedicalRecord.medicationMedicalRecordBody.additionalPatientInformation.extension","SEEHDSLMMedicationHistory.medicationMedicalRecord.medicationMedicalRecordBody.additionalPatientInformation.extension","","extensions
user content","",0,*,"","","","Extension {[]} {[]}
","Additional content defined by implementations","May be used to represent additional information that is not part of the basic definition of the element. To make the use of extensions safe and manageable, there is a strict set of governance  applied to the definition and use of extensions. Though any implementer can define an extension, there is a set of requirements that SHALL be met as part of the definition of the extension.","There can be no stigma associated with the use of extensions by any application, project, or standard - regardless of the institution or jurisdiction that uses or defines the extensions.  The use of extensions is what allows the FHIR specification to retain a core level of simplicity for everyone.","","","","","","","","",,,,,"","value:url}
","Extensions are always sliced by (at least) url",,"open","Element.extension",0,*,"","ele-1:All FHIR elements must have a @value or children {hasValue() or (children().count() > id.count())}
ext-1:Must have either extensions or value[x], not both {extension.exists() != value.exists()}"
"SEEHDSLMMedicationHistory.medicationMedicalRecord.medicationMedicalRecordBody.additionalPatientInformation.modifierExtension","SEEHDSLMMedicationHistory.medicationMedicalRecord.medicationMedicalRecordBody.additionalPatientInformation.modifierExtension","","extensions
user contentmodifiers","",0,*,"","Y","Y","Extension {[]} {[]}
","Extensions that cannot be ignored even if unrecognized","May be used to represent additional information that is not part of the basic definition of the element and that modifies the understanding of the element in which it is contained and/or the understanding of the containing element's descendants. Usually modifier elements provide negation or qualification. To make the use of extensions safe and manageable, there is a strict set of governance applied to the definition and use of extensions. Though any implementer can define an extension, there is a set of requirements that SHALL be met as part of the definition of the extension. Applications processing a resource are required to check for modifier extensions.

Modifier extensions SHALL NOT change the meaning of any elements on Resource or DomainResource (including cannot change the meaning of modifierExtension itself).","There can be no stigma associated with the use of extensions by any application, project, or standard - regardless of the institution or jurisdiction that uses or defines the extensions.  The use of extensions is what allows the FHIR specification to retain a core level of simplicity for everyone.","Modifier extensions allow for extensions that *cannot* be safely ignored to be clearly distinguished from the vast majority of extensions which can be safely ignored.  This promotes interoperability by eliminating the need for implementers to prohibit the presence of extensions. For further information, see the [definition of modifier extensions](http://hl7.org/fhir/R4/extensibility.html#modifierExtension).","","","","","","","",,,,,"",,,,"BackboneElement.modifierExtension",0,*,"","ele-1:All FHIR elements must have a @value or children {hasValue() or (children().count() > id.count())}
ext-1:Must have either extensions or value[x], not both {extension.exists() != value.exists()}"
"SEEHDSLMMedicationHistory.medicationMedicalRecord.medicationMedicalRecordBody.additionalPatientInformation.dateOfBirth","SEEHDSLMMedicationHistory.medicationMedicalRecord.medicationMedicalRecordBody.additionalPatientInformation.dateOfBirth","","","",1,1,"","","","date {[]} {[]}
","Patientens födelsedatum","Patientens födelsedatum","","","","","","","","","",,,,,"",,,,"SEEHDSLMMedicationHistory.medicationMedicalRecord.medicationMedicalRecordBody.additionalPatientInformation.dateOfBirth",1,1,"",""
"SEEHDSLMMedicationHistory.medicationMedicalRecord.medicationMedicalRecordBody.additionalPatientInformation.gender","SEEHDSLMMedicationHistory.medicationMedicalRecord.medicationMedicalRecordBody.additionalPatientInformation.gender","","","",0,1,"","","","CodeableConcept {[]} {[]}
","Patientens kön. KV Kön (OID 1.2.752.129.2.2.1.1) bör användas. CVType-begränsning (Regel 1.6): originalText är förbjudet (0..0) för könsfältet — code, codeSystem och displayName ska anges.","Patientens kön. KV Kön (OID 1.2.752.129.2.2.1.1) bör användas. CVType-begränsning (Regel 1.6): originalText är förbjudet (0..0) för könsfältet — code, codeSystem och displayName ska anges.","","","","","","","","","",,,,,"",,,,"SEEHDSLMMedicationHistory.medicationMedicalRecord.medicationMedicalRecordBody.additionalPatientInformation.gender",0,1,"",""
"SEEHDSLMMedicationHistory.result","SEEHDSLMMedicationHistory.result","","","",1,1,"","","","BackboneElement {[]} {[]}
","Svarsstatus","Svarsstatus","","","","","","","","","",,,,,"",,,,"SEEHDSLMMedicationHistory.result",1,1,"","ele-1:All FHIR elements must have a @value or children {hasValue() or (children().count() > id.count())}
"
"SEEHDSLMMedicationHistory.result.id","SEEHDSLMMedicationHistory.result.id","","","",0,1,"","","","string {[]} {[]}
","Unique id for inter-element referencing","Unique id for the element within a resource (for internal references). This may be any string value that does not contain spaces.","","","","","","","","","",,,,,"",,,,"Element.id",0,1,"",""
"SEEHDSLMMedicationHistory.result.extension","SEEHDSLMMedicationHistory.result.extension","","extensions
user content","",0,*,"","","","Extension {[]} {[]}
","Additional content defined by implementations","May be used to represent additional information that is not part of the basic definition of the element. To make the use of extensions safe and manageable, there is a strict set of governance  applied to the definition and use of extensions. Though any implementer can define an extension, there is a set of requirements that SHALL be met as part of the definition of the extension.","There can be no stigma associated with the use of extensions by any application, project, or standard - regardless of the institution or jurisdiction that uses or defines the extensions.  The use of extensions is what allows the FHIR specification to retain a core level of simplicity for everyone.","","","","","","","","",,,,,"","value:url}
","Extensions are always sliced by (at least) url",,"open","Element.extension",0,*,"","ele-1:All FHIR elements must have a @value or children {hasValue() or (children().count() > id.count())}
ext-1:Must have either extensions or value[x], not both {extension.exists() != value.exists()}"
"SEEHDSLMMedicationHistory.result.modifierExtension","SEEHDSLMMedicationHistory.result.modifierExtension","","extensions
user contentmodifiers","",0,*,"","Y","Y","Extension {[]} {[]}
","Extensions that cannot be ignored even if unrecognized","May be used to represent additional information that is not part of the basic definition of the element and that modifies the understanding of the element in which it is contained and/or the understanding of the containing element's descendants. Usually modifier elements provide negation or qualification. To make the use of extensions safe and manageable, there is a strict set of governance applied to the definition and use of extensions. Though any implementer can define an extension, there is a set of requirements that SHALL be met as part of the definition of the extension. Applications processing a resource are required to check for modifier extensions.

Modifier extensions SHALL NOT change the meaning of any elements on Resource or DomainResource (including cannot change the meaning of modifierExtension itself).","There can be no stigma associated with the use of extensions by any application, project, or standard - regardless of the institution or jurisdiction that uses or defines the extensions.  The use of extensions is what allows the FHIR specification to retain a core level of simplicity for everyone.","Modifier extensions allow for extensions that *cannot* be safely ignored to be clearly distinguished from the vast majority of extensions which can be safely ignored.  This promotes interoperability by eliminating the need for implementers to prohibit the presence of extensions. For further information, see the [definition of modifier extensions](http://hl7.org/fhir/R4/extensibility.html#modifierExtension).","","","","","","","",,,,,"",,,,"BackboneElement.modifierExtension",0,*,"","ele-1:All FHIR elements must have a @value or children {hasValue() or (children().count() > id.count())}
ext-1:Must have either extensions or value[x], not both {extension.exists() != value.exists()}"
"SEEHDSLMMedicationHistory.result.resultCode","SEEHDSLMMedicationHistory.result.resultCode","","","",1,1,"","","","code {[]} {[]}
","OK, INFO eller ERROR","OK, INFO eller ERROR","","","","","","","","","",,"required","","https://fhir.inera.se/ig/ehds-tk/ValueSet/resultcode-vs","",,,,"SEEHDSLMMedicationHistory.result.resultCode",1,1,"",""
"SEEHDSLMMedicationHistory.result.errorCode","SEEHDSLMMedicationHistory.result.errorCode","","","",0,1,"","","","code {[]} {[]}
","Sätts om resultCode är ERROR","Sätts om resultCode är ERROR","","","","","","","","","",,"required","","https://fhir.inera.se/ig/ehds-tk/ValueSet/errorcode-vs","",,,,"SEEHDSLMMedicationHistory.result.errorCode",0,1,"",""
"SEEHDSLMMedicationHistory.result.subcode","SEEHDSLMMedicationHistory.result.subcode","","","",0,1,"","","","string {[]} {[]}
","Inga subkoder specificerade","Inga subkoder specificerade","","","","","","","","","",,,,,"",,,,"SEEHDSLMMedicationHistory.result.subcode",0,1,"",""
"SEEHDSLMMedicationHistory.result.logId","SEEHDSLMMedicationHistory.result.logId","","","",1,1,"","","","string {[]} {[]}
","UUID för felsökning hos producent","UUID för felsökning hos producent","","","","","","","","","",,,,,"",,,,"SEEHDSLMMedicationHistory.result.logId",1,1,"",""
"SEEHDSLMMedicationHistory.result.message","SEEHDSLMMedicationHistory.result.message","","","",0,1,"","","","string {[]} {[]}
","Beskrivande text för användaren","Beskrivande text för användaren","","","","","","","","","",,,,,"",,,,"SEEHDSLMMedicationHistory.result.message",0,1,"",""
