"Id","Path","Slice Name","Alias(s)","Label","Min","Max","Must Support?","Is Modifier?","Is Summary?","Type(s)","Short","Definition","Comments","Requirements","Default Value","Meaning When Missing","Fixed Value","Pattern","Example","Minimum Value","Maximum Value","Maximum Length","Binding Strength","Binding Description","Binding Value Set","Code","Slicing Discriminator","Slicing Description","Slicing Ordered","Slicing Rules","Base Path","Base Min","Base Max","Condition(s)","Constraint(s)"
"SEEHDSLMLaboratoryOrderOutcome","SEEHDSLMLaboratoryOrderOutcome","","","",0,*,"","","","null {[]} {[]}
","GetLaboratoryOrderOutcome","Logisk modell för tjänstekontraktet GetLaboratoryOrderOutcome
(RIV-TA urn:riv:clinicalprocess:healthcond:actoutcome:GetLaboratoryOrderOutcome:4).
Representerar responsens informationsstruktur — multidisciplinära laboratoriesvar
för en patient.","","","","","","","","","",,,,,"",,,,"Base",0,*,"",""
"SEEHDSLMLaboratoryOrderOutcome.laboratoryOrderOutcome","SEEHDSLMLaboratoryOrderOutcome.laboratoryOrderOutcome","","","",0,*,"","","","BackboneElement {[]} {[]}
","Laboratoriesvar (ett per beställning)","En labbeställning med tillhörande svar. Kardinalitet: Valfri, lista.","","","","","","","","","",,,,,"",,,,"SEEHDSLMLaboratoryOrderOutcome.laboratoryOrderOutcome",0,*,"","ele-1:All FHIR elements must have a @value or children {hasValue() or (children().count() > id.count())}
"
"SEEHDSLMLaboratoryOrderOutcome.laboratoryOrderOutcome.id","SEEHDSLMLaboratoryOrderOutcome.laboratoryOrderOutcome.id","","","",0,1,"","","","string {[]} {[]}
","Unique id for inter-element referencing","Unique id for the element within a resource (for internal references). This may be any string value that does not contain spaces.","","","","","","","","","",,,,,"",,,,"Element.id",0,1,"",""
"SEEHDSLMLaboratoryOrderOutcome.laboratoryOrderOutcome.extension","SEEHDSLMLaboratoryOrderOutcome.laboratoryOrderOutcome.extension","","extensions
user content","",0,*,"","","","Extension {[]} {[]}
","Additional content defined by implementations","May be used to represent additional information that is not part of the basic definition of the element. To make the use of extensions safe and manageable, there is a strict set of governance  applied to the definition and use of extensions. Though any implementer can define an extension, there is a set of requirements that SHALL be met as part of the definition of the extension.","There can be no stigma associated with the use of extensions by any application, project, or standard - regardless of the institution or jurisdiction that uses or defines the extensions.  The use of extensions is what allows the FHIR specification to retain a core level of simplicity for everyone.","","","","","","","","",,,,,"","value:url}
","Extensions are always sliced by (at least) url",,"open","Element.extension",0,*,"","ele-1:All FHIR elements must have a @value or children {hasValue() or (children().count() > id.count())}
ext-1:Must have either extensions or value[x], not both {extension.exists() != value.exists()}"
"SEEHDSLMLaboratoryOrderOutcome.laboratoryOrderOutcome.modifierExtension","SEEHDSLMLaboratoryOrderOutcome.laboratoryOrderOutcome.modifierExtension","","extensions
user contentmodifiers","",0,*,"","Y","Y","Extension {[]} {[]}
","Extensions that cannot be ignored even if unrecognized","May be used to represent additional information that is not part of the basic definition of the element and that modifies the understanding of the element in which it is contained and/or the understanding of the containing element's descendants. Usually modifier elements provide negation or qualification. To make the use of extensions safe and manageable, there is a strict set of governance applied to the definition and use of extensions. Though any implementer can define an extension, there is a set of requirements that SHALL be met as part of the definition of the extension. Applications processing a resource are required to check for modifier extensions.

Modifier extensions SHALL NOT change the meaning of any elements on Resource or DomainResource (including cannot change the meaning of modifierExtension itself).","There can be no stigma associated with the use of extensions by any application, project, or standard - regardless of the institution or jurisdiction that uses or defines the extensions.  The use of extensions is what allows the FHIR specification to retain a core level of simplicity for everyone.","Modifier extensions allow for extensions that *cannot* be safely ignored to be clearly distinguished from the vast majority of extensions which can be safely ignored.  This promotes interoperability by eliminating the need for implementers to prohibit the presence of extensions. For further information, see the [definition of modifier extensions](http://hl7.org/fhir/R4/extensibility.html#modifierExtension).","","","","","","","",,,,,"",,,,"BackboneElement.modifierExtension",0,*,"","ele-1:All FHIR elements must have a @value or children {hasValue() or (children().count() > id.count())}
ext-1:Must have either extensions or value[x], not both {extension.exists() != value.exists()}"
"SEEHDSLMLaboratoryOrderOutcome.laboratoryOrderOutcome.header","SEEHDSLMLaboratoryOrderOutcome.laboratoryOrderOutcome.header","","","",1,1,"","","","BackboneElement {[]} {[]}
","Header med åtkomstkontroll och metadata","Innehåller information som är gemensam för uppgifter i patientjournalen som tillgängliggörs, exempelvis information om vilken hälso- och sjukvårdspersonal som är angiven som författare av en uppgift samt information om signering.","","","","","","","","","",,,,,"",,,,"SEEHDSLMLaboratoryOrderOutcome.laboratoryOrderOutcome.header",1,1,"","ele-1:All FHIR elements must have a @value or children {hasValue() or (children().count() > id.count())}
"
"SEEHDSLMLaboratoryOrderOutcome.laboratoryOrderOutcome.header.id","SEEHDSLMLaboratoryOrderOutcome.laboratoryOrderOutcome.header.id","","","",0,1,"","","","string {[]} {[]}
","Unique id for inter-element referencing","Unique id for the element within a resource (for internal references). This may be any string value that does not contain spaces.","","","","","","","","","",,,,,"",,,,"Element.id",0,1,"",""
"SEEHDSLMLaboratoryOrderOutcome.laboratoryOrderOutcome.header.extension","SEEHDSLMLaboratoryOrderOutcome.laboratoryOrderOutcome.header.extension","","extensions
user content","",0,*,"","","","Extension {[]} {[]}
","Additional content defined by implementations","May be used to represent additional information that is not part of the basic definition of the element. To make the use of extensions safe and manageable, there is a strict set of governance  applied to the definition and use of extensions. Though any implementer can define an extension, there is a set of requirements that SHALL be met as part of the definition of the extension.","There can be no stigma associated with the use of extensions by any application, project, or standard - regardless of the institution or jurisdiction that uses or defines the extensions.  The use of extensions is what allows the FHIR specification to retain a core level of simplicity for everyone.","","","","","","","","",,,,,"","value:url}
","Extensions are always sliced by (at least) url",,"open","Element.extension",0,*,"","ele-1:All FHIR elements must have a @value or children {hasValue() or (children().count() > id.count())}
ext-1:Must have either extensions or value[x], not both {extension.exists() != value.exists()}"
"SEEHDSLMLaboratoryOrderOutcome.laboratoryOrderOutcome.header.modifierExtension","SEEHDSLMLaboratoryOrderOutcome.laboratoryOrderOutcome.header.modifierExtension","","extensions
user contentmodifiers","",0,*,"","Y","Y","Extension {[]} {[]}
","Extensions that cannot be ignored even if unrecognized","May be used to represent additional information that is not part of the basic definition of the element and that modifies the understanding of the element in which it is contained and/or the understanding of the containing element's descendants. Usually modifier elements provide negation or qualification. To make the use of extensions safe and manageable, there is a strict set of governance applied to the definition and use of extensions. Though any implementer can define an extension, there is a set of requirements that SHALL be met as part of the definition of the extension. Applications processing a resource are required to check for modifier extensions.

Modifier extensions SHALL NOT change the meaning of any elements on Resource or DomainResource (including cannot change the meaning of modifierExtension itself).","There can be no stigma associated with the use of extensions by any application, project, or standard - regardless of the institution or jurisdiction that uses or defines the extensions.  The use of extensions is what allows the FHIR specification to retain a core level of simplicity for everyone.","Modifier extensions allow for extensions that *cannot* be safely ignored to be clearly distinguished from the vast majority of extensions which can be safely ignored.  This promotes interoperability by eliminating the need for implementers to prohibit the presence of extensions. For further information, see the [definition of modifier extensions](http://hl7.org/fhir/R4/extensibility.html#modifierExtension).","","","","","","","",,,,,"",,,,"BackboneElement.modifierExtension",0,*,"","ele-1:All FHIR elements must have a @value or children {hasValue() or (children().count() > id.count())}
ext-1:Must have either extensions or value[x], not both {extension.exists() != value.exists()}"
"SEEHDSLMLaboratoryOrderOutcome.laboratoryOrderOutcome.header.accessControlHeader","SEEHDSLMLaboratoryOrderOutcome.laboratoryOrderOutcome.header.accessControlHeader","","","",1,1,"","","","BackboneElement {[]} {[]}
","Åtkomstkontrollhuvud (PDL)","Information som används för kontroll av åtkomst. Tjänstekonsumenten får enbart ta del av uppgifterna i AccessControlHeaderType innan övrig information om uppgift i patientjournal kan bearbetas.","","","","","","","","","",,,,,"",,,,"SEEHDSLMLaboratoryOrderOutcome.laboratoryOrderOutcome.header.accessControlHeader",1,1,"","ele-1:All FHIR elements must have a @value or children {hasValue() or (children().count() > id.count())}
"
"SEEHDSLMLaboratoryOrderOutcome.laboratoryOrderOutcome.header.accessControlHeader.id","SEEHDSLMLaboratoryOrderOutcome.laboratoryOrderOutcome.header.accessControlHeader.id","","","",0,1,"","","","string {[]} {[]}
","Unique id for inter-element referencing","Unique id for the element within a resource (for internal references). This may be any string value that does not contain spaces.","","","","","","","","","",,,,,"",,,,"Element.id",0,1,"",""
"SEEHDSLMLaboratoryOrderOutcome.laboratoryOrderOutcome.header.accessControlHeader.extension","SEEHDSLMLaboratoryOrderOutcome.laboratoryOrderOutcome.header.accessControlHeader.extension","","extensions
user content","",0,*,"","","","Extension {[]} {[]}
","Additional content defined by implementations","May be used to represent additional information that is not part of the basic definition of the element. To make the use of extensions safe and manageable, there is a strict set of governance  applied to the definition and use of extensions. Though any implementer can define an extension, there is a set of requirements that SHALL be met as part of the definition of the extension.","There can be no stigma associated with the use of extensions by any application, project, or standard - regardless of the institution or jurisdiction that uses or defines the extensions.  The use of extensions is what allows the FHIR specification to retain a core level of simplicity for everyone.","","","","","","","","",,,,,"","value:url}
","Extensions are always sliced by (at least) url",,"open","Element.extension",0,*,"","ele-1:All FHIR elements must have a @value or children {hasValue() or (children().count() > id.count())}
ext-1:Must have either extensions or value[x], not both {extension.exists() != value.exists()}"
"SEEHDSLMLaboratoryOrderOutcome.laboratoryOrderOutcome.header.accessControlHeader.modifierExtension","SEEHDSLMLaboratoryOrderOutcome.laboratoryOrderOutcome.header.accessControlHeader.modifierExtension","","extensions
user contentmodifiers","",0,*,"","Y","Y","Extension {[]} {[]}
","Extensions that cannot be ignored even if unrecognized","May be used to represent additional information that is not part of the basic definition of the element and that modifies the understanding of the element in which it is contained and/or the understanding of the containing element's descendants. Usually modifier elements provide negation or qualification. To make the use of extensions safe and manageable, there is a strict set of governance applied to the definition and use of extensions. Though any implementer can define an extension, there is a set of requirements that SHALL be met as part of the definition of the extension. Applications processing a resource are required to check for modifier extensions.

Modifier extensions SHALL NOT change the meaning of any elements on Resource or DomainResource (including cannot change the meaning of modifierExtension itself).","There can be no stigma associated with the use of extensions by any application, project, or standard - regardless of the institution or jurisdiction that uses or defines the extensions.  The use of extensions is what allows the FHIR specification to retain a core level of simplicity for everyone.","Modifier extensions allow for extensions that *cannot* be safely ignored to be clearly distinguished from the vast majority of extensions which can be safely ignored.  This promotes interoperability by eliminating the need for implementers to prohibit the presence of extensions. For further information, see the [definition of modifier extensions](http://hl7.org/fhir/R4/extensibility.html#modifierExtension).","","","","","","","",,,,,"",,,,"BackboneElement.modifierExtension",0,*,"","ele-1:All FHIR elements must have a @value or children {hasValue() or (children().count() > id.count())}
ext-1:Must have either extensions or value[x], not both {extension.exists() != value.exists()}"
"SEEHDSLMLaboratoryOrderOutcome.laboratoryOrderOutcome.header.accessControlHeader.accountableCareGiver","SEEHDSLMLaboratoryOrderOutcome.laboratoryOrderOutcome.header.accessControlHeader.accountableCareGiver","","","",1,1,"","","","https://fhir.inera.se/ig/ehds-tk/StructureDefinition/SEEHDSRivIITypeHealthcondActoutcome4 {[]} {[]}
","Ansvarig vårdgivare (HSA-id)","HSA-id för den vårdgivare som är ansvarig för posten. Obligatorisk.","","","","","","","","","",,,,,"",,,,"SEEHDSLMLaboratoryOrderOutcome.laboratoryOrderOutcome.header.accessControlHeader.accountableCareGiver",1,1,"",""
"SEEHDSLMLaboratoryOrderOutcome.laboratoryOrderOutcome.header.accessControlHeader.accountableCareUnit","SEEHDSLMLaboratoryOrderOutcome.laboratoryOrderOutcome.header.accessControlHeader.accountableCareUnit","","","",1,1,"","","","https://fhir.inera.se/ig/ehds-tk/StructureDefinition/SEEHDSRivIITypeHealthcondActoutcome4 {[]} {[]}
","Ansvarig vårdenhet (HSA-id)","HSA-id för den vårdenhet som är ansvarig för posten. Obligatorisk.","","","","","","","","","",,,,,"",,,,"SEEHDSLMLaboratoryOrderOutcome.laboratoryOrderOutcome.header.accessControlHeader.accountableCareUnit",1,1,"",""
"SEEHDSLMLaboratoryOrderOutcome.laboratoryOrderOutcome.header.accessControlHeader.originalPatientId","SEEHDSLMLaboratoryOrderOutcome.laboratoryOrderOutcome.header.accessControlHeader.originalPatientId","","","",0,1,"","","","https://fhir.inera.se/ig/ehds-tk/StructureDefinition/SEEHDSRivIITypeHealthcondActoutcome4 {[]} {[]}
","Ursprungligt patient-id","Personidentifieraren som den tillgängliggjorda uppgiften lagrades under då den skapades. Detta fält anges endast då det skiljer sig från patientId, exempelvis då patienten tidigare erhållit vård som dokumenterats under ett samordningsnummer för att sedan bli folkbokförd i Sverige och få ett personnummer. root sätts till OID för typ av personidentifierare. För personnummer ska Skatteverkets OID för personnummer (1.2.752.129.2.1.3.1) användas. För samordningsnummer skall Skatteverkets OID för samordningsnummer (1.2.752.129.2.1.3.3) användas. För andra typer av personidentifierare sätts root till aktuell OID. extension sätts till patientens identifierare. Anges med 12 tecken utan avskiljare.","","","","","","","","","",,,,,"",,,,"SEEHDSLMLaboratoryOrderOutcome.laboratoryOrderOutcome.header.accessControlHeader.originalPatientId",0,1,"",""
"SEEHDSLMLaboratoryOrderOutcome.laboratoryOrderOutcome.header.accessControlHeader.careProcessId","SEEHDSLMLaboratoryOrderOutcome.laboratoryOrderOutcome.header.accessControlHeader.careProcessId","","","",0,1,"","","","https://fhir.inera.se/ig/ehds-tk/StructureDefinition/SEEHDSRivString {[]} {[]}
","Vårdprocessid (UUID)","Id för den individanpassade vårdprocess som uppgiften journalförts inom ramen för. Består av ett lokalt genererat UUID.","","","","","","","","","",,,,,"",,,,"SEEHDSLMLaboratoryOrderOutcome.laboratoryOrderOutcome.header.accessControlHeader.careProcessId",0,1,"",""
"SEEHDSLMLaboratoryOrderOutcome.laboratoryOrderOutcome.header.accessControlHeader.lockTime","SEEHDSLMLaboratoryOrderOutcome.laboratoryOrderOutcome.header.accessControlHeader.lockTime","","","",0,1,"","","","https://fhir.inera.se/ig/ehds-tk/StructureDefinition/SEEHDSRivTimeStamp {[]} {[]}
","lockTime","Format enligt XSD (TimeStampType): ÅÅÅÅMMDDttmmss.","","","","","","","","","",,,,,"",,,,"SEEHDSLMLaboratoryOrderOutcome.laboratoryOrderOutcome.header.accessControlHeader.lockTime",0,1,"",""
"SEEHDSLMLaboratoryOrderOutcome.laboratoryOrderOutcome.header.accessControlHeader.blockComparisonTime","SEEHDSLMLaboratoryOrderOutcome.laboratoryOrderOutcome.header.accessControlHeader.blockComparisonTime","","","",1,1,"","","","https://fhir.inera.se/ig/ehds-tk/StructureDefinition/SEEHDSRivTimeStamp {[]} {[]}
","Tidpunkt för spärrkontroll","Den tidpunkt mot vilken spärrkontroll sker vid åtkomst med syftet sammanhållen journalföring. Gäller både yttre (mellan vårdgivare) och inre (mellan vårdenheter) spärr. I detta fält anges provtagningstidpunkt. Om ett svar innehåller analyser utförda på olika prov anges tidpunkt för det senast tagna provet.
Format enligt XSD (TimeStampType): ÅÅÅÅMMDDttmmss.","","","","","","","","","",,,,,"",,,,"SEEHDSLMLaboratoryOrderOutcome.laboratoryOrderOutcome.header.accessControlHeader.blockComparisonTime",1,1,"",""
"SEEHDSLMLaboratoryOrderOutcome.laboratoryOrderOutcome.header.accessControlHeader.approvedForPatient","SEEHDSLMLaboratoryOrderOutcome.laboratoryOrderOutcome.header.accessControlHeader.approvedForPatient","","","",1,1,"","","","https://fhir.inera.se/ig/ehds-tk/StructureDefinition/SEEHDSRivBoolean {[]} {[]}
","Godkänd för patientvisning","Anger om informationsägaren godkänt att patienten kan ta del av informationen.","","","","","","","","","",,,,,"",,,,"SEEHDSLMLaboratoryOrderOutcome.laboratoryOrderOutcome.header.accessControlHeader.approvedForPatient",1,1,"",""
"SEEHDSLMLaboratoryOrderOutcome.laboratoryOrderOutcome.header.accessControlHeader.patientId","SEEHDSLMLaboratoryOrderOutcome.laboratoryOrderOutcome.header.accessControlHeader.patientId","","","",0,1,"","","","https://fhir.inera.se/ig/ehds-tk/StructureDefinition/SEEHDSRivIITypeHealthcondActoutcome4 {[]} {[]}
","Patientens id i svaret","Personidentifierare för patienten. root sätts till OID för typ av personidentifierare. För personnummer ska Skatteverkets OID för personnummer (1.2.752.129.2.1.3.1) användas. För samordningsnummer skall Skatteverkets OID för samordningsnummer (1.2.752.129.2.1.3.3) användas. För andra typer av personidentifierare sätts root till aktuell OID. extension sätts till patientens identifierare. Anges med 12 tecken utan avskiljare. Obligatorisk vid nyanslutning","","","","","","","","","",,,,,"",,,,"SEEHDSLMLaboratoryOrderOutcome.laboratoryOrderOutcome.header.accessControlHeader.patientId",0,1,"",""
"SEEHDSLMLaboratoryOrderOutcome.laboratoryOrderOutcome.header.sourceSystemId","SEEHDSLMLaboratoryOrderOutcome.laboratoryOrderOutcome.header.sourceSystemId","","","",1,1,"","","","https://fhir.inera.se/ig/ehds-tk/StructureDefinition/SEEHDSRivIITypeHealthcondActoutcome4 {[]} {[]}
","Källsystemets HSA-id","Det källsystem som uppgiften lagras i. root sätts till OID för HSA-katalogen (1.2.752.129.2.1.4.1) extension sätts till källsystemets HSA-id","","","","","","","","","",,,,,"",,,,"SEEHDSLMLaboratoryOrderOutcome.laboratoryOrderOutcome.header.sourceSystemId",1,1,"",""
"SEEHDSLMLaboratoryOrderOutcome.laboratoryOrderOutcome.header.record","SEEHDSLMLaboratoryOrderOutcome.laboratoryOrderOutcome.header.record","","","",1,1,"","","","BackboneElement {[]} {[]}
","Poststatus och tidpunkt","Information avseende uppgiften som tillgängliggörs.","","","","","","","","","",,,,,"",,,,"SEEHDSLMLaboratoryOrderOutcome.laboratoryOrderOutcome.header.record",1,1,"","ele-1:All FHIR elements must have a @value or children {hasValue() or (children().count() > id.count())}
"
"SEEHDSLMLaboratoryOrderOutcome.laboratoryOrderOutcome.header.record.id","SEEHDSLMLaboratoryOrderOutcome.laboratoryOrderOutcome.header.record.id","","","",0,1,"","","","string {[]} {[]}
","Unique id for inter-element referencing","Unique id for the element within a resource (for internal references). This may be any string value that does not contain spaces.","","","","","","","","","",,,,,"",,,,"Element.id",0,1,"",""
"SEEHDSLMLaboratoryOrderOutcome.laboratoryOrderOutcome.header.record.extension","SEEHDSLMLaboratoryOrderOutcome.laboratoryOrderOutcome.header.record.extension","","extensions
user content","",0,*,"","","","Extension {[]} {[]}
","Additional content defined by implementations","May be used to represent additional information that is not part of the basic definition of the element. To make the use of extensions safe and manageable, there is a strict set of governance  applied to the definition and use of extensions. Though any implementer can define an extension, there is a set of requirements that SHALL be met as part of the definition of the extension.","There can be no stigma associated with the use of extensions by any application, project, or standard - regardless of the institution or jurisdiction that uses or defines the extensions.  The use of extensions is what allows the FHIR specification to retain a core level of simplicity for everyone.","","","","","","","","",,,,,"","value:url}
","Extensions are always sliced by (at least) url",,"open","Element.extension",0,*,"","ele-1:All FHIR elements must have a @value or children {hasValue() or (children().count() > id.count())}
ext-1:Must have either extensions or value[x], not both {extension.exists() != value.exists()}"
"SEEHDSLMLaboratoryOrderOutcome.laboratoryOrderOutcome.header.record.modifierExtension","SEEHDSLMLaboratoryOrderOutcome.laboratoryOrderOutcome.header.record.modifierExtension","","extensions
user contentmodifiers","",0,*,"","Y","Y","Extension {[]} {[]}
","Extensions that cannot be ignored even if unrecognized","May be used to represent additional information that is not part of the basic definition of the element and that modifies the understanding of the element in which it is contained and/or the understanding of the containing element's descendants. Usually modifier elements provide negation or qualification. To make the use of extensions safe and manageable, there is a strict set of governance applied to the definition and use of extensions. Though any implementer can define an extension, there is a set of requirements that SHALL be met as part of the definition of the extension. Applications processing a resource are required to check for modifier extensions.

Modifier extensions SHALL NOT change the meaning of any elements on Resource or DomainResource (including cannot change the meaning of modifierExtension itself).","There can be no stigma associated with the use of extensions by any application, project, or standard - regardless of the institution or jurisdiction that uses or defines the extensions.  The use of extensions is what allows the FHIR specification to retain a core level of simplicity for everyone.","Modifier extensions allow for extensions that *cannot* be safely ignored to be clearly distinguished from the vast majority of extensions which can be safely ignored.  This promotes interoperability by eliminating the need for implementers to prohibit the presence of extensions. For further information, see the [definition of modifier extensions](http://hl7.org/fhir/R4/extensibility.html#modifierExtension).","","","","","","","",,,,,"",,,,"BackboneElement.modifierExtension",0,*,"","ele-1:All FHIR elements must have a @value or children {hasValue() or (children().count() > id.count())}
ext-1:Must have either extensions or value[x], not both {extension.exists() != value.exists()}"
"SEEHDSLMLaboratoryOrderOutcome.laboratoryOrderOutcome.header.record.rivId","SEEHDSLMLaboratoryOrderOutcome.laboratoryOrderOutcome.header.record.rivId","","","",1,1,"","","","https://fhir.inera.se/ig/ehds-tk/StructureDefinition/SEEHDSRivIITypeHealthcondActoutcome4 {[]} {[]}
","Postens unika id","Identifierare för uppgift i patientjournal. Identifieraren ska vara konsistent och beständig mellan olika majorversioner av ett tjänstekontrakt. Detta för att en tjänstekonsument ska kunna ta bort dubbletter från de tjänsteproducenter som producerar via flera majorversioner. Ett exempel på detta är att en vårdkontakt ska ha samma identifierare i majorversion 3 och 4 av ett tjänstekontrakt för att läsa vårdkontakter. Identifieraren ska även vara konsistent och beständig mellan olika tjänstekontrakt. Ett exempel på detta är att samma remiss-identitet ska användas i ett tjänstekontrakt för att läsa remisser, samt tjänstekontraktet som läser remissvar som refererar till den ursprungliga remissen. Motsvarar Laboratoriesvar.id i informationsspecifikationen [R6]","","","","","","","","","",,,,,"",,,,"SEEHDSLMLaboratoryOrderOutcome.laboratoryOrderOutcome.header.record.rivId",1,1,"",""
"SEEHDSLMLaboratoryOrderOutcome.laboratoryOrderOutcome.header.record.timestamp","SEEHDSLMLaboratoryOrderOutcome.laboratoryOrderOutcome.header.record.timestamp","","","",1,1,"","","","https://fhir.inera.se/ig/ehds-tk/StructureDefinition/SEEHDSRivTimeStamp {[]} {[]}
","Tidpunkt för posten","Den tidpunkt då uppgiften skapades i tjänsteproducentens källsystem. Denna information ska vara beständig även om tjänsteproducenten migrerat uppgiften från ett källsystem till en annat. Motsvarar Laboratoriesvar.svarstidpunkt i informationsspecifikationen [R6]
Format enligt XSD (TimeStampType): ÅÅÅÅMMDDttmmss.","","","","","","","","","",,,,,"",,,,"SEEHDSLMLaboratoryOrderOutcome.laboratoryOrderOutcome.header.record.timestamp",1,1,"",""
"SEEHDSLMLaboratoryOrderOutcome.laboratoryOrderOutcome.header.author","SEEHDSLMLaboratoryOrderOutcome.laboratoryOrderOutcome.header.author","","","",0,1,"","","","BackboneElement {[]} {[]}
","Dokumentationsansvarig","Information avseende dokumentation av uppgiften som tillgängliggörs. Notera att den som registrerar uppgiften från annan källa, exempelvis en medicinsk sekreterare som transkriberar ett diktat, inte avses.","","","","","","","","","",,,,,"",,,,"SEEHDSLMLaboratoryOrderOutcome.laboratoryOrderOutcome.header.author",0,1,"","ele-1:All FHIR elements must have a @value or children {hasValue() or (children().count() > id.count())}
"
"SEEHDSLMLaboratoryOrderOutcome.laboratoryOrderOutcome.header.author.id","SEEHDSLMLaboratoryOrderOutcome.laboratoryOrderOutcome.header.author.id","","","",0,1,"","","","string {[]} {[]}
","Unique id for inter-element referencing","Unique id for the element within a resource (for internal references). This may be any string value that does not contain spaces.","","","","","","","","","",,,,,"",,,,"Element.id",0,1,"",""
"SEEHDSLMLaboratoryOrderOutcome.laboratoryOrderOutcome.header.author.extension","SEEHDSLMLaboratoryOrderOutcome.laboratoryOrderOutcome.header.author.extension","","extensions
user content","",0,*,"","","","Extension {[]} {[]}
","Additional content defined by implementations","May be used to represent additional information that is not part of the basic definition of the element. To make the use of extensions safe and manageable, there is a strict set of governance  applied to the definition and use of extensions. Though any implementer can define an extension, there is a set of requirements that SHALL be met as part of the definition of the extension.","There can be no stigma associated with the use of extensions by any application, project, or standard - regardless of the institution or jurisdiction that uses or defines the extensions.  The use of extensions is what allows the FHIR specification to retain a core level of simplicity for everyone.","","","","","","","","",,,,,"","value:url}
","Extensions are always sliced by (at least) url",,"open","Element.extension",0,*,"","ele-1:All FHIR elements must have a @value or children {hasValue() or (children().count() > id.count())}
ext-1:Must have either extensions or value[x], not both {extension.exists() != value.exists()}"
"SEEHDSLMLaboratoryOrderOutcome.laboratoryOrderOutcome.header.author.modifierExtension","SEEHDSLMLaboratoryOrderOutcome.laboratoryOrderOutcome.header.author.modifierExtension","","extensions
user contentmodifiers","",0,*,"","Y","Y","Extension {[]} {[]}
","Extensions that cannot be ignored even if unrecognized","May be used to represent additional information that is not part of the basic definition of the element and that modifies the understanding of the element in which it is contained and/or the understanding of the containing element's descendants. Usually modifier elements provide negation or qualification. To make the use of extensions safe and manageable, there is a strict set of governance applied to the definition and use of extensions. Though any implementer can define an extension, there is a set of requirements that SHALL be met as part of the definition of the extension. Applications processing a resource are required to check for modifier extensions.

Modifier extensions SHALL NOT change the meaning of any elements on Resource or DomainResource (including cannot change the meaning of modifierExtension itself).","There can be no stigma associated with the use of extensions by any application, project, or standard - regardless of the institution or jurisdiction that uses or defines the extensions.  The use of extensions is what allows the FHIR specification to retain a core level of simplicity for everyone.","Modifier extensions allow for extensions that *cannot* be safely ignored to be clearly distinguished from the vast majority of extensions which can be safely ignored.  This promotes interoperability by eliminating the need for implementers to prohibit the presence of extensions. For further information, see the [definition of modifier extensions](http://hl7.org/fhir/R4/extensibility.html#modifierExtension).","","","","","","","",,,,,"",,,,"BackboneElement.modifierExtension",0,*,"","ele-1:All FHIR elements must have a @value or children {hasValue() or (children().count() > id.count())}
ext-1:Must have either extensions or value[x], not both {extension.exists() != value.exists()}"
"SEEHDSLMLaboratoryOrderOutcome.laboratoryOrderOutcome.header.author.rivId","SEEHDSLMLaboratoryOrderOutcome.laboratoryOrderOutcome.header.author.rivId","","","",0,1,"","","","https://fhir.inera.se/ig/ehds-tk/StructureDefinition/SEEHDSRivIITypeHealthcondActoutcome4 {[]} {[]}
","Författarens HSA-id","HSA-id för hälso- och sjukvårdspersonal som dokumenterat uppgiften som tillgängliggörs. root sätts till OID för HSA-id (1.2.752.129.2.1.4.1) extension sätts till HSA-id","","","","","","","","","",,,,,"",,,,"SEEHDSLMLaboratoryOrderOutcome.laboratoryOrderOutcome.header.author.rivId",0,1,"",""
"SEEHDSLMLaboratoryOrderOutcome.laboratoryOrderOutcome.header.author.name","SEEHDSLMLaboratoryOrderOutcome.laboratoryOrderOutcome.header.author.name","","","",0,1,"","","","https://fhir.inera.se/ig/ehds-tk/StructureDefinition/SEEHDSRivString {[]} {[]}
","Författarens namn","Namn på hälso- och sjukvårdspersonal. Anges med tilltalsnamn och efternamn.","","","","","","","","","",,,,,"",,,,"SEEHDSLMLaboratoryOrderOutcome.laboratoryOrderOutcome.header.author.name",0,1,"",""
"SEEHDSLMLaboratoryOrderOutcome.laboratoryOrderOutcome.header.author.timestamp","SEEHDSLMLaboratoryOrderOutcome.laboratoryOrderOutcome.header.author.timestamp","","","",1,1,"","","","https://fhir.inera.se/ig/ehds-tk/StructureDefinition/SEEHDSRivTimeStamp {[]} {[]}
","Tidpunkt för dokumentation","Tidpunkt då uppgiften dokumenterades eller senast uppdaterades. I de fall då uppgiften ursprungligen dokumenterats eller uppdaterats i ett annat informationssystem än tjänsteproducentens källsystem (t.ex. laboratorieinformationssystem), ska tidpunkten spegla informationen från systemet där uppgiften ursprungligen dokumenterades.
Format enligt XSD (TimeStampType): ÅÅÅÅMMDDttmmss.","","","","","","","","","",,,,,"",,,,"SEEHDSLMLaboratoryOrderOutcome.laboratoryOrderOutcome.header.author.timestamp",1,1,"",""
"SEEHDSLMLaboratoryOrderOutcome.laboratoryOrderOutcome.header.author.byRole","SEEHDSLMLaboratoryOrderOutcome.laboratoryOrderOutcome.header.author.byRole","","","",0,1,"","","","https://fhir.inera.se/ig/ehds-tk/StructureDefinition/SEEHDSRivCVTypeHealthcondActoutcome4 {[]} {[]}
","Yrkesroll vid dokumentation","Information om hälso- och sjukvårdspersonalens befattning så som den var angiven i HSA-katalogen vid dokumentationstidpunkten. Anges med HSAs kodverk Befattning (OID: 1.2.752.129.2.2.1.4). Om kod inte är tillgänglig anges befattning som klartext i datatypens attribut originalText.","","","","","","","","","",,,,,"",,,,"SEEHDSLMLaboratoryOrderOutcome.laboratoryOrderOutcome.header.author.byRole",0,1,"",""
"SEEHDSLMLaboratoryOrderOutcome.laboratoryOrderOutcome.header.author.orgUnit","SEEHDSLMLaboratoryOrderOutcome.laboratoryOrderOutcome.header.author.orgUnit","","","",0,1,"","","","BackboneElement {[]} {[]}
","Organisationsenhet","Den organisation som hälso- och sjukvårdspersonalen är uppdragstagare på.","","","","","","","","","",,,,,"",,,,"SEEHDSLMLaboratoryOrderOutcome.laboratoryOrderOutcome.header.author.orgUnit",0,1,"","ele-1:All FHIR elements must have a @value or children {hasValue() or (children().count() > id.count())}
"
"SEEHDSLMLaboratoryOrderOutcome.laboratoryOrderOutcome.header.author.orgUnit.id","SEEHDSLMLaboratoryOrderOutcome.laboratoryOrderOutcome.header.author.orgUnit.id","","","",0,1,"","","","string {[]} {[]}
","Unique id for inter-element referencing","Unique id for the element within a resource (for internal references). This may be any string value that does not contain spaces.","","","","","","","","","",,,,,"",,,,"Element.id",0,1,"",""
"SEEHDSLMLaboratoryOrderOutcome.laboratoryOrderOutcome.header.author.orgUnit.extension","SEEHDSLMLaboratoryOrderOutcome.laboratoryOrderOutcome.header.author.orgUnit.extension","","extensions
user content","",0,*,"","","","Extension {[]} {[]}
","Additional content defined by implementations","May be used to represent additional information that is not part of the basic definition of the element. To make the use of extensions safe and manageable, there is a strict set of governance  applied to the definition and use of extensions. Though any implementer can define an extension, there is a set of requirements that SHALL be met as part of the definition of the extension.","There can be no stigma associated with the use of extensions by any application, project, or standard - regardless of the institution or jurisdiction that uses or defines the extensions.  The use of extensions is what allows the FHIR specification to retain a core level of simplicity for everyone.","","","","","","","","",,,,,"","value:url}
","Extensions are always sliced by (at least) url",,"open","Element.extension",0,*,"","ele-1:All FHIR elements must have a @value or children {hasValue() or (children().count() > id.count())}
ext-1:Must have either extensions or value[x], not both {extension.exists() != value.exists()}"
"SEEHDSLMLaboratoryOrderOutcome.laboratoryOrderOutcome.header.author.orgUnit.modifierExtension","SEEHDSLMLaboratoryOrderOutcome.laboratoryOrderOutcome.header.author.orgUnit.modifierExtension","","extensions
user contentmodifiers","",0,*,"","Y","Y","Extension {[]} {[]}
","Extensions that cannot be ignored even if unrecognized","May be used to represent additional information that is not part of the basic definition of the element and that modifies the understanding of the element in which it is contained and/or the understanding of the containing element's descendants. Usually modifier elements provide negation or qualification. To make the use of extensions safe and manageable, there is a strict set of governance applied to the definition and use of extensions. Though any implementer can define an extension, there is a set of requirements that SHALL be met as part of the definition of the extension. Applications processing a resource are required to check for modifier extensions.

Modifier extensions SHALL NOT change the meaning of any elements on Resource or DomainResource (including cannot change the meaning of modifierExtension itself).","There can be no stigma associated with the use of extensions by any application, project, or standard - regardless of the institution or jurisdiction that uses or defines the extensions.  The use of extensions is what allows the FHIR specification to retain a core level of simplicity for everyone.","Modifier extensions allow for extensions that *cannot* be safely ignored to be clearly distinguished from the vast majority of extensions which can be safely ignored.  This promotes interoperability by eliminating the need for implementers to prohibit the presence of extensions. For further information, see the [definition of modifier extensions](http://hl7.org/fhir/R4/extensibility.html#modifierExtension).","","","","","","","",,,,,"",,,,"BackboneElement.modifierExtension",0,*,"","ele-1:All FHIR elements must have a @value or children {hasValue() or (children().count() > id.count())}
ext-1:Must have either extensions or value[x], not both {extension.exists() != value.exists()}"
"SEEHDSLMLaboratoryOrderOutcome.laboratoryOrderOutcome.header.author.orgUnit.rivId","SEEHDSLMLaboratoryOrderOutcome.laboratoryOrderOutcome.header.author.orgUnit.rivId","","","",0,1,"","","","https://fhir.inera.se/ig/ehds-tk/StructureDefinition/SEEHDSRivIITypeHealthcondActoutcome4 {[]} {[]}
","OrgUnit HSA-id","Id för organisationsenheten där vårdpersonen verkat på uppdrag av. Om tillgängligt skall HSAid anges. Notera att det är den verksamhet där utrustningen använts som avses, inte utrustningens ägare. I de fall HSAid saknas kan ett för källsystemet unikt id användas varvid fältet root sätts till källsystemets HSAid och fältet extions sätts till lokalt id i källsystemet. Om HSAid används sätts fältet root till OID för HSA-katalogen (1.2.752.129.2.1.4.1) och fältet extension sätts till HSAid. Om organisationsnummer används skall fältet root sättas till OID för Skatteverkets organisationsnummer (2.5.4.97) och fältet extension sättas till organisationsnumret.","","","","","","","","","",,,,,"",,,,"SEEHDSLMLaboratoryOrderOutcome.laboratoryOrderOutcome.header.author.orgUnit.rivId",0,1,"",""
"SEEHDSLMLaboratoryOrderOutcome.laboratoryOrderOutcome.header.author.orgUnit.name","SEEHDSLMLaboratoryOrderOutcome.laboratoryOrderOutcome.header.author.orgUnit.name","","","",1,1,"","","","https://fhir.inera.se/ig/ehds-tk/StructureDefinition/SEEHDSRivString {[]} {[]}
","OrgUnit namn","Namn på organisationsenhet. Om tillgängligt skall detta anges.","","","","","","","","","",,,,,"",,,,"SEEHDSLMLaboratoryOrderOutcome.laboratoryOrderOutcome.header.author.orgUnit.name",1,1,"",""
"SEEHDSLMLaboratoryOrderOutcome.laboratoryOrderOutcome.header.signature","SEEHDSLMLaboratoryOrderOutcome.laboratoryOrderOutcome.header.signature","","","",0,1,"","","","BackboneElement {[]} {[]}
","Signatär","Information avseende signering av laboratoriesvaret. Laboratoriesvaret signeras av en medicinskt ansvarig hälso- och sjukvårdspersonal på den ansvariga enheten. Den ansvariga enheten kan vara den remissmottagande enheten eller den utförande enheten (exempelvis vid patientnära analyser).","","","","","","","","","",,,,,"",,,,"SEEHDSLMLaboratoryOrderOutcome.laboratoryOrderOutcome.header.signature",0,1,"","ele-1:All FHIR elements must have a @value or children {hasValue() or (children().count() > id.count())}
"
"SEEHDSLMLaboratoryOrderOutcome.laboratoryOrderOutcome.header.signature.id","SEEHDSLMLaboratoryOrderOutcome.laboratoryOrderOutcome.header.signature.id","","","",0,1,"","","","string {[]} {[]}
","Unique id for inter-element referencing","Unique id for the element within a resource (for internal references). This may be any string value that does not contain spaces.","","","","","","","","","",,,,,"",,,,"Element.id",0,1,"",""
"SEEHDSLMLaboratoryOrderOutcome.laboratoryOrderOutcome.header.signature.extension","SEEHDSLMLaboratoryOrderOutcome.laboratoryOrderOutcome.header.signature.extension","","extensions
user content","",0,*,"","","","Extension {[]} {[]}
","Additional content defined by implementations","May be used to represent additional information that is not part of the basic definition of the element. To make the use of extensions safe and manageable, there is a strict set of governance  applied to the definition and use of extensions. Though any implementer can define an extension, there is a set of requirements that SHALL be met as part of the definition of the extension.","There can be no stigma associated with the use of extensions by any application, project, or standard - regardless of the institution or jurisdiction that uses or defines the extensions.  The use of extensions is what allows the FHIR specification to retain a core level of simplicity for everyone.","","","","","","","","",,,,,"","value:url}
","Extensions are always sliced by (at least) url",,"open","Element.extension",0,*,"","ele-1:All FHIR elements must have a @value or children {hasValue() or (children().count() > id.count())}
ext-1:Must have either extensions or value[x], not both {extension.exists() != value.exists()}"
"SEEHDSLMLaboratoryOrderOutcome.laboratoryOrderOutcome.header.signature.modifierExtension","SEEHDSLMLaboratoryOrderOutcome.laboratoryOrderOutcome.header.signature.modifierExtension","","extensions
user contentmodifiers","",0,*,"","Y","Y","Extension {[]} {[]}
","Extensions that cannot be ignored even if unrecognized","May be used to represent additional information that is not part of the basic definition of the element and that modifies the understanding of the element in which it is contained and/or the understanding of the containing element's descendants. Usually modifier elements provide negation or qualification. To make the use of extensions safe and manageable, there is a strict set of governance applied to the definition and use of extensions. Though any implementer can define an extension, there is a set of requirements that SHALL be met as part of the definition of the extension. Applications processing a resource are required to check for modifier extensions.

Modifier extensions SHALL NOT change the meaning of any elements on Resource or DomainResource (including cannot change the meaning of modifierExtension itself).","There can be no stigma associated with the use of extensions by any application, project, or standard - regardless of the institution or jurisdiction that uses or defines the extensions.  The use of extensions is what allows the FHIR specification to retain a core level of simplicity for everyone.","Modifier extensions allow for extensions that *cannot* be safely ignored to be clearly distinguished from the vast majority of extensions which can be safely ignored.  This promotes interoperability by eliminating the need for implementers to prohibit the presence of extensions. For further information, see the [definition of modifier extensions](http://hl7.org/fhir/R4/extensibility.html#modifierExtension).","","","","","","","",,,,,"",,,,"BackboneElement.modifierExtension",0,*,"","ele-1:All FHIR elements must have a @value or children {hasValue() or (children().count() > id.count())}
ext-1:Must have either extensions or value[x], not both {extension.exists() != value.exists()}"
"SEEHDSLMLaboratoryOrderOutcome.laboratoryOrderOutcome.header.signature.rivId","SEEHDSLMLaboratoryOrderOutcome.laboratoryOrderOutcome.header.signature.rivId","","","",0,1,"","","","https://fhir.inera.se/ig/ehds-tk/StructureDefinition/SEEHDSRivIITypeHealthcondActoutcome4 {[]} {[]}
","Signatärens HSA-id","HSA-id för hälso- och sjukvårdspersonal som signerat uppgiften som tillgängliggörs. root sätts till OID för HSA-id (1.2.752.129.2.1.4.1) extension sätts till HSA-id","","","","","","","","","",,,,,"",,,,"SEEHDSLMLaboratoryOrderOutcome.laboratoryOrderOutcome.header.signature.rivId",0,1,"",""
"SEEHDSLMLaboratoryOrderOutcome.laboratoryOrderOutcome.header.signature.name","SEEHDSLMLaboratoryOrderOutcome.laboratoryOrderOutcome.header.signature.name","","","",0,1,"","","","https://fhir.inera.se/ig/ehds-tk/StructureDefinition/SEEHDSRivString {[]} {[]}
","Signatärens namn","Namn på hälso- och sjukvårdspersonal. Anges med tilltalsnamn och efternamn.","","","","","","","","","",,,,,"",,,,"SEEHDSLMLaboratoryOrderOutcome.laboratoryOrderOutcome.header.signature.name",0,1,"",""
"SEEHDSLMLaboratoryOrderOutcome.laboratoryOrderOutcome.header.signature.timestamp","SEEHDSLMLaboratoryOrderOutcome.laboratoryOrderOutcome.header.signature.timestamp","","","",1,1,"","","","https://fhir.inera.se/ig/ehds-tk/StructureDefinition/SEEHDSRivTimeStamp {[]} {[]}
","Signeringstidpunkt","Tidpunkt då uppgiften signerades.
Format enligt XSD (TimeStampType): ÅÅÅÅMMDDttmmss.","","","","","","","","","",,,,,"",,,,"SEEHDSLMLaboratoryOrderOutcome.laboratoryOrderOutcome.header.signature.timestamp",1,1,"",""
"SEEHDSLMLaboratoryOrderOutcome.laboratoryOrderOutcome.header.signature.byRole","SEEHDSLMLaboratoryOrderOutcome.laboratoryOrderOutcome.header.signature.byRole","","","",0,1,"","","","https://fhir.inera.se/ig/ehds-tk/StructureDefinition/SEEHDSRivCVTypeHealthcondActoutcome4 {[]} {[]}
","Yrkesroll vid signering","Information om hälso- och sjukvårdspersonalens befattning så som den var angiven i HSA-katalogen vid signeringstidpunkten. Anges med HSAs kodverk Befattning (OID: 1.2.752.129.2.2.1.4). Om kod inte är tillgänglig anges befattning i klartext i datatypens attribut originalText.","","","","","","","","","",,,,,"",,,,"SEEHDSLMLaboratoryOrderOutcome.laboratoryOrderOutcome.header.signature.byRole",0,1,"",""
"SEEHDSLMLaboratoryOrderOutcome.laboratoryOrderOutcome.header.signature.orgUnit","SEEHDSLMLaboratoryOrderOutcome.laboratoryOrderOutcome.header.signature.orgUnit","","","",0,0,"","","","BackboneElement {[]} {[]}
","Signatärens organisationsenhet","Anges ej för Signature","","","","","","","","","",,,,,"",,,,"SEEHDSLMLaboratoryOrderOutcome.laboratoryOrderOutcome.header.signature.orgUnit",0,0,"","ele-1:All FHIR elements must have a @value or children {hasValue() or (children().count() > id.count())}
"
"SEEHDSLMLaboratoryOrderOutcome.laboratoryOrderOutcome.header.signature.orgUnit.id","SEEHDSLMLaboratoryOrderOutcome.laboratoryOrderOutcome.header.signature.orgUnit.id","","","",0,1,"","","","string {[]} {[]}
","Unique id for inter-element referencing","Unique id for the element within a resource (for internal references). This may be any string value that does not contain spaces.","","","","","","","","","",,,,,"",,,,"Element.id",0,1,"",""
"SEEHDSLMLaboratoryOrderOutcome.laboratoryOrderOutcome.header.signature.orgUnit.extension","SEEHDSLMLaboratoryOrderOutcome.laboratoryOrderOutcome.header.signature.orgUnit.extension","","extensions
user content","",0,*,"","","","Extension {[]} {[]}
","Additional content defined by implementations","May be used to represent additional information that is not part of the basic definition of the element. To make the use of extensions safe and manageable, there is a strict set of governance  applied to the definition and use of extensions. Though any implementer can define an extension, there is a set of requirements that SHALL be met as part of the definition of the extension.","There can be no stigma associated with the use of extensions by any application, project, or standard - regardless of the institution or jurisdiction that uses or defines the extensions.  The use of extensions is what allows the FHIR specification to retain a core level of simplicity for everyone.","","","","","","","","",,,,,"","value:url}
","Extensions are always sliced by (at least) url",,"open","Element.extension",0,*,"","ele-1:All FHIR elements must have a @value or children {hasValue() or (children().count() > id.count())}
ext-1:Must have either extensions or value[x], not both {extension.exists() != value.exists()}"
"SEEHDSLMLaboratoryOrderOutcome.laboratoryOrderOutcome.header.signature.orgUnit.modifierExtension","SEEHDSLMLaboratoryOrderOutcome.laboratoryOrderOutcome.header.signature.orgUnit.modifierExtension","","extensions
user contentmodifiers","",0,*,"","Y","Y","Extension {[]} {[]}
","Extensions that cannot be ignored even if unrecognized","May be used to represent additional information that is not part of the basic definition of the element and that modifies the understanding of the element in which it is contained and/or the understanding of the containing element's descendants. Usually modifier elements provide negation or qualification. To make the use of extensions safe and manageable, there is a strict set of governance applied to the definition and use of extensions. Though any implementer can define an extension, there is a set of requirements that SHALL be met as part of the definition of the extension. Applications processing a resource are required to check for modifier extensions.

Modifier extensions SHALL NOT change the meaning of any elements on Resource or DomainResource (including cannot change the meaning of modifierExtension itself).","There can be no stigma associated with the use of extensions by any application, project, or standard - regardless of the institution or jurisdiction that uses or defines the extensions.  The use of extensions is what allows the FHIR specification to retain a core level of simplicity for everyone.","Modifier extensions allow for extensions that *cannot* be safely ignored to be clearly distinguished from the vast majority of extensions which can be safely ignored.  This promotes interoperability by eliminating the need for implementers to prohibit the presence of extensions. For further information, see the [definition of modifier extensions](http://hl7.org/fhir/R4/extensibility.html#modifierExtension).","","","","","","","",,,,,"",,,,"BackboneElement.modifierExtension",0,*,"","ele-1:All FHIR elements must have a @value or children {hasValue() or (children().count() > id.count())}
ext-1:Must have either extensions or value[x], not both {extension.exists() != value.exists()}"
"SEEHDSLMLaboratoryOrderOutcome.laboratoryOrderOutcome.header.signature.orgUnit.rivId","SEEHDSLMLaboratoryOrderOutcome.laboratoryOrderOutcome.header.signature.orgUnit.rivId","","","",0,1,"","","","https://fhir.inera.se/ig/ehds-tk/StructureDefinition/SEEHDSRivIITypeHealthcondActoutcome4 {[]} {[]}
","OrgUnit HSA-id","Id för organisationsenheten där vårdpersonen verkat på uppdrag av. Om tillgängligt skall HSAid anges. Notera att det är den verksamhet där utrustningen använts som avses, inte utrustningens ägare. I de fall HSAid saknas kan ett för källsystemet unikt id användas varvid fältet root sätts till källsystemets HSAid och fältet extions sätts till lokalt id i källsystemet. Om HSAid används sätts fältet root till OID för HSA-katalogen (1.2.752.129.2.1.4.1) och fältet extension sätts till HSAid. Om organisationsnummer används skall fältet root sättas till OID för Skatteverkets organisationsnummer (2.5.4.97) och fältet extension sättas till organisationsnumret.","","","","","","","","","",,,,,"",,,,"SEEHDSLMLaboratoryOrderOutcome.laboratoryOrderOutcome.header.signature.orgUnit.rivId",0,1,"",""
"SEEHDSLMLaboratoryOrderOutcome.laboratoryOrderOutcome.header.signature.orgUnit.name","SEEHDSLMLaboratoryOrderOutcome.laboratoryOrderOutcome.header.signature.orgUnit.name","","","",1,1,"","","","https://fhir.inera.se/ig/ehds-tk/StructureDefinition/SEEHDSRivString {[]} {[]}
","OrgUnit namn","Namn på organisationsenhet. Om tillgängligt skall detta anges.","","","","","","","","","",,,,,"",,,,"SEEHDSLMLaboratoryOrderOutcome.laboratoryOrderOutcome.header.signature.orgUnit.name",1,1,"",""
"SEEHDSLMLaboratoryOrderOutcome.laboratoryOrderOutcome.body","SEEHDSLMLaboratoryOrderOutcome.laboratoryOrderOutcome.body","","","",1,1,"","","","BackboneElement {[]} {[]}
","Beställnings- och svarsinformation","Information om laboratoriesvaret.","","","","","","","","","",,,,,"",,,,"SEEHDSLMLaboratoryOrderOutcome.laboratoryOrderOutcome.body",1,1,"","ele-1:All FHIR elements must have a @value or children {hasValue() or (children().count() > id.count())}
"
"SEEHDSLMLaboratoryOrderOutcome.laboratoryOrderOutcome.body.id","SEEHDSLMLaboratoryOrderOutcome.laboratoryOrderOutcome.body.id","","","",0,1,"","","","string {[]} {[]}
","Unique id for inter-element referencing","Unique id for the element within a resource (for internal references). This may be any string value that does not contain spaces.","","","","","","","","","",,,,,"",,,,"Element.id",0,1,"",""
"SEEHDSLMLaboratoryOrderOutcome.laboratoryOrderOutcome.body.extension","SEEHDSLMLaboratoryOrderOutcome.laboratoryOrderOutcome.body.extension","","extensions
user content","",0,*,"","","","Extension {[]} {[]}
","Additional content defined by implementations","May be used to represent additional information that is not part of the basic definition of the element. To make the use of extensions safe and manageable, there is a strict set of governance  applied to the definition and use of extensions. Though any implementer can define an extension, there is a set of requirements that SHALL be met as part of the definition of the extension.","There can be no stigma associated with the use of extensions by any application, project, or standard - regardless of the institution or jurisdiction that uses or defines the extensions.  The use of extensions is what allows the FHIR specification to retain a core level of simplicity for everyone.","","","","","","","","",,,,,"","value:url}
","Extensions are always sliced by (at least) url",,"open","Element.extension",0,*,"","ele-1:All FHIR elements must have a @value or children {hasValue() or (children().count() > id.count())}
ext-1:Must have either extensions or value[x], not both {extension.exists() != value.exists()}"
"SEEHDSLMLaboratoryOrderOutcome.laboratoryOrderOutcome.body.modifierExtension","SEEHDSLMLaboratoryOrderOutcome.laboratoryOrderOutcome.body.modifierExtension","","extensions
user contentmodifiers","",0,*,"","Y","Y","Extension {[]} {[]}
","Extensions that cannot be ignored even if unrecognized","May be used to represent additional information that is not part of the basic definition of the element and that modifies the understanding of the element in which it is contained and/or the understanding of the containing element's descendants. Usually modifier elements provide negation or qualification. To make the use of extensions safe and manageable, there is a strict set of governance applied to the definition and use of extensions. Though any implementer can define an extension, there is a set of requirements that SHALL be met as part of the definition of the extension. Applications processing a resource are required to check for modifier extensions.

Modifier extensions SHALL NOT change the meaning of any elements on Resource or DomainResource (including cannot change the meaning of modifierExtension itself).","There can be no stigma associated with the use of extensions by any application, project, or standard - regardless of the institution or jurisdiction that uses or defines the extensions.  The use of extensions is what allows the FHIR specification to retain a core level of simplicity for everyone.","Modifier extensions allow for extensions that *cannot* be safely ignored to be clearly distinguished from the vast majority of extensions which can be safely ignored.  This promotes interoperability by eliminating the need for implementers to prohibit the presence of extensions. For further information, see the [definition of modifier extensions](http://hl7.org/fhir/R4/extensibility.html#modifierExtension).","","","","","","","",,,,,"",,,,"BackboneElement.modifierExtension",0,*,"","ele-1:All FHIR elements must have a @value or children {hasValue() or (children().count() > id.count())}
ext-1:Must have either extensions or value[x], not both {extension.exists() != value.exists()}"
"SEEHDSLMLaboratoryOrderOutcome.laboratoryOrderOutcome.body.identifier","SEEHDSLMLaboratoryOrderOutcome.laboratoryOrderOutcome.body.identifier","","","",1,1,"","","","https://fhir.inera.se/ig/ehds-tk/StructureDefinition/SEEHDSRivIITypeHealthcondActoutcome4 {[]} {[]}
","Beställningens unika id","Angivelse av identitetsbeteckning för laboratoriesvaret.","","","","","","","","","",,,,,"",,,,"SEEHDSLMLaboratoryOrderOutcome.laboratoryOrderOutcome.body.identifier",1,1,"",""
"SEEHDSLMLaboratoryOrderOutcome.laboratoryOrderOutcome.body.laboratoryIdentifier","SEEHDSLMLaboratoryOrderOutcome.laboratoryOrderOutcome.body.laboratoryIdentifier","","","",0,1,"","","","https://fhir.inera.se/ig/ehds-tk/StructureDefinition/SEEHDSRivIITypeHealthcondActoutcome4 {[]} {[]}
","Laboratoriets beställningsnummer","Angivelse av identitetsbeteckning för laboratoriets arbetsorder. Benämns även som LID.","","","","","","","","","",,,,,"",,,,"SEEHDSLMLaboratoryOrderOutcome.laboratoryOrderOutcome.body.laboratoryIdentifier",0,1,"",""
"SEEHDSLMLaboratoryOrderOutcome.laboratoryOrderOutcome.body.type","SEEHDSLMLaboratoryOrderOutcome.laboratoryOrderOutcome.body.type","","","",1,1,"","","","https://fhir.inera.se/ig/ehds-tk/StructureDefinition/SEEHDSRivCVTypeHealthcondActoutcome4 {[]} {[]}
","Typ av laboratoriebeställning","Kod för status av laboratoriesvar. Använd FHIR value set Diagnostic Report Status. Giltiga koder är final, partial eller preliminary. Se kodverket för beskrivning av respektive kod. code: En av koderna final, partial eller preliminary codeSystem: 2.16.840.1.113883.4.642.3.235 displayName: Klartext motsvarande den använda koden.","","","","","","","","","",,,,,"",,,,"SEEHDSLMLaboratoryOrderOutcome.laboratoryOrderOutcome.body.type",1,1,"",""
"SEEHDSLMLaboratoryOrderOutcome.laboratoryOrderOutcome.body.text","SEEHDSLMLaboratoryOrderOutcome.laboratoryOrderOutcome.body.text","","","",0,1,"","","","https://fhir.inera.se/ig/ehds-tk/StructureDefinition/SEEHDSRivString {[]} {[]}
","Fritext om beställningen","Angivelse av utlåtande eller kommentar som gäller hela laboratoriesvaret.","","","","","","","","","",,,,,"",,,,"SEEHDSLMLaboratoryOrderOutcome.laboratoryOrderOutcome.body.text",0,1,"",""
"SEEHDSLMLaboratoryOrderOutcome.laboratoryOrderOutcome.body.referral","SEEHDSLMLaboratoryOrderOutcome.laboratoryOrderOutcome.body.referral","","","",0,1,"","","","BackboneElement {[]} {[]}
","Kopplad remiss","Den remiss som ligger till grund för svaret.","","","","","","","","","",,,,,"",,,,"SEEHDSLMLaboratoryOrderOutcome.laboratoryOrderOutcome.body.referral",0,1,"","ele-1:All FHIR elements must have a @value or children {hasValue() or (children().count() > id.count())}
"
"SEEHDSLMLaboratoryOrderOutcome.laboratoryOrderOutcome.body.referral.id","SEEHDSLMLaboratoryOrderOutcome.laboratoryOrderOutcome.body.referral.id","","","",0,1,"","","","string {[]} {[]}
","Unique id for inter-element referencing","Unique id for the element within a resource (for internal references). This may be any string value that does not contain spaces.","","","","","","","","","",,,,,"",,,,"Element.id",0,1,"",""
"SEEHDSLMLaboratoryOrderOutcome.laboratoryOrderOutcome.body.referral.extension","SEEHDSLMLaboratoryOrderOutcome.laboratoryOrderOutcome.body.referral.extension","","extensions
user content","",0,*,"","","","Extension {[]} {[]}
","Additional content defined by implementations","May be used to represent additional information that is not part of the basic definition of the element. To make the use of extensions safe and manageable, there is a strict set of governance  applied to the definition and use of extensions. Though any implementer can define an extension, there is a set of requirements that SHALL be met as part of the definition of the extension.","There can be no stigma associated with the use of extensions by any application, project, or standard - regardless of the institution or jurisdiction that uses or defines the extensions.  The use of extensions is what allows the FHIR specification to retain a core level of simplicity for everyone.","","","","","","","","",,,,,"","value:url}
","Extensions are always sliced by (at least) url",,"open","Element.extension",0,*,"","ele-1:All FHIR elements must have a @value or children {hasValue() or (children().count() > id.count())}
ext-1:Must have either extensions or value[x], not both {extension.exists() != value.exists()}"
"SEEHDSLMLaboratoryOrderOutcome.laboratoryOrderOutcome.body.referral.modifierExtension","SEEHDSLMLaboratoryOrderOutcome.laboratoryOrderOutcome.body.referral.modifierExtension","","extensions
user contentmodifiers","",0,*,"","Y","Y","Extension {[]} {[]}
","Extensions that cannot be ignored even if unrecognized","May be used to represent additional information that is not part of the basic definition of the element and that modifies the understanding of the element in which it is contained and/or the understanding of the containing element's descendants. Usually modifier elements provide negation or qualification. To make the use of extensions safe and manageable, there is a strict set of governance applied to the definition and use of extensions. Though any implementer can define an extension, there is a set of requirements that SHALL be met as part of the definition of the extension. Applications processing a resource are required to check for modifier extensions.

Modifier extensions SHALL NOT change the meaning of any elements on Resource or DomainResource (including cannot change the meaning of modifierExtension itself).","There can be no stigma associated with the use of extensions by any application, project, or standard - regardless of the institution or jurisdiction that uses or defines the extensions.  The use of extensions is what allows the FHIR specification to retain a core level of simplicity for everyone.","Modifier extensions allow for extensions that *cannot* be safely ignored to be clearly distinguished from the vast majority of extensions which can be safely ignored.  This promotes interoperability by eliminating the need for implementers to prohibit the presence of extensions. For further information, see the [definition of modifier extensions](http://hl7.org/fhir/R4/extensibility.html#modifierExtension).","","","","","","","",,,,,"",,,,"BackboneElement.modifierExtension",0,*,"","ele-1:All FHIR elements must have a @value or children {hasValue() or (children().count() > id.count())}
ext-1:Must have either extensions or value[x], not both {extension.exists() != value.exists()}"
"SEEHDSLMLaboratoryOrderOutcome.laboratoryOrderOutcome.body.referral.identifier","SEEHDSLMLaboratoryOrderOutcome.laboratoryOrderOutcome.body.referral.identifier","","","",1,1,"","","","https://fhir.inera.se/ig/ehds-tk/StructureDefinition/SEEHDSRivIITypeHealthcondActoutcome4 {[]} {[]}
","Remissens id","Angivelse av identitetsbeteckning för remissen. root: logisk adress extension: remissens id, även kallad RID","","","","","","","","","",,,,,"",,,,"SEEHDSLMLaboratoryOrderOutcome.laboratoryOrderOutcome.body.referral.identifier",1,1,"",""
"SEEHDSLMLaboratoryOrderOutcome.laboratoryOrderOutcome.body.referral.timestamp","SEEHDSLMLaboratoryOrderOutcome.laboratoryOrderOutcome.body.referral.timestamp","","","",1,1,"","","","https://fhir.inera.se/ig/ehds-tk/StructureDefinition/SEEHDSRivTimeStamp {[]} {[]}
","Remissens tidpunkt","Tidsangivelse för när remiss skapats.
Format enligt XSD (TimeStampType): ÅÅÅÅMMDDttmmss.","","","","","","","","","",,,,,"",,,,"SEEHDSLMLaboratoryOrderOutcome.laboratoryOrderOutcome.body.referral.timestamp",1,1,"",""
"SEEHDSLMLaboratoryOrderOutcome.laboratoryOrderOutcome.body.referral.version","SEEHDSLMLaboratoryOrderOutcome.laboratoryOrderOutcome.body.referral.version","","","",0,1,"","","","https://fhir.inera.se/ig/ehds-tk/StructureDefinition/SEEHDSRivInteger {[]} {[]}
","Remissversion","Version av remiss.","","","","","","","","","",,,,,"",,,,"SEEHDSLMLaboratoryOrderOutcome.laboratoryOrderOutcome.body.referral.version",0,1,"",""
"SEEHDSLMLaboratoryOrderOutcome.laboratoryOrderOutcome.body.referral.question","SEEHDSLMLaboratoryOrderOutcome.laboratoryOrderOutcome.body.referral.question","","","",0,1,"","","","https://fhir.inera.se/ig/ehds-tk/StructureDefinition/SEEHDSRivString {[]} {[]}
","Frågeställning i remissen","Remissens frågeställning.","","","","","","","","","",,,,,"",,,,"SEEHDSLMLaboratoryOrderOutcome.laboratoryOrderOutcome.body.referral.question",0,1,"",""
"SEEHDSLMLaboratoryOrderOutcome.laboratoryOrderOutcome.body.referral.requestedCareService","SEEHDSLMLaboratoryOrderOutcome.laboratoryOrderOutcome.body.referral.requestedCareService","","","",0,*,"","","","https://fhir.inera.se/ig/ehds-tk/StructureDefinition/SEEHDSRivCVTypeHealthcondActoutcome4 {[]} {[]}
","Begärd vårdtjänst","Kod för efterfrågad tjänst från utbudskatalog. Det finns inget kodverk eller urval utpekat för detta attribut. Regel 3.4 Om kod ej kan anges kan datatypens attribut originalText användas för en fritextrepresentation.","","","","","","","","","",,,,,"",,,,"SEEHDSLMLaboratoryOrderOutcome.laboratoryOrderOutcome.body.referral.requestedCareService",0,*,"",""
"SEEHDSLMLaboratoryOrderOutcome.laboratoryOrderOutcome.body.referral.requester","SEEHDSLMLaboratoryOrderOutcome.laboratoryOrderOutcome.body.referral.requester","","","",0,1,"","","","BackboneElement {[]} {[]}
","Remittent","Hälso- och sjukvårdspersonal som skrivit remiss.","","","","","","","","","",,,,,"",,,,"SEEHDSLMLaboratoryOrderOutcome.laboratoryOrderOutcome.body.referral.requester",0,1,"","ele-1:All FHIR elements must have a @value or children {hasValue() or (children().count() > id.count())}
"
"SEEHDSLMLaboratoryOrderOutcome.laboratoryOrderOutcome.body.referral.requester.id","SEEHDSLMLaboratoryOrderOutcome.laboratoryOrderOutcome.body.referral.requester.id","","","",0,1,"","","","string {[]} {[]}
","Unique id for inter-element referencing","Unique id for the element within a resource (for internal references). This may be any string value that does not contain spaces.","","","","","","","","","",,,,,"",,,,"Element.id",0,1,"",""
"SEEHDSLMLaboratoryOrderOutcome.laboratoryOrderOutcome.body.referral.requester.extension","SEEHDSLMLaboratoryOrderOutcome.laboratoryOrderOutcome.body.referral.requester.extension","","extensions
user content","",0,*,"","","","Extension {[]} {[]}
","Additional content defined by implementations","May be used to represent additional information that is not part of the basic definition of the element. To make the use of extensions safe and manageable, there is a strict set of governance  applied to the definition and use of extensions. Though any implementer can define an extension, there is a set of requirements that SHALL be met as part of the definition of the extension.","There can be no stigma associated with the use of extensions by any application, project, or standard - regardless of the institution or jurisdiction that uses or defines the extensions.  The use of extensions is what allows the FHIR specification to retain a core level of simplicity for everyone.","","","","","","","","",,,,,"","value:url}
","Extensions are always sliced by (at least) url",,"open","Element.extension",0,*,"","ele-1:All FHIR elements must have a @value or children {hasValue() or (children().count() > id.count())}
ext-1:Must have either extensions or value[x], not both {extension.exists() != value.exists()}"
"SEEHDSLMLaboratoryOrderOutcome.laboratoryOrderOutcome.body.referral.requester.modifierExtension","SEEHDSLMLaboratoryOrderOutcome.laboratoryOrderOutcome.body.referral.requester.modifierExtension","","extensions
user contentmodifiers","",0,*,"","Y","Y","Extension {[]} {[]}
","Extensions that cannot be ignored even if unrecognized","May be used to represent additional information that is not part of the basic definition of the element and that modifies the understanding of the element in which it is contained and/or the understanding of the containing element's descendants. Usually modifier elements provide negation or qualification. To make the use of extensions safe and manageable, there is a strict set of governance applied to the definition and use of extensions. Though any implementer can define an extension, there is a set of requirements that SHALL be met as part of the definition of the extension. Applications processing a resource are required to check for modifier extensions.

Modifier extensions SHALL NOT change the meaning of any elements on Resource or DomainResource (including cannot change the meaning of modifierExtension itself).","There can be no stigma associated with the use of extensions by any application, project, or standard - regardless of the institution or jurisdiction that uses or defines the extensions.  The use of extensions is what allows the FHIR specification to retain a core level of simplicity for everyone.","Modifier extensions allow for extensions that *cannot* be safely ignored to be clearly distinguished from the vast majority of extensions which can be safely ignored.  This promotes interoperability by eliminating the need for implementers to prohibit the presence of extensions. For further information, see the [definition of modifier extensions](http://hl7.org/fhir/R4/extensibility.html#modifierExtension).","","","","","","","",,,,,"",,,,"BackboneElement.modifierExtension",0,*,"","ele-1:All FHIR elements must have a @value or children {hasValue() or (children().count() > id.count())}
ext-1:Must have either extensions or value[x], not both {extension.exists() != value.exists()}"
"SEEHDSLMLaboratoryOrderOutcome.laboratoryOrderOutcome.body.referral.requester.rivId","SEEHDSLMLaboratoryOrderOutcome.laboratoryOrderOutcome.body.referral.requester.rivId","","","",0,1,"","","","https://fhir.inera.se/ig/ehds-tk/StructureDefinition/SEEHDSRivIITypeHealthcondActoutcome4 {[]} {[]}
","Remittentens HSA-id","HSA-id för hälso- och sjukvårdspersonal. root sätts till OID för HSA-id (1.2.752.129.2.1.4.1) extension sätts till HSA-id","","","","","","","","","",,,,,"",,,,"SEEHDSLMLaboratoryOrderOutcome.laboratoryOrderOutcome.body.referral.requester.rivId",0,1,"",""
"SEEHDSLMLaboratoryOrderOutcome.laboratoryOrderOutcome.body.referral.requester.name","SEEHDSLMLaboratoryOrderOutcome.laboratoryOrderOutcome.body.referral.requester.name","","","",0,1,"","","","https://fhir.inera.se/ig/ehds-tk/StructureDefinition/SEEHDSRivString {[]} {[]}
","Remittentens namn","Namn på hälso- och sjukvårdspersonal","","","","","","","","","",,,,,"",,,,"SEEHDSLMLaboratoryOrderOutcome.laboratoryOrderOutcome.body.referral.requester.name",0,1,"",""
"SEEHDSLMLaboratoryOrderOutcome.laboratoryOrderOutcome.body.referral.requester.byRole","SEEHDSLMLaboratoryOrderOutcome.laboratoryOrderOutcome.body.referral.requester.byRole","","","",0,1,"","","","https://fhir.inera.se/ig/ehds-tk/StructureDefinition/SEEHDSRivCVTypeHealthcondActoutcome4 {[]} {[]}
","Remittentens yrkesroll","Information om hälso- och sjukvårdspersonalens befattning. Om möjligt skall kod från HSA:s kodverk Befattning (OID: 1.2.752.129.2.2.1.4) [R3] användas för att ange personens befattning så som den var angiven i HSA-katalogen vid tidpunkten. Om kod inte är tillgänglig anges befattning i klartext i CV-typens attribut originalText.","","","","","","","","","",,,,,"",,,,"SEEHDSLMLaboratoryOrderOutcome.laboratoryOrderOutcome.body.referral.requester.byRole",0,1,"",""
"SEEHDSLMLaboratoryOrderOutcome.laboratoryOrderOutcome.body.referral.requester.orgUnit","SEEHDSLMLaboratoryOrderOutcome.laboratoryOrderOutcome.body.referral.requester.orgUnit","","","",0,1,"","","","BackboneElement {[]} {[]}
","Remittentens org-enhet","Den organisation som remittenten är uppdragstagare på. För detta fält är det obligatoriskt att ange både orgUnitType.id samt orgUnitType.name.","","","","","","","","","",,,,,"",,,,"SEEHDSLMLaboratoryOrderOutcome.laboratoryOrderOutcome.body.referral.requester.orgUnit",0,1,"","ele-1:All FHIR elements must have a @value or children {hasValue() or (children().count() > id.count())}
"
"SEEHDSLMLaboratoryOrderOutcome.laboratoryOrderOutcome.body.referral.requester.orgUnit.id","SEEHDSLMLaboratoryOrderOutcome.laboratoryOrderOutcome.body.referral.requester.orgUnit.id","","","",0,1,"","","","string {[]} {[]}
","Unique id for inter-element referencing","Unique id for the element within a resource (for internal references). This may be any string value that does not contain spaces.","","","","","","","","","",,,,,"",,,,"Element.id",0,1,"",""
"SEEHDSLMLaboratoryOrderOutcome.laboratoryOrderOutcome.body.referral.requester.orgUnit.extension","SEEHDSLMLaboratoryOrderOutcome.laboratoryOrderOutcome.body.referral.requester.orgUnit.extension","","extensions
user content","",0,*,"","","","Extension {[]} {[]}
","Additional content defined by implementations","May be used to represent additional information that is not part of the basic definition of the element. To make the use of extensions safe and manageable, there is a strict set of governance  applied to the definition and use of extensions. Though any implementer can define an extension, there is a set of requirements that SHALL be met as part of the definition of the extension.","There can be no stigma associated with the use of extensions by any application, project, or standard - regardless of the institution or jurisdiction that uses or defines the extensions.  The use of extensions is what allows the FHIR specification to retain a core level of simplicity for everyone.","","","","","","","","",,,,,"","value:url}
","Extensions are always sliced by (at least) url",,"open","Element.extension",0,*,"","ele-1:All FHIR elements must have a @value or children {hasValue() or (children().count() > id.count())}
ext-1:Must have either extensions or value[x], not both {extension.exists() != value.exists()}"
"SEEHDSLMLaboratoryOrderOutcome.laboratoryOrderOutcome.body.referral.requester.orgUnit.modifierExtension","SEEHDSLMLaboratoryOrderOutcome.laboratoryOrderOutcome.body.referral.requester.orgUnit.modifierExtension","","extensions
user contentmodifiers","",0,*,"","Y","Y","Extension {[]} {[]}
","Extensions that cannot be ignored even if unrecognized","May be used to represent additional information that is not part of the basic definition of the element and that modifies the understanding of the element in which it is contained and/or the understanding of the containing element's descendants. Usually modifier elements provide negation or qualification. To make the use of extensions safe and manageable, there is a strict set of governance applied to the definition and use of extensions. Though any implementer can define an extension, there is a set of requirements that SHALL be met as part of the definition of the extension. Applications processing a resource are required to check for modifier extensions.

Modifier extensions SHALL NOT change the meaning of any elements on Resource or DomainResource (including cannot change the meaning of modifierExtension itself).","There can be no stigma associated with the use of extensions by any application, project, or standard - regardless of the institution or jurisdiction that uses or defines the extensions.  The use of extensions is what allows the FHIR specification to retain a core level of simplicity for everyone.","Modifier extensions allow for extensions that *cannot* be safely ignored to be clearly distinguished from the vast majority of extensions which can be safely ignored.  This promotes interoperability by eliminating the need for implementers to prohibit the presence of extensions. For further information, see the [definition of modifier extensions](http://hl7.org/fhir/R4/extensibility.html#modifierExtension).","","","","","","","",,,,,"",,,,"BackboneElement.modifierExtension",0,*,"","ele-1:All FHIR elements must have a @value or children {hasValue() or (children().count() > id.count())}
ext-1:Must have either extensions or value[x], not both {extension.exists() != value.exists()}"
"SEEHDSLMLaboratoryOrderOutcome.laboratoryOrderOutcome.body.referral.requester.orgUnit.rivId","SEEHDSLMLaboratoryOrderOutcome.laboratoryOrderOutcome.body.referral.requester.orgUnit.rivId","","","",0,1,"","","","https://fhir.inera.se/ig/ehds-tk/StructureDefinition/SEEHDSRivIITypeHealthcondActoutcome4 {[]} {[]}
","OrgUnit HSA-id","Id för organisationsenheten där vårdpersonen verkat på uppdrag av. Om tillgängligt skall HSAid anges. Notera att det är den verksamhet där utrustningen använts som avses, inte utrustningens ägare. I de fall HSAid saknas kan ett för källsystemet unikt id användas varvid fältet root sätts till källsystemets HSAid och fältet extions sätts till lokalt id i källsystemet. Om HSAid används sätts fältet root till OID för HSA-katalogen (1.2.752.129.2.1.4.1) och fältet extension sätts till HSAid. Om organisationsnummer används skall fältet root sättas till OID för Skatteverkets organisationsnummer (2.5.4.97) och fältet extension sättas till organisationsnumret.","","","","","","","","","",,,,,"",,,,"SEEHDSLMLaboratoryOrderOutcome.laboratoryOrderOutcome.body.referral.requester.orgUnit.rivId",0,1,"",""
"SEEHDSLMLaboratoryOrderOutcome.laboratoryOrderOutcome.body.referral.requester.orgUnit.name","SEEHDSLMLaboratoryOrderOutcome.laboratoryOrderOutcome.body.referral.requester.orgUnit.name","","","",1,1,"","","","https://fhir.inera.se/ig/ehds-tk/StructureDefinition/SEEHDSRivString {[]} {[]}
","OrgUnit namn","Namn på organisationsenhet. Om tillgängligt skall detta anges.","","","","","","","","","",,,,,"",,,,"SEEHDSLMLaboratoryOrderOutcome.laboratoryOrderOutcome.body.referral.requester.orgUnit.name",1,1,"",""
"SEEHDSLMLaboratoryOrderOutcome.laboratoryOrderOutcome.body.referral.referralInformation","SEEHDSLMLaboratoryOrderOutcome.laboratoryOrderOutcome.body.referral.referralInformation","","","",0,1,"","","","BackboneElement {[]} {[]}
","Remissinformation","Ytterligare information från beställaren.","","","","","","","","","",,,,,"",,,,"SEEHDSLMLaboratoryOrderOutcome.laboratoryOrderOutcome.body.referral.referralInformation",0,1,"","ele-1:All FHIR elements must have a @value or children {hasValue() or (children().count() > id.count())}
"
"SEEHDSLMLaboratoryOrderOutcome.laboratoryOrderOutcome.body.referral.referralInformation.id","SEEHDSLMLaboratoryOrderOutcome.laboratoryOrderOutcome.body.referral.referralInformation.id","","","",0,1,"","","","string {[]} {[]}
","Unique id for inter-element referencing","Unique id for the element within a resource (for internal references). This may be any string value that does not contain spaces.","","","","","","","","","",,,,,"",,,,"Element.id",0,1,"",""
"SEEHDSLMLaboratoryOrderOutcome.laboratoryOrderOutcome.body.referral.referralInformation.extension","SEEHDSLMLaboratoryOrderOutcome.laboratoryOrderOutcome.body.referral.referralInformation.extension","","extensions
user content","",0,*,"","","","Extension {[]} {[]}
","Additional content defined by implementations","May be used to represent additional information that is not part of the basic definition of the element. To make the use of extensions safe and manageable, there is a strict set of governance  applied to the definition and use of extensions. Though any implementer can define an extension, there is a set of requirements that SHALL be met as part of the definition of the extension.","There can be no stigma associated with the use of extensions by any application, project, or standard - regardless of the institution or jurisdiction that uses or defines the extensions.  The use of extensions is what allows the FHIR specification to retain a core level of simplicity for everyone.","","","","","","","","",,,,,"","value:url}
","Extensions are always sliced by (at least) url",,"open","Element.extension",0,*,"","ele-1:All FHIR elements must have a @value or children {hasValue() or (children().count() > id.count())}
ext-1:Must have either extensions or value[x], not both {extension.exists() != value.exists()}"
"SEEHDSLMLaboratoryOrderOutcome.laboratoryOrderOutcome.body.referral.referralInformation.modifierExtension","SEEHDSLMLaboratoryOrderOutcome.laboratoryOrderOutcome.body.referral.referralInformation.modifierExtension","","extensions
user contentmodifiers","",0,*,"","Y","Y","Extension {[]} {[]}
","Extensions that cannot be ignored even if unrecognized","May be used to represent additional information that is not part of the basic definition of the element and that modifies the understanding of the element in which it is contained and/or the understanding of the containing element's descendants. Usually modifier elements provide negation or qualification. To make the use of extensions safe and manageable, there is a strict set of governance applied to the definition and use of extensions. Though any implementer can define an extension, there is a set of requirements that SHALL be met as part of the definition of the extension. Applications processing a resource are required to check for modifier extensions.

Modifier extensions SHALL NOT change the meaning of any elements on Resource or DomainResource (including cannot change the meaning of modifierExtension itself).","There can be no stigma associated with the use of extensions by any application, project, or standard - regardless of the institution or jurisdiction that uses or defines the extensions.  The use of extensions is what allows the FHIR specification to retain a core level of simplicity for everyone.","Modifier extensions allow for extensions that *cannot* be safely ignored to be clearly distinguished from the vast majority of extensions which can be safely ignored.  This promotes interoperability by eliminating the need for implementers to prohibit the presence of extensions. For further information, see the [definition of modifier extensions](http://hl7.org/fhir/R4/extensibility.html#modifierExtension).","","","","","","","",,,,,"",,,,"BackboneElement.modifierExtension",0,*,"","ele-1:All FHIR elements must have a @value or children {hasValue() or (children().count() > id.count())}
ext-1:Must have either extensions or value[x], not both {extension.exists() != value.exists()}"
"SEEHDSLMLaboratoryOrderOutcome.laboratoryOrderOutcome.body.referral.referralInformation.referralComment","SEEHDSLMLaboratoryOrderOutcome.laboratoryOrderOutcome.body.referral.referralInformation.referralComment","","","",0,1,"","","","https://fhir.inera.se/ig/ehds-tk/StructureDefinition/SEEHDSRivString {[]} {[]}
","Remisskommentar","Kommentar på beställningen av laboratorieundersökningen.","","","","","","","","","",,,,,"",,,,"SEEHDSLMLaboratoryOrderOutcome.laboratoryOrderOutcome.body.referral.referralInformation.referralComment",0,1,"",""
"SEEHDSLMLaboratoryOrderOutcome.laboratoryOrderOutcome.body.referral.referralInformation.referralMedicalInformation","SEEHDSLMLaboratoryOrderOutcome.laboratoryOrderOutcome.body.referral.referralInformation.referralMedicalInformation","","","",0,1,"","","","https://fhir.inera.se/ig/ehds-tk/StructureDefinition/SEEHDSRivString {[]} {[]}
","Medicinsk remissinformation","Medicinsk information som angetts i beställningen relaterad till laboratorieundersökningen.","","","","","","","","","",,,,,"",,,,"SEEHDSLMLaboratoryOrderOutcome.laboratoryOrderOutcome.body.referral.referralInformation.referralMedicalInformation",0,1,"",""
"SEEHDSLMLaboratoryOrderOutcome.laboratoryOrderOutcome.body.groupOfAnalyses","SEEHDSLMLaboratoryOrderOutcome.laboratoryOrderOutcome.body.groupOfAnalyses","","","",0,*,"","","","BackboneElement {[]} {[]}
","Analysgrupp (panel)","En grupp av relaterade analyser (t.ex. ett analyspaket). Kardinalitet: Valfri, lista.","","","","","","","","","",,,,,"",,,,"SEEHDSLMLaboratoryOrderOutcome.laboratoryOrderOutcome.body.groupOfAnalyses",0,*,"","ele-1:All FHIR elements must have a @value or children {hasValue() or (children().count() > id.count())}
"
"SEEHDSLMLaboratoryOrderOutcome.laboratoryOrderOutcome.body.groupOfAnalyses.id","SEEHDSLMLaboratoryOrderOutcome.laboratoryOrderOutcome.body.groupOfAnalyses.id","","","",0,1,"","","","string {[]} {[]}
","Unique id for inter-element referencing","Unique id for the element within a resource (for internal references). This may be any string value that does not contain spaces.","","","","","","","","","",,,,,"",,,,"Element.id",0,1,"",""
"SEEHDSLMLaboratoryOrderOutcome.laboratoryOrderOutcome.body.groupOfAnalyses.extension","SEEHDSLMLaboratoryOrderOutcome.laboratoryOrderOutcome.body.groupOfAnalyses.extension","","extensions
user content","",0,*,"","","","Extension {[]} {[]}
","Additional content defined by implementations","May be used to represent additional information that is not part of the basic definition of the element. To make the use of extensions safe and manageable, there is a strict set of governance  applied to the definition and use of extensions. Though any implementer can define an extension, there is a set of requirements that SHALL be met as part of the definition of the extension.","There can be no stigma associated with the use of extensions by any application, project, or standard - regardless of the institution or jurisdiction that uses or defines the extensions.  The use of extensions is what allows the FHIR specification to retain a core level of simplicity for everyone.","","","","","","","","",,,,,"","value:url}
","Extensions are always sliced by (at least) url",,"open","Element.extension",0,*,"","ele-1:All FHIR elements must have a @value or children {hasValue() or (children().count() > id.count())}
ext-1:Must have either extensions or value[x], not both {extension.exists() != value.exists()}"
"SEEHDSLMLaboratoryOrderOutcome.laboratoryOrderOutcome.body.groupOfAnalyses.modifierExtension","SEEHDSLMLaboratoryOrderOutcome.laboratoryOrderOutcome.body.groupOfAnalyses.modifierExtension","","extensions
user contentmodifiers","",0,*,"","Y","Y","Extension {[]} {[]}
","Extensions that cannot be ignored even if unrecognized","May be used to represent additional information that is not part of the basic definition of the element and that modifies the understanding of the element in which it is contained and/or the understanding of the containing element's descendants. Usually modifier elements provide negation or qualification. To make the use of extensions safe and manageable, there is a strict set of governance applied to the definition and use of extensions. Though any implementer can define an extension, there is a set of requirements that SHALL be met as part of the definition of the extension. Applications processing a resource are required to check for modifier extensions.

Modifier extensions SHALL NOT change the meaning of any elements on Resource or DomainResource (including cannot change the meaning of modifierExtension itself).","There can be no stigma associated with the use of extensions by any application, project, or standard - regardless of the institution or jurisdiction that uses or defines the extensions.  The use of extensions is what allows the FHIR specification to retain a core level of simplicity for everyone.","Modifier extensions allow for extensions that *cannot* be safely ignored to be clearly distinguished from the vast majority of extensions which can be safely ignored.  This promotes interoperability by eliminating the need for implementers to prohibit the presence of extensions. For further information, see the [definition of modifier extensions](http://hl7.org/fhir/R4/extensibility.html#modifierExtension).","","","","","","","",,,,,"",,,,"BackboneElement.modifierExtension",0,*,"","ele-1:All FHIR elements must have a @value or children {hasValue() or (children().count() > id.count())}
ext-1:Must have either extensions or value[x], not both {extension.exists() != value.exists()}"
"SEEHDSLMLaboratoryOrderOutcome.laboratoryOrderOutcome.body.groupOfAnalyses.name","SEEHDSLMLaboratoryOrderOutcome.laboratoryOrderOutcome.body.groupOfAnalyses.name","","","",0,1,"","","","https://fhir.inera.se/ig/ehds-tk/StructureDefinition/SEEHDSRivString {[]} {[]}
","Gruppens namn","Namn eller benämning för hela analysgruppen. Obligatorisk om attributet comment anges.","","","","","","","","","",,,,,"",,,,"SEEHDSLMLaboratoryOrderOutcome.laboratoryOrderOutcome.body.groupOfAnalyses.name",0,1,"",""
"SEEHDSLMLaboratoryOrderOutcome.laboratoryOrderOutcome.body.groupOfAnalyses.comment","SEEHDSLMLaboratoryOrderOutcome.laboratoryOrderOutcome.body.groupOfAnalyses.comment","","","",0,1,"","","","https://fhir.inera.se/ig/ehds-tk/StructureDefinition/SEEHDSRivString {[]} {[]}
","Kommentar till gruppen","Kommentar för hela analysgruppen. Om en kommentar anges ska även attributet name anges.","","","","","","","","","",,,,,"",,,,"SEEHDSLMLaboratoryOrderOutcome.laboratoryOrderOutcome.body.groupOfAnalyses.comment",0,1,"",""
"SEEHDSLMLaboratoryOrderOutcome.laboratoryOrderOutcome.body.groupOfAnalyses.code","SEEHDSLMLaboratoryOrderOutcome.laboratoryOrderOutcome.body.groupOfAnalyses.code","","","",0,1,"","","","https://fhir.inera.se/ig/ehds-tk/StructureDefinition/SEEHDSRivCVTypeHealthcondActoutcome4 {[]} {[]}
","Gruppens kod","Listkoder (NPU) som fungerar som en rubrik-kod för de ingående analyserna. code.code: Kod från “Urval analyskoder laboratoriemedicin” (se [R16]) code.codeSystem: 1.2.752.108.1 Regel 3.5 Om kod ej kan anges kan datatypens attribut originalText användas för en fritextrepresentation.","","","","","","","","","",,,,,"",,,,"SEEHDSLMLaboratoryOrderOutcome.laboratoryOrderOutcome.body.groupOfAnalyses.code",0,1,"",""
"SEEHDSLMLaboratoryOrderOutcome.laboratoryOrderOutcome.body.groupOfAnalyses.analysis","SEEHDSLMLaboratoryOrderOutcome.laboratoryOrderOutcome.body.groupOfAnalyses.analysis","","","",1,*,"","","","BackboneElement {[]} {[]}
","Enskild analys","Utförd analys.","","","","","","","","","",,,,,"",,,,"SEEHDSLMLaboratoryOrderOutcome.laboratoryOrderOutcome.body.groupOfAnalyses.analysis",1,*,"","ele-1:All FHIR elements must have a @value or children {hasValue() or (children().count() > id.count())}
"
"SEEHDSLMLaboratoryOrderOutcome.laboratoryOrderOutcome.body.groupOfAnalyses.analysis.id","SEEHDSLMLaboratoryOrderOutcome.laboratoryOrderOutcome.body.groupOfAnalyses.analysis.id","","","",0,1,"","","","string {[]} {[]}
","Unique id for inter-element referencing","Unique id for the element within a resource (for internal references). This may be any string value that does not contain spaces.","","","","","","","","","",,,,,"",,,,"Element.id",0,1,"",""
"SEEHDSLMLaboratoryOrderOutcome.laboratoryOrderOutcome.body.groupOfAnalyses.analysis.extension","SEEHDSLMLaboratoryOrderOutcome.laboratoryOrderOutcome.body.groupOfAnalyses.analysis.extension","","extensions
user content","",0,*,"","","","Extension {[]} {[]}
","Additional content defined by implementations","May be used to represent additional information that is not part of the basic definition of the element. To make the use of extensions safe and manageable, there is a strict set of governance  applied to the definition and use of extensions. Though any implementer can define an extension, there is a set of requirements that SHALL be met as part of the definition of the extension.","There can be no stigma associated with the use of extensions by any application, project, or standard - regardless of the institution or jurisdiction that uses or defines the extensions.  The use of extensions is what allows the FHIR specification to retain a core level of simplicity for everyone.","","","","","","","","",,,,,"","value:url}
","Extensions are always sliced by (at least) url",,"open","Element.extension",0,*,"","ele-1:All FHIR elements must have a @value or children {hasValue() or (children().count() > id.count())}
ext-1:Must have either extensions or value[x], not both {extension.exists() != value.exists()}"
"SEEHDSLMLaboratoryOrderOutcome.laboratoryOrderOutcome.body.groupOfAnalyses.analysis.modifierExtension","SEEHDSLMLaboratoryOrderOutcome.laboratoryOrderOutcome.body.groupOfAnalyses.analysis.modifierExtension","","extensions
user contentmodifiers","",0,*,"","Y","Y","Extension {[]} {[]}
","Extensions that cannot be ignored even if unrecognized","May be used to represent additional information that is not part of the basic definition of the element and that modifies the understanding of the element in which it is contained and/or the understanding of the containing element's descendants. Usually modifier elements provide negation or qualification. To make the use of extensions safe and manageable, there is a strict set of governance applied to the definition and use of extensions. Though any implementer can define an extension, there is a set of requirements that SHALL be met as part of the definition of the extension. Applications processing a resource are required to check for modifier extensions.

Modifier extensions SHALL NOT change the meaning of any elements on Resource or DomainResource (including cannot change the meaning of modifierExtension itself).","There can be no stigma associated with the use of extensions by any application, project, or standard - regardless of the institution or jurisdiction that uses or defines the extensions.  The use of extensions is what allows the FHIR specification to retain a core level of simplicity for everyone.","Modifier extensions allow for extensions that *cannot* be safely ignored to be clearly distinguished from the vast majority of extensions which can be safely ignored.  This promotes interoperability by eliminating the need for implementers to prohibit the presence of extensions. For further information, see the [definition of modifier extensions](http://hl7.org/fhir/R4/extensibility.html#modifierExtension).","","","","","","","",,,,,"",,,,"BackboneElement.modifierExtension",0,*,"","ele-1:All FHIR elements must have a @value or children {hasValue() or (children().count() > id.count())}
ext-1:Must have either extensions or value[x], not both {extension.exists() != value.exists()}"
"SEEHDSLMLaboratoryOrderOutcome.laboratoryOrderOutcome.body.groupOfAnalyses.analysis.identifier","SEEHDSLMLaboratoryOrderOutcome.laboratoryOrderOutcome.body.groupOfAnalyses.analysis.identifier","","","",0,1,"","","","https://fhir.inera.se/ig/ehds-tk/StructureDefinition/SEEHDSRivIITypeHealthcondActoutcome4 {[]} {[]}
","Analysens id","Id för utförd analys.","","","","","","","","","",,,,,"",,,,"SEEHDSLMLaboratoryOrderOutcome.laboratoryOrderOutcome.body.groupOfAnalyses.analysis.identifier",0,1,"",""
"SEEHDSLMLaboratoryOrderOutcome.laboratoryOrderOutcome.body.groupOfAnalyses.analysis.timestamp","SEEHDSLMLaboratoryOrderOutcome.laboratoryOrderOutcome.body.groupOfAnalyses.analysis.timestamp","","","",0,1,"","","","https://fhir.inera.se/ig/ehds-tk/StructureDefinition/SEEHDSRivTimeStamp {[]} {[]}
","Tidpunkt för analysen","Den tidpunkt då analysen utfördes.
Format enligt XSD (TimeStampType): ÅÅÅÅMMDDttmmss.","","","","","","","","","",,,,,"",,,,"SEEHDSLMLaboratoryOrderOutcome.laboratoryOrderOutcome.body.groupOfAnalyses.analysis.timestamp",0,1,"",""
"SEEHDSLMLaboratoryOrderOutcome.laboratoryOrderOutcome.body.groupOfAnalyses.analysis.code","SEEHDSLMLaboratoryOrderOutcome.laboratoryOrderOutcome.body.groupOfAnalyses.analysis.code","","","",1,1,"","","","https://fhir.inera.se/ig/ehds-tk/StructureDefinition/SEEHDSRivCVTypeHealthcondActoutcome4 {[]} {[]}
","Analysens kod (t.ex. NPU)","Kod (NPU) för den analys som utförts. code.code: Kod från “Urval analyskoder laboratoriemedicin” (se [R16]) code.codeSystem: 1.2.752.108.1 Regel 3.5 Om kod ej kan anges kan datatypens attribut originalText användas för en fritextrepresentation.","","","","","","","","","",,,,,"",,,,"SEEHDSLMLaboratoryOrderOutcome.laboratoryOrderOutcome.body.groupOfAnalyses.analysis.code",1,1,"",""
"SEEHDSLMLaboratoryOrderOutcome.laboratoryOrderOutcome.body.groupOfAnalyses.analysis.method","SEEHDSLMLaboratoryOrderOutcome.laboratoryOrderOutcome.body.groupOfAnalyses.analysis.method","","","",0,1,"","","","https://fhir.inera.se/ig/ehds-tk/StructureDefinition/SEEHDSRivCVTypeHealthcondActoutcome4 {[]} {[]}
","Analysmetod","Kod (SNOMED-CT-SE) för den typ av tillvägagångssätt för utförandet av analysen som avses. code.code: Kod från Urval analysmetod laboratoriemedicin (OID 1.2.752.129.5.1.18) (se [R10]) code.codeSystem: 1.2.752.116.2.1.1 Regel 3.5 Om kod ej kan anges kan datatypens attribut originalText användas för en fritextrepresentation.","","","","","","","","","",,,,,"",,,,"SEEHDSLMLaboratoryOrderOutcome.laboratoryOrderOutcome.body.groupOfAnalyses.analysis.method",0,1,"",""
"SEEHDSLMLaboratoryOrderOutcome.laboratoryOrderOutcome.body.groupOfAnalyses.analysis.status","SEEHDSLMLaboratoryOrderOutcome.laboratoryOrderOutcome.body.groupOfAnalyses.analysis.status","","","",0,1,"","","","https://fhir.inera.se/ig/ehds-tk/StructureDefinition/SEEHDSRivCVTypeHealthcondActoutcome4 {[]} {[]}
","Analysstatus","Kod (SNOMED-CT-SE) för analysens status. code.code: Kod från Urval analysstatus laboratoriemedicin (OID 1.2.752.129.5.1.6) (se [R10]) code.codeSystem: 1.2.752.116.2.1.1 Regel 3.5 Om status utelämnas ska detta tolkas som att analysen är slutförd. Fritextalternativ kan ej anges i datatypens attribut originalText.","","","","","","","","","",,,,,"",,,,"SEEHDSLMLaboratoryOrderOutcome.laboratoryOrderOutcome.body.groupOfAnalyses.analysis.status",0,1,"",""
"SEEHDSLMLaboratoryOrderOutcome.laboratoryOrderOutcome.body.groupOfAnalyses.analysis.comment","SEEHDSLMLaboratoryOrderOutcome.laboratoryOrderOutcome.body.groupOfAnalyses.analysis.comment","","","",0,1,"","","","https://fhir.inera.se/ig/ehds-tk/StructureDefinition/SEEHDSRivString {[]} {[]}
","Kommentar till analysen","Kommentar för enskild analys, exempelvis att svaret inte får användas för biobanksinfo.","","","","","","","","","",,,,,"",,,,"SEEHDSLMLaboratoryOrderOutcome.laboratoryOrderOutcome.body.groupOfAnalyses.analysis.comment",0,1,"",""
"SEEHDSLMLaboratoryOrderOutcome.laboratoryOrderOutcome.body.groupOfAnalyses.analysis.accredited","SEEHDSLMLaboratoryOrderOutcome.laboratoryOrderOutcome.body.groupOfAnalyses.analysis.accredited","","","",0,1,"","","","https://fhir.inera.se/ig/ehds-tk/StructureDefinition/SEEHDSRivBoolean {[]} {[]}
","Ackrediterad analys","Om analysen är ackrediterad sätts fältet till true. Om analysen inte är ackrediterad sätts fältet till false. Om analysens ackrediteringsstatus är okänd utelämnas elementet.","","","","","","","","","",,,,,"",,,,"SEEHDSLMLaboratoryOrderOutcome.laboratoryOrderOutcome.body.groupOfAnalyses.analysis.accredited",0,1,"",""
"SEEHDSLMLaboratoryOrderOutcome.laboratoryOrderOutcome.body.groupOfAnalyses.analysis.specimen","SEEHDSLMLaboratoryOrderOutcome.laboratoryOrderOutcome.body.groupOfAnalyses.analysis.specimen","","","",0,*,"","","","BackboneElement {[]} {[]}
","Prov","Information om ett prov.","","","","","","","","","",,,,,"",,,,"SEEHDSLMLaboratoryOrderOutcome.laboratoryOrderOutcome.body.groupOfAnalyses.analysis.specimen",0,*,"","ele-1:All FHIR elements must have a @value or children {hasValue() or (children().count() > id.count())}
"
"SEEHDSLMLaboratoryOrderOutcome.laboratoryOrderOutcome.body.groupOfAnalyses.analysis.specimen.id","SEEHDSLMLaboratoryOrderOutcome.laboratoryOrderOutcome.body.groupOfAnalyses.analysis.specimen.id","","","",0,1,"","","","string {[]} {[]}
","Unique id for inter-element referencing","Unique id for the element within a resource (for internal references). This may be any string value that does not contain spaces.","","","","","","","","","",,,,,"",,,,"Element.id",0,1,"",""
"SEEHDSLMLaboratoryOrderOutcome.laboratoryOrderOutcome.body.groupOfAnalyses.analysis.specimen.extension","SEEHDSLMLaboratoryOrderOutcome.laboratoryOrderOutcome.body.groupOfAnalyses.analysis.specimen.extension","","extensions
user content","",0,*,"","","","Extension {[]} {[]}
","Additional content defined by implementations","May be used to represent additional information that is not part of the basic definition of the element. To make the use of extensions safe and manageable, there is a strict set of governance  applied to the definition and use of extensions. Though any implementer can define an extension, there is a set of requirements that SHALL be met as part of the definition of the extension.","There can be no stigma associated with the use of extensions by any application, project, or standard - regardless of the institution or jurisdiction that uses or defines the extensions.  The use of extensions is what allows the FHIR specification to retain a core level of simplicity for everyone.","","","","","","","","",,,,,"","value:url}
","Extensions are always sliced by (at least) url",,"open","Element.extension",0,*,"","ele-1:All FHIR elements must have a @value or children {hasValue() or (children().count() > id.count())}
ext-1:Must have either extensions or value[x], not both {extension.exists() != value.exists()}"
"SEEHDSLMLaboratoryOrderOutcome.laboratoryOrderOutcome.body.groupOfAnalyses.analysis.specimen.modifierExtension","SEEHDSLMLaboratoryOrderOutcome.laboratoryOrderOutcome.body.groupOfAnalyses.analysis.specimen.modifierExtension","","extensions
user contentmodifiers","",0,*,"","Y","Y","Extension {[]} {[]}
","Extensions that cannot be ignored even if unrecognized","May be used to represent additional information that is not part of the basic definition of the element and that modifies the understanding of the element in which it is contained and/or the understanding of the containing element's descendants. Usually modifier elements provide negation or qualification. To make the use of extensions safe and manageable, there is a strict set of governance applied to the definition and use of extensions. Though any implementer can define an extension, there is a set of requirements that SHALL be met as part of the definition of the extension. Applications processing a resource are required to check for modifier extensions.

Modifier extensions SHALL NOT change the meaning of any elements on Resource or DomainResource (including cannot change the meaning of modifierExtension itself).","There can be no stigma associated with the use of extensions by any application, project, or standard - regardless of the institution or jurisdiction that uses or defines the extensions.  The use of extensions is what allows the FHIR specification to retain a core level of simplicity for everyone.","Modifier extensions allow for extensions that *cannot* be safely ignored to be clearly distinguished from the vast majority of extensions which can be safely ignored.  This promotes interoperability by eliminating the need for implementers to prohibit the presence of extensions. For further information, see the [definition of modifier extensions](http://hl7.org/fhir/R4/extensibility.html#modifierExtension).","","","","","","","",,,,,"",,,,"BackboneElement.modifierExtension",0,*,"","ele-1:All FHIR elements must have a @value or children {hasValue() or (children().count() > id.count())}
ext-1:Must have either extensions or value[x], not both {extension.exists() != value.exists()}"
"SEEHDSLMLaboratoryOrderOutcome.laboratoryOrderOutcome.body.groupOfAnalyses.analysis.specimen.identifier","SEEHDSLMLaboratoryOrderOutcome.laboratoryOrderOutcome.body.groupOfAnalyses.analysis.specimen.identifier","","","",0,1,"","","","https://fhir.inera.se/ig/ehds-tk/StructureDefinition/SEEHDSRivIITypeHealthcondActoutcome4 {[]} {[]}
","Provnummer","Identitetsbeteckning för ett prov.","","","","","","","","","",,,,,"",,,,"SEEHDSLMLaboratoryOrderOutcome.laboratoryOrderOutcome.body.groupOfAnalyses.analysis.specimen.identifier",0,1,"",""
"SEEHDSLMLaboratoryOrderOutcome.laboratoryOrderOutcome.body.groupOfAnalyses.analysis.specimen.material","SEEHDSLMLaboratoryOrderOutcome.laboratoryOrderOutcome.body.groupOfAnalyses.analysis.specimen.material","","","",0,1,"","","","https://fhir.inera.se/ig/ehds-tk/StructureDefinition/SEEHDSRivCVTypeHealthcondActoutcome4 {[]} {[]}
","Provmaterial","Kod (SNOMED-CT-SE) för typ av provmaterial. Koden för provmaterial kan även innefatta information om provtagningsmetod. code: Kod från Urval provtyp laboratoriemedicin (OID 1.2.752.129.5.1.13) (se [R10]) codeSystem: 1.2.752.116.2.1.1 Regel 3.5 Om kodad representation av provmaterialtyp från nationellt urval saknas kan datatypens attribut originalText användas för en fritextrepresentation.","","","","","","","","","",,,,,"",,,,"SEEHDSLMLaboratoryOrderOutcome.laboratoryOrderOutcome.body.groupOfAnalyses.analysis.specimen.material",0,1,"",""
"SEEHDSLMLaboratoryOrderOutcome.laboratoryOrderOutcome.body.groupOfAnalyses.analysis.specimen.timestamp","SEEHDSLMLaboratoryOrderOutcome.laboratoryOrderOutcome.body.groupOfAnalyses.analysis.specimen.timestamp","","","",1,1,"","","","https://fhir.inera.se/ig/ehds-tk/StructureDefinition/SEEHDSRivTimeStamp {[]} {[]}
","Provtagningstidpunkt","Angivelse av den tidpunkt då provet är taget.
Format enligt XSD (TimeStampType): ÅÅÅÅMMDDttmmss.","","","","","","","","","",,,,,"",,,,"SEEHDSLMLaboratoryOrderOutcome.laboratoryOrderOutcome.body.groupOfAnalyses.analysis.specimen.timestamp",1,1,"",""
"SEEHDSLMLaboratoryOrderOutcome.laboratoryOrderOutcome.body.groupOfAnalyses.analysis.specimen.anatomicalLocation","SEEHDSLMLaboratoryOrderOutcome.laboratoryOrderOutcome.body.groupOfAnalyses.analysis.specimen.anatomicalLocation","","","",0,1,"","","","https://fhir.inera.se/ig/ehds-tk/StructureDefinition/SEEHDSRivCVTypeHealthcondActoutcome4 {[]} {[]}
","Anatomisk plats","Kod (SNOMED-CT-SE) som anger var provet är taget. Exempel: höger arm, vänster njure. code: Kod från Urval anatomisk lokalisation laboratoriemedicin (OID 1.2.752.129.5.1.7) (se [R10]) codeSystem: 1.2.752.116.2.1.1 Regel 3.5 Om kodad representation av lokalisation från nationellt urval saknas används endast CV-attributet originalText för att ange textuellt alternativ.","","","","","","","","","",,,,,"",,,,"SEEHDSLMLaboratoryOrderOutcome.laboratoryOrderOutcome.body.groupOfAnalyses.analysis.specimen.anatomicalLocation",0,1,"",""
"SEEHDSLMLaboratoryOrderOutcome.laboratoryOrderOutcome.body.groupOfAnalyses.analysis.specimen.comment","SEEHDSLMLaboratoryOrderOutcome.laboratoryOrderOutcome.body.groupOfAnalyses.analysis.specimen.comment","","","",0,1,"","","","https://fhir.inera.se/ig/ehds-tk/StructureDefinition/SEEHDSRivString {[]} {[]}
","Kommentar om provet","Angivelse av kommentar om enskilt prov.","","","","","","","","","",,,,,"",,,,"SEEHDSLMLaboratoryOrderOutcome.laboratoryOrderOutcome.body.groupOfAnalyses.analysis.specimen.comment",0,1,"",""
"SEEHDSLMLaboratoryOrderOutcome.laboratoryOrderOutcome.body.groupOfAnalyses.analysis.specimen.activity","SEEHDSLMLaboratoryOrderOutcome.laboratoryOrderOutcome.body.groupOfAnalyses.analysis.specimen.activity","","","",0,*,"","","","BackboneElement {[]} {[]}
","Provrelaterad aktivitet","Håller information om aktiviteter relaterade till hantering av provet. Inkluderar även t.ex. aktiviteter i samband med transport, frysning, förvaring, bearbetning och delning i sekundärprov.","","","","","","","","","",,,,,"",,,,"SEEHDSLMLaboratoryOrderOutcome.laboratoryOrderOutcome.body.groupOfAnalyses.analysis.specimen.activity",0,*,"","ele-1:All FHIR elements must have a @value or children {hasValue() or (children().count() > id.count())}
"
"SEEHDSLMLaboratoryOrderOutcome.laboratoryOrderOutcome.body.groupOfAnalyses.analysis.specimen.activity.id","SEEHDSLMLaboratoryOrderOutcome.laboratoryOrderOutcome.body.groupOfAnalyses.analysis.specimen.activity.id","","","",0,1,"","","","string {[]} {[]}
","Unique id for inter-element referencing","Unique id for the element within a resource (for internal references). This may be any string value that does not contain spaces.","","","","","","","","","",,,,,"",,,,"Element.id",0,1,"",""
"SEEHDSLMLaboratoryOrderOutcome.laboratoryOrderOutcome.body.groupOfAnalyses.analysis.specimen.activity.extension","SEEHDSLMLaboratoryOrderOutcome.laboratoryOrderOutcome.body.groupOfAnalyses.analysis.specimen.activity.extension","","extensions
user content","",0,*,"","","","Extension {[]} {[]}
","Additional content defined by implementations","May be used to represent additional information that is not part of the basic definition of the element. To make the use of extensions safe and manageable, there is a strict set of governance  applied to the definition and use of extensions. Though any implementer can define an extension, there is a set of requirements that SHALL be met as part of the definition of the extension.","There can be no stigma associated with the use of extensions by any application, project, or standard - regardless of the institution or jurisdiction that uses or defines the extensions.  The use of extensions is what allows the FHIR specification to retain a core level of simplicity for everyone.","","","","","","","","",,,,,"","value:url}
","Extensions are always sliced by (at least) url",,"open","Element.extension",0,*,"","ele-1:All FHIR elements must have a @value or children {hasValue() or (children().count() > id.count())}
ext-1:Must have either extensions or value[x], not both {extension.exists() != value.exists()}"
"SEEHDSLMLaboratoryOrderOutcome.laboratoryOrderOutcome.body.groupOfAnalyses.analysis.specimen.activity.modifierExtension","SEEHDSLMLaboratoryOrderOutcome.laboratoryOrderOutcome.body.groupOfAnalyses.analysis.specimen.activity.modifierExtension","","extensions
user contentmodifiers","",0,*,"","Y","Y","Extension {[]} {[]}
","Extensions that cannot be ignored even if unrecognized","May be used to represent additional information that is not part of the basic definition of the element and that modifies the understanding of the element in which it is contained and/or the understanding of the containing element's descendants. Usually modifier elements provide negation or qualification. To make the use of extensions safe and manageable, there is a strict set of governance applied to the definition and use of extensions. Though any implementer can define an extension, there is a set of requirements that SHALL be met as part of the definition of the extension. Applications processing a resource are required to check for modifier extensions.

Modifier extensions SHALL NOT change the meaning of any elements on Resource or DomainResource (including cannot change the meaning of modifierExtension itself).","There can be no stigma associated with the use of extensions by any application, project, or standard - regardless of the institution or jurisdiction that uses or defines the extensions.  The use of extensions is what allows the FHIR specification to retain a core level of simplicity for everyone.","Modifier extensions allow for extensions that *cannot* be safely ignored to be clearly distinguished from the vast majority of extensions which can be safely ignored.  This promotes interoperability by eliminating the need for implementers to prohibit the presence of extensions. For further information, see the [definition of modifier extensions](http://hl7.org/fhir/R4/extensibility.html#modifierExtension).","","","","","","","",,,,,"",,,,"BackboneElement.modifierExtension",0,*,"","ele-1:All FHIR elements must have a @value or children {hasValue() or (children().count() > id.count())}
ext-1:Must have either extensions or value[x], not both {extension.exists() != value.exists()}"
"SEEHDSLMLaboratoryOrderOutcome.laboratoryOrderOutcome.body.groupOfAnalyses.analysis.specimen.activity.code","SEEHDSLMLaboratoryOrderOutcome.laboratoryOrderOutcome.body.groupOfAnalyses.analysis.specimen.activity.code","","","",1,1,"","","","https://fhir.inera.se/ig/ehds-tk/StructureDefinition/SEEHDSRivCVTypeHealthcondActoutcome4 {[]} {[]}
","Aktivitetskod","Kod (SNOMED-CT-SE) för provrelaterad aktivitet. code: Kod från SNOMED-CT-SE codeSystem: 1.2.752.116.2.1.1 Det finns inget urval utpekat för detta attribut. Regel 3.4","","","","","","","","","",,,,,"",,,,"SEEHDSLMLaboratoryOrderOutcome.laboratoryOrderOutcome.body.groupOfAnalyses.analysis.specimen.activity.code",1,1,"",""
"SEEHDSLMLaboratoryOrderOutcome.laboratoryOrderOutcome.body.groupOfAnalyses.analysis.specimen.activity.time","SEEHDSLMLaboratoryOrderOutcome.laboratoryOrderOutcome.body.groupOfAnalyses.analysis.specimen.activity.time","","","",1,1,"","","","https://fhir.inera.se/ig/ehds-tk/StructureDefinition/SEEHDSRivTimePeriodTypeHealthcondActoutcome4 {[]} {[]}
","Aktivitetens tidsperiod","Angivelse av tidpunkt eller tidsintervall då den provrelaterade aktiviteten utfördes. Om tidpunkt anges sätts start- och sluttid till samma tidpunkt.","","","","","","","","","",,,,,"",,,,"SEEHDSLMLaboratoryOrderOutcome.laboratoryOrderOutcome.body.groupOfAnalyses.analysis.specimen.activity.time",1,1,"",""
"SEEHDSLMLaboratoryOrderOutcome.laboratoryOrderOutcome.body.groupOfAnalyses.analysis.specimen.activity.method","SEEHDSLMLaboratoryOrderOutcome.laboratoryOrderOutcome.body.groupOfAnalyses.analysis.specimen.activity.method","","","",0,1,"","","","https://fhir.inera.se/ig/ehds-tk/StructureDefinition/SEEHDSRivCVTypeHealthcondActoutcome4 {[]} {[]}
","Aktivitetsmetod","Kod (SNOMED-CT-SE) för metod för provrelaterad aktivitet. code: Kod från SNOMED-CT-SE codeSystem: 1.2.752.116.2.1.1 Det finns inget urval utpekat för detta attribut. Regel 3.4","","","","","","","","","",,,,,"",,,,"SEEHDSLMLaboratoryOrderOutcome.laboratoryOrderOutcome.body.groupOfAnalyses.analysis.specimen.activity.method",0,1,"",""
"SEEHDSLMLaboratoryOrderOutcome.laboratoryOrderOutcome.body.groupOfAnalyses.analysis.specimen.container","SEEHDSLMLaboratoryOrderOutcome.laboratoryOrderOutcome.body.groupOfAnalyses.analysis.specimen.container","","","",0,*,"","","","BackboneElement {[]} {[]}
","Provbehållare","Information om den eller de provbehållare som provet förvaras i.","","","","","","","","","",,,,,"",,,,"SEEHDSLMLaboratoryOrderOutcome.laboratoryOrderOutcome.body.groupOfAnalyses.analysis.specimen.container",0,*,"","ele-1:All FHIR elements must have a @value or children {hasValue() or (children().count() > id.count())}
"
"SEEHDSLMLaboratoryOrderOutcome.laboratoryOrderOutcome.body.groupOfAnalyses.analysis.specimen.container.id","SEEHDSLMLaboratoryOrderOutcome.laboratoryOrderOutcome.body.groupOfAnalyses.analysis.specimen.container.id","","","",0,1,"","","","string {[]} {[]}
","Unique id for inter-element referencing","Unique id for the element within a resource (for internal references). This may be any string value that does not contain spaces.","","","","","","","","","",,,,,"",,,,"Element.id",0,1,"",""
"SEEHDSLMLaboratoryOrderOutcome.laboratoryOrderOutcome.body.groupOfAnalyses.analysis.specimen.container.extension","SEEHDSLMLaboratoryOrderOutcome.laboratoryOrderOutcome.body.groupOfAnalyses.analysis.specimen.container.extension","","extensions
user content","",0,*,"","","","Extension {[]} {[]}
","Additional content defined by implementations","May be used to represent additional information that is not part of the basic definition of the element. To make the use of extensions safe and manageable, there is a strict set of governance  applied to the definition and use of extensions. Though any implementer can define an extension, there is a set of requirements that SHALL be met as part of the definition of the extension.","There can be no stigma associated with the use of extensions by any application, project, or standard - regardless of the institution or jurisdiction that uses or defines the extensions.  The use of extensions is what allows the FHIR specification to retain a core level of simplicity for everyone.","","","","","","","","",,,,,"","value:url}
","Extensions are always sliced by (at least) url",,"open","Element.extension",0,*,"","ele-1:All FHIR elements must have a @value or children {hasValue() or (children().count() > id.count())}
ext-1:Must have either extensions or value[x], not both {extension.exists() != value.exists()}"
"SEEHDSLMLaboratoryOrderOutcome.laboratoryOrderOutcome.body.groupOfAnalyses.analysis.specimen.container.modifierExtension","SEEHDSLMLaboratoryOrderOutcome.laboratoryOrderOutcome.body.groupOfAnalyses.analysis.specimen.container.modifierExtension","","extensions
user contentmodifiers","",0,*,"","Y","Y","Extension {[]} {[]}
","Extensions that cannot be ignored even if unrecognized","May be used to represent additional information that is not part of the basic definition of the element and that modifies the understanding of the element in which it is contained and/or the understanding of the containing element's descendants. Usually modifier elements provide negation or qualification. To make the use of extensions safe and manageable, there is a strict set of governance applied to the definition and use of extensions. Though any implementer can define an extension, there is a set of requirements that SHALL be met as part of the definition of the extension. Applications processing a resource are required to check for modifier extensions.

Modifier extensions SHALL NOT change the meaning of any elements on Resource or DomainResource (including cannot change the meaning of modifierExtension itself).","There can be no stigma associated with the use of extensions by any application, project, or standard - regardless of the institution or jurisdiction that uses or defines the extensions.  The use of extensions is what allows the FHIR specification to retain a core level of simplicity for everyone.","Modifier extensions allow for extensions that *cannot* be safely ignored to be clearly distinguished from the vast majority of extensions which can be safely ignored.  This promotes interoperability by eliminating the need for implementers to prohibit the presence of extensions. For further information, see the [definition of modifier extensions](http://hl7.org/fhir/R4/extensibility.html#modifierExtension).","","","","","","","",,,,,"",,,,"BackboneElement.modifierExtension",0,*,"","ele-1:All FHIR elements must have a @value or children {hasValue() or (children().count() > id.count())}
ext-1:Must have either extensions or value[x], not both {extension.exists() != value.exists()}"
"SEEHDSLMLaboratoryOrderOutcome.laboratoryOrderOutcome.body.groupOfAnalyses.analysis.specimen.container.identifier","SEEHDSLMLaboratoryOrderOutcome.laboratoryOrderOutcome.body.groupOfAnalyses.analysis.specimen.container.identifier","","","",0,*,"","","","https://fhir.inera.se/ig/ehds-tk/StructureDefinition/SEEHDSRivIITypeHealthcondActoutcome4 {[]} {[]}
","Behållarens id","Identitetsbeteckning för en provbehållare.","","","","","","","","","",,,,,"",,,,"SEEHDSLMLaboratoryOrderOutcome.laboratoryOrderOutcome.body.groupOfAnalyses.analysis.specimen.container.identifier",0,*,"",""
"SEEHDSLMLaboratoryOrderOutcome.laboratoryOrderOutcome.body.groupOfAnalyses.analysis.specimen.container.type","SEEHDSLMLaboratoryOrderOutcome.laboratoryOrderOutcome.body.groupOfAnalyses.analysis.specimen.container.type","","","",1,1,"","","","https://fhir.inera.se/ig/ehds-tk/StructureDefinition/SEEHDSRivCVTypeHealthcondActoutcome4 {[]} {[]}
","Behållartyp","Kod (SNOMED-CT-SE) för typ av provbehållare. code: Kod från Urval provbehållare laboratoriemedicin (OID 1.2.752.129.5.1.12) (se [R10]) codeSystem: 1.2.752.116.2.1.1 Regel 3.5 Om kod saknas anges typ av provbehållare i orginalText Om typ av provbehållartyp är okänd anges ”ospecificerad” i attributet originalText","","","","","","","","","",,,,,"",,,,"SEEHDSLMLaboratoryOrderOutcome.laboratoryOrderOutcome.body.groupOfAnalyses.analysis.specimen.container.type",1,1,"",""
"SEEHDSLMLaboratoryOrderOutcome.laboratoryOrderOutcome.body.groupOfAnalyses.analysis.device","SEEHDSLMLaboratoryOrderOutcome.laboratoryOrderOutcome.body.groupOfAnalyses.analysis.device","","","",0,*,"","","","BackboneElement {[]} {[]}
","Mätinstrument","Information om den utrustning som använts för att utföra analysen.","","","","","","","","","",,,,,"",,,,"SEEHDSLMLaboratoryOrderOutcome.laboratoryOrderOutcome.body.groupOfAnalyses.analysis.device",0,*,"","ele-1:All FHIR elements must have a @value or children {hasValue() or (children().count() > id.count())}
"
"SEEHDSLMLaboratoryOrderOutcome.laboratoryOrderOutcome.body.groupOfAnalyses.analysis.device.id","SEEHDSLMLaboratoryOrderOutcome.laboratoryOrderOutcome.body.groupOfAnalyses.analysis.device.id","","","",0,1,"","","","string {[]} {[]}
","Unique id for inter-element referencing","Unique id for the element within a resource (for internal references). This may be any string value that does not contain spaces.","","","","","","","","","",,,,,"",,,,"Element.id",0,1,"",""
"SEEHDSLMLaboratoryOrderOutcome.laboratoryOrderOutcome.body.groupOfAnalyses.analysis.device.extension","SEEHDSLMLaboratoryOrderOutcome.laboratoryOrderOutcome.body.groupOfAnalyses.analysis.device.extension","","extensions
user content","",0,*,"","","","Extension {[]} {[]}
","Additional content defined by implementations","May be used to represent additional information that is not part of the basic definition of the element. To make the use of extensions safe and manageable, there is a strict set of governance  applied to the definition and use of extensions. Though any implementer can define an extension, there is a set of requirements that SHALL be met as part of the definition of the extension.","There can be no stigma associated with the use of extensions by any application, project, or standard - regardless of the institution or jurisdiction that uses or defines the extensions.  The use of extensions is what allows the FHIR specification to retain a core level of simplicity for everyone.","","","","","","","","",,,,,"","value:url}
","Extensions are always sliced by (at least) url",,"open","Element.extension",0,*,"","ele-1:All FHIR elements must have a @value or children {hasValue() or (children().count() > id.count())}
ext-1:Must have either extensions or value[x], not both {extension.exists() != value.exists()}"
"SEEHDSLMLaboratoryOrderOutcome.laboratoryOrderOutcome.body.groupOfAnalyses.analysis.device.modifierExtension","SEEHDSLMLaboratoryOrderOutcome.laboratoryOrderOutcome.body.groupOfAnalyses.analysis.device.modifierExtension","","extensions
user contentmodifiers","",0,*,"","Y","Y","Extension {[]} {[]}
","Extensions that cannot be ignored even if unrecognized","May be used to represent additional information that is not part of the basic definition of the element and that modifies the understanding of the element in which it is contained and/or the understanding of the containing element's descendants. Usually modifier elements provide negation or qualification. To make the use of extensions safe and manageable, there is a strict set of governance applied to the definition and use of extensions. Though any implementer can define an extension, there is a set of requirements that SHALL be met as part of the definition of the extension. Applications processing a resource are required to check for modifier extensions.

Modifier extensions SHALL NOT change the meaning of any elements on Resource or DomainResource (including cannot change the meaning of modifierExtension itself).","There can be no stigma associated with the use of extensions by any application, project, or standard - regardless of the institution or jurisdiction that uses or defines the extensions.  The use of extensions is what allows the FHIR specification to retain a core level of simplicity for everyone.","Modifier extensions allow for extensions that *cannot* be safely ignored to be clearly distinguished from the vast majority of extensions which can be safely ignored.  This promotes interoperability by eliminating the need for implementers to prohibit the presence of extensions. For further information, see the [definition of modifier extensions](http://hl7.org/fhir/R4/extensibility.html#modifierExtension).","","","","","","","",,,,,"",,,,"BackboneElement.modifierExtension",0,*,"","ele-1:All FHIR elements must have a @value or children {hasValue() or (children().count() > id.count())}
ext-1:Must have either extensions or value[x], not both {extension.exists() != value.exists()}"
"SEEHDSLMLaboratoryOrderOutcome.laboratoryOrderOutcome.body.groupOfAnalyses.analysis.device.identifier","SEEHDSLMLaboratoryOrderOutcome.laboratoryOrderOutcome.body.groupOfAnalyses.analysis.device.identifier","","","",1,1,"","","","https://fhir.inera.se/ig/ehds-tk/StructureDefinition/SEEHDSRivIITypeHealthcondActoutcome4 {[]} {[]}
","Instrumentets id","Identitetsbeteckningen för en analysutrustning.","","","","","","","","","",,,,,"",,,,"SEEHDSLMLaboratoryOrderOutcome.laboratoryOrderOutcome.body.groupOfAnalyses.analysis.device.identifier",1,1,"",""
"SEEHDSLMLaboratoryOrderOutcome.laboratoryOrderOutcome.body.groupOfAnalyses.analysis.result","SEEHDSLMLaboratoryOrderOutcome.laboratoryOrderOutcome.body.groupOfAnalyses.analysis.result","","","",0,*,"","","","BackboneElement {[]} {[]}
","Analysresultat","Klassen LaboratoryAnalysisResultType håller information om resultat av den utförda analysen. Detta resultat kan exempelvis bestå av ett mätvärde inom laboratoriedisciplinen kemi, ett fynd av en viss bakterieart eller en textuell beskrivning av analysresultatet. Utöver detta kan en kommentar avseende analysresultatet anges separat.","","","","","","","","","",,,,,"",,,,"SEEHDSLMLaboratoryOrderOutcome.laboratoryOrderOutcome.body.groupOfAnalyses.analysis.result",0,*,"","ele-1:All FHIR elements must have a @value or children {hasValue() or (children().count() > id.count())}
"
"SEEHDSLMLaboratoryOrderOutcome.laboratoryOrderOutcome.body.groupOfAnalyses.analysis.result.id","SEEHDSLMLaboratoryOrderOutcome.laboratoryOrderOutcome.body.groupOfAnalyses.analysis.result.id","","","",0,1,"","","","string {[]} {[]}
","Unique id for inter-element referencing","Unique id for the element within a resource (for internal references). This may be any string value that does not contain spaces.","","","","","","","","","",,,,,"",,,,"Element.id",0,1,"",""
"SEEHDSLMLaboratoryOrderOutcome.laboratoryOrderOutcome.body.groupOfAnalyses.analysis.result.extension","SEEHDSLMLaboratoryOrderOutcome.laboratoryOrderOutcome.body.groupOfAnalyses.analysis.result.extension","","extensions
user content","",0,*,"","","","Extension {[]} {[]}
","Additional content defined by implementations","May be used to represent additional information that is not part of the basic definition of the element. To make the use of extensions safe and manageable, there is a strict set of governance  applied to the definition and use of extensions. Though any implementer can define an extension, there is a set of requirements that SHALL be met as part of the definition of the extension.","There can be no stigma associated with the use of extensions by any application, project, or standard - regardless of the institution or jurisdiction that uses or defines the extensions.  The use of extensions is what allows the FHIR specification to retain a core level of simplicity for everyone.","","","","","","","","",,,,,"","value:url}
","Extensions are always sliced by (at least) url",,"open","Element.extension",0,*,"","ele-1:All FHIR elements must have a @value or children {hasValue() or (children().count() > id.count())}
ext-1:Must have either extensions or value[x], not both {extension.exists() != value.exists()}"
"SEEHDSLMLaboratoryOrderOutcome.laboratoryOrderOutcome.body.groupOfAnalyses.analysis.result.modifierExtension","SEEHDSLMLaboratoryOrderOutcome.laboratoryOrderOutcome.body.groupOfAnalyses.analysis.result.modifierExtension","","extensions
user contentmodifiers","",0,*,"","Y","Y","Extension {[]} {[]}
","Extensions that cannot be ignored even if unrecognized","May be used to represent additional information that is not part of the basic definition of the element and that modifies the understanding of the element in which it is contained and/or the understanding of the containing element's descendants. Usually modifier elements provide negation or qualification. To make the use of extensions safe and manageable, there is a strict set of governance applied to the definition and use of extensions. Though any implementer can define an extension, there is a set of requirements that SHALL be met as part of the definition of the extension. Applications processing a resource are required to check for modifier extensions.

Modifier extensions SHALL NOT change the meaning of any elements on Resource or DomainResource (including cannot change the meaning of modifierExtension itself).","There can be no stigma associated with the use of extensions by any application, project, or standard - regardless of the institution or jurisdiction that uses or defines the extensions.  The use of extensions is what allows the FHIR specification to retain a core level of simplicity for everyone.","Modifier extensions allow for extensions that *cannot* be safely ignored to be clearly distinguished from the vast majority of extensions which can be safely ignored.  This promotes interoperability by eliminating the need for implementers to prohibit the presence of extensions. For further information, see the [definition of modifier extensions](http://hl7.org/fhir/R4/extensibility.html#modifierExtension).","","","","","","","",,,,,"",,,,"BackboneElement.modifierExtension",0,*,"","ele-1:All FHIR elements must have a @value or children {hasValue() or (children().count() > id.count())}
ext-1:Must have either extensions or value[x], not both {extension.exists() != value.exists()}"
"SEEHDSLMLaboratoryOrderOutcome.laboratoryOrderOutcome.body.groupOfAnalyses.analysis.result.type","SEEHDSLMLaboratoryOrderOutcome.laboratoryOrderOutcome.body.groupOfAnalyses.analysis.result.type","","","",0,1,"","","","https://fhir.inera.se/ig/ehds-tk/StructureDefinition/SEEHDSRivCVTypeHealthcondActoutcome4 {[]} {[]}
","Resultattyp","Kod för typ av laboratorieanalysresultat. code: Enligt urval från tillämpningsanvisning codeSystem: 1.2.752.108.1 (om NPU-kod) eller 1.2.752.116.2.1.1 (om Snomed CT)","","","","","","","","","",,,,,"",,,,"SEEHDSLMLaboratoryOrderOutcome.laboratoryOrderOutcome.body.groupOfAnalyses.analysis.result.type",0,1,"",""
"SEEHDSLMLaboratoryOrderOutcome.laboratoryOrderOutcome.body.groupOfAnalyses.analysis.result.value","SEEHDSLMLaboratoryOrderOutcome.laboratoryOrderOutcome.body.groupOfAnalyses.analysis.result.value","","","",1,1,"","","","BackboneElement {[]} {[]}
","Resultatvärde (AnyValueType — se anmärkning)","ASSUME-001: AnyValueType kan innehålla PQ, string, boolean eller kodad typ.
Modellerad som string i avvaktan på mappningsverifiering. Se QUESTIONS.md.","","","","","","","","","",,,,,"",,,,"SEEHDSLMLaboratoryOrderOutcome.laboratoryOrderOutcome.body.groupOfAnalyses.analysis.result.value",1,1,"","ele-1:All FHIR elements must have a @value or children {hasValue() or (children().count() > id.count())}
"
"SEEHDSLMLaboratoryOrderOutcome.laboratoryOrderOutcome.body.groupOfAnalyses.analysis.result.value.id","SEEHDSLMLaboratoryOrderOutcome.laboratoryOrderOutcome.body.groupOfAnalyses.analysis.result.value.id","","","",0,1,"","","","string {[]} {[]}
","Unique id for inter-element referencing","Unique id for the element within a resource (for internal references). This may be any string value that does not contain spaces.","","","","","","","","","",,,,,"",,,,"Element.id",0,1,"",""
"SEEHDSLMLaboratoryOrderOutcome.laboratoryOrderOutcome.body.groupOfAnalyses.analysis.result.value.extension","SEEHDSLMLaboratoryOrderOutcome.laboratoryOrderOutcome.body.groupOfAnalyses.analysis.result.value.extension","","extensions
user content","",0,*,"","","","Extension {[]} {[]}
","Additional content defined by implementations","May be used to represent additional information that is not part of the basic definition of the element. To make the use of extensions safe and manageable, there is a strict set of governance  applied to the definition and use of extensions. Though any implementer can define an extension, there is a set of requirements that SHALL be met as part of the definition of the extension.","There can be no stigma associated with the use of extensions by any application, project, or standard - regardless of the institution or jurisdiction that uses or defines the extensions.  The use of extensions is what allows the FHIR specification to retain a core level of simplicity for everyone.","","","","","","","","",,,,,"","value:url}
","Extensions are always sliced by (at least) url",,"open","Element.extension",0,*,"","ele-1:All FHIR elements must have a @value or children {hasValue() or (children().count() > id.count())}
ext-1:Must have either extensions or value[x], not both {extension.exists() != value.exists()}"
"SEEHDSLMLaboratoryOrderOutcome.laboratoryOrderOutcome.body.groupOfAnalyses.analysis.result.value.modifierExtension","SEEHDSLMLaboratoryOrderOutcome.laboratoryOrderOutcome.body.groupOfAnalyses.analysis.result.value.modifierExtension","","extensions
user contentmodifiers","",0,*,"","Y","Y","Extension {[]} {[]}
","Extensions that cannot be ignored even if unrecognized","May be used to represent additional information that is not part of the basic definition of the element and that modifies the understanding of the element in which it is contained and/or the understanding of the containing element's descendants. Usually modifier elements provide negation or qualification. To make the use of extensions safe and manageable, there is a strict set of governance applied to the definition and use of extensions. Though any implementer can define an extension, there is a set of requirements that SHALL be met as part of the definition of the extension. Applications processing a resource are required to check for modifier extensions.

Modifier extensions SHALL NOT change the meaning of any elements on Resource or DomainResource (including cannot change the meaning of modifierExtension itself).","There can be no stigma associated with the use of extensions by any application, project, or standard - regardless of the institution or jurisdiction that uses or defines the extensions.  The use of extensions is what allows the FHIR specification to retain a core level of simplicity for everyone.","Modifier extensions allow for extensions that *cannot* be safely ignored to be clearly distinguished from the vast majority of extensions which can be safely ignored.  This promotes interoperability by eliminating the need for implementers to prohibit the presence of extensions. For further information, see the [definition of modifier extensions](http://hl7.org/fhir/R4/extensibility.html#modifierExtension).","","","","","","","",,,,,"",,,,"BackboneElement.modifierExtension",0,*,"","ele-1:All FHIR elements must have a @value or children {hasValue() or (children().count() > id.count())}
ext-1:Must have either extensions or value[x], not both {extension.exists() != value.exists()}"
"SEEHDSLMLaboratoryOrderOutcome.laboratoryOrderOutcome.body.groupOfAnalyses.analysis.result.value.cv","SEEHDSLMLaboratoryOrderOutcome.laboratoryOrderOutcome.body.groupOfAnalyses.analysis.result.value.cv","","","",0,1,"","","","https://fhir.inera.se/ig/ehds-tk/StructureDefinition/SEEHDSRivCVTypeHealthcondActoutcome4 {[]} {[]}
","cv","cv","","","","","","","","","",,,,,"",,,,"SEEHDSLMLaboratoryOrderOutcome.laboratoryOrderOutcome.body.groupOfAnalyses.analysis.result.value.cv",0,1,"",""
"SEEHDSLMLaboratoryOrderOutcome.laboratoryOrderOutcome.body.groupOfAnalyses.analysis.result.value.pq","SEEHDSLMLaboratoryOrderOutcome.laboratoryOrderOutcome.body.groupOfAnalyses.analysis.result.value.pq","","","",0,1,"","","","https://fhir.inera.se/ig/ehds-tk/StructureDefinition/SEEHDSRivPQTypeHealthcondActoutcome4 {[]} {[]}
","pq","pq","","","","","","","","","",,,,,"",,,,"SEEHDSLMLaboratoryOrderOutcome.laboratoryOrderOutcome.body.groupOfAnalyses.analysis.result.value.pq",0,1,"",""
"SEEHDSLMLaboratoryOrderOutcome.laboratoryOrderOutcome.body.groupOfAnalyses.analysis.result.value.intervalPQ","SEEHDSLMLaboratoryOrderOutcome.laboratoryOrderOutcome.body.groupOfAnalyses.analysis.result.value.intervalPQ","","","",0,1,"","","","https://fhir.inera.se/ig/ehds-tk/StructureDefinition/SEEHDSRivPQIntervalTypeHealthcondActoutcome4 {[]} {[]}
","intervalPQ","intervalPQ","","","","","","","","","",,,,,"",,,,"SEEHDSLMLaboratoryOrderOutcome.laboratoryOrderOutcome.body.groupOfAnalyses.analysis.result.value.intervalPQ",0,1,"",""
"SEEHDSLMLaboratoryOrderOutcome.laboratoryOrderOutcome.body.groupOfAnalyses.analysis.result.value.st","SEEHDSLMLaboratoryOrderOutcome.laboratoryOrderOutcome.body.groupOfAnalyses.analysis.result.value.st","","","",0,1,"","","","https://fhir.inera.se/ig/ehds-tk/StructureDefinition/SEEHDSRivString {[]} {[]}
","st","st","","","","","","","","","",,,,,"",,,,"SEEHDSLMLaboratoryOrderOutcome.laboratoryOrderOutcome.body.groupOfAnalyses.analysis.result.value.st",0,1,"",""
"SEEHDSLMLaboratoryOrderOutcome.laboratoryOrderOutcome.body.groupOfAnalyses.analysis.result.comment","SEEHDSLMLaboratoryOrderOutcome.laboratoryOrderOutcome.body.groupOfAnalyses.analysis.result.comment","","","",0,1,"","","","https://fhir.inera.se/ig/ehds-tk/StructureDefinition/SEEHDSRivString {[]} {[]}
","Kommentar till resultatet","Angivelse av kommentar som rör laboratorieanalysresultatet.","","","","","","","","","",,,,,"",,,,"SEEHDSLMLaboratoryOrderOutcome.laboratoryOrderOutcome.body.groupOfAnalyses.analysis.result.comment",0,1,"",""
"SEEHDSLMLaboratoryOrderOutcome.laboratoryOrderOutcome.body.groupOfAnalyses.analysis.result.interpretation","SEEHDSLMLaboratoryOrderOutcome.laboratoryOrderOutcome.body.groupOfAnalyses.analysis.result.interpretation","","","",0,*,"","","","https://fhir.inera.se/ig/ehds-tk/StructureDefinition/SEEHDSRivCVTypeHealthcondActoutcome4 {[]} {[]}
","Tolkning av resultatet","Kod (SNOMED-CT-SE) för en tolkning av laboratorieanalysresultatet. code: Kod från Urval tolkning resultat laboratoriemedicin (OID 1.2.752.129.5.1.14) (se [R10]) codeSystem: 1.2.752.116.2.1.1 En sådan tolkning kan vara att analysresultatet ligger utanför aktuellt referensintervall, vilket även benämns som patologisk markör. Regel 3.5 Om kod ej kan anges används CV-typens attribut originalText som fritextalternativ.","","","","","","","","","",,,,,"",,,,"SEEHDSLMLaboratoryOrderOutcome.laboratoryOrderOutcome.body.groupOfAnalyses.analysis.result.interpretation",0,*,"",""
"SEEHDSLMLaboratoryOrderOutcome.laboratoryOrderOutcome.body.groupOfAnalyses.analysis.result.reference","SEEHDSLMLaboratoryOrderOutcome.laboratoryOrderOutcome.body.groupOfAnalyses.analysis.result.reference","","","",0,1,"","","","BackboneElement {[]} {[]}
","Referensintervall","Information om vilket referensintervall eller referensvärde som gäller för ett resultat.","","","","","","","","","",,,,,"",,,,"SEEHDSLMLaboratoryOrderOutcome.laboratoryOrderOutcome.body.groupOfAnalyses.analysis.result.reference",0,1,"","ele-1:All FHIR elements must have a @value or children {hasValue() or (children().count() > id.count())}
"
"SEEHDSLMLaboratoryOrderOutcome.laboratoryOrderOutcome.body.groupOfAnalyses.analysis.result.reference.id","SEEHDSLMLaboratoryOrderOutcome.laboratoryOrderOutcome.body.groupOfAnalyses.analysis.result.reference.id","","","",0,1,"","","","string {[]} {[]}
","Unique id for inter-element referencing","Unique id for the element within a resource (for internal references). This may be any string value that does not contain spaces.","","","","","","","","","",,,,,"",,,,"Element.id",0,1,"",""
"SEEHDSLMLaboratoryOrderOutcome.laboratoryOrderOutcome.body.groupOfAnalyses.analysis.result.reference.extension","SEEHDSLMLaboratoryOrderOutcome.laboratoryOrderOutcome.body.groupOfAnalyses.analysis.result.reference.extension","","extensions
user content","",0,*,"","","","Extension {[]} {[]}
","Additional content defined by implementations","May be used to represent additional information that is not part of the basic definition of the element. To make the use of extensions safe and manageable, there is a strict set of governance  applied to the definition and use of extensions. Though any implementer can define an extension, there is a set of requirements that SHALL be met as part of the definition of the extension.","There can be no stigma associated with the use of extensions by any application, project, or standard - regardless of the institution or jurisdiction that uses or defines the extensions.  The use of extensions is what allows the FHIR specification to retain a core level of simplicity for everyone.","","","","","","","","",,,,,"","value:url}
","Extensions are always sliced by (at least) url",,"open","Element.extension",0,*,"","ele-1:All FHIR elements must have a @value or children {hasValue() or (children().count() > id.count())}
ext-1:Must have either extensions or value[x], not both {extension.exists() != value.exists()}"
"SEEHDSLMLaboratoryOrderOutcome.laboratoryOrderOutcome.body.groupOfAnalyses.analysis.result.reference.modifierExtension","SEEHDSLMLaboratoryOrderOutcome.laboratoryOrderOutcome.body.groupOfAnalyses.analysis.result.reference.modifierExtension","","extensions
user contentmodifiers","",0,*,"","Y","Y","Extension {[]} {[]}
","Extensions that cannot be ignored even if unrecognized","May be used to represent additional information that is not part of the basic definition of the element and that modifies the understanding of the element in which it is contained and/or the understanding of the containing element's descendants. Usually modifier elements provide negation or qualification. To make the use of extensions safe and manageable, there is a strict set of governance applied to the definition and use of extensions. Though any implementer can define an extension, there is a set of requirements that SHALL be met as part of the definition of the extension. Applications processing a resource are required to check for modifier extensions.

Modifier extensions SHALL NOT change the meaning of any elements on Resource or DomainResource (including cannot change the meaning of modifierExtension itself).","There can be no stigma associated with the use of extensions by any application, project, or standard - regardless of the institution or jurisdiction that uses or defines the extensions.  The use of extensions is what allows the FHIR specification to retain a core level of simplicity for everyone.","Modifier extensions allow for extensions that *cannot* be safely ignored to be clearly distinguished from the vast majority of extensions which can be safely ignored.  This promotes interoperability by eliminating the need for implementers to prohibit the presence of extensions. For further information, see the [definition of modifier extensions](http://hl7.org/fhir/R4/extensibility.html#modifierExtension).","","","","","","","",,,,,"",,,,"BackboneElement.modifierExtension",0,*,"","ele-1:All FHIR elements must have a @value or children {hasValue() or (children().count() > id.count())}
ext-1:Must have either extensions or value[x], not both {extension.exists() != value.exists()}"
"SEEHDSLMLaboratoryOrderOutcome.laboratoryOrderOutcome.body.groupOfAnalyses.analysis.result.reference.interval","SEEHDSLMLaboratoryOrderOutcome.laboratoryOrderOutcome.body.groupOfAnalyses.analysis.result.reference.interval","","","",0,1,"","","","https://fhir.inera.se/ig/ehds-tk/StructureDefinition/SEEHDSRivPQIntervalTypeHealthcondActoutcome4 {[]} {[]}
","Referensintervall (PQIntervalType)","Angivelse av referensintervall som numeriskt värde av mätvärden. Ett referensvärde anges genom att antingen ange ett intervall från det lägre värdet till det högre värdet som sätts till referensvärdet, alternativt från referensvärde som start på intervallet utan angivelse av intervallets slut för att ange att normalvärde ligger över referensvärdet.","","","","","","","","","",,,,,"",,,,"SEEHDSLMLaboratoryOrderOutcome.laboratoryOrderOutcome.body.groupOfAnalyses.analysis.result.reference.interval",0,1,"",""
"SEEHDSLMLaboratoryOrderOutcome.laboratoryOrderOutcome.body.groupOfAnalyses.analysis.result.reference.description","SEEHDSLMLaboratoryOrderOutcome.laboratoryOrderOutcome.body.groupOfAnalyses.analysis.result.reference.description","","","",0,1,"","","","https://fhir.inera.se/ig/ehds-tk/StructureDefinition/SEEHDSRivString {[]} {[]}
","Beskrivning av referensintervall","Textuell beskrivning av referensintervall. Ett och endast ett av attributen interval och description ska anges.","","","","","","","","","",,,,,"",,,,"SEEHDSLMLaboratoryOrderOutcome.laboratoryOrderOutcome.body.groupOfAnalyses.analysis.result.reference.description",0,1,"",""
"SEEHDSLMLaboratoryOrderOutcome.laboratoryOrderOutcome.body.groupOfAnalyses.analysis.result.reference.population","SEEHDSLMLaboratoryOrderOutcome.laboratoryOrderOutcome.body.groupOfAnalyses.analysis.result.reference.population","","","",0,1,"","","","https://fhir.inera.se/ig/ehds-tk/StructureDefinition/SEEHDSRivString {[]} {[]}
","Population för referensintervall","Angivelse av den referenspopulation som ligger till grund för angivet referensintervall.","","","","","","","","","",,,,,"",,,,"SEEHDSLMLaboratoryOrderOutcome.laboratoryOrderOutcome.body.groupOfAnalyses.analysis.result.reference.population",0,1,"",""
"SEEHDSLMLaboratoryOrderOutcome.laboratoryOrderOutcome.body.groupOfAnalyses.analysis.result.reference.comment","SEEHDSLMLaboratoryOrderOutcome.laboratoryOrderOutcome.body.groupOfAnalyses.analysis.result.reference.comment","","","",0,1,"","","","https://fhir.inera.se/ig/ehds-tk/StructureDefinition/SEEHDSRivString {[]} {[]}
","Kommentar till referensintervall","Angivelse av kommentar för det angivna referensintervallet.","","","","","","","","","",,,,,"",,,,"SEEHDSLMLaboratoryOrderOutcome.laboratoryOrderOutcome.body.groupOfAnalyses.analysis.result.reference.comment",0,1,"",""
"SEEHDSLMLaboratoryOrderOutcome.laboratoryOrderOutcome.body.groupOfAnalyses.analysis.result.recipientSignature","SEEHDSLMLaboratoryOrderOutcome.laboratoryOrderOutcome.body.groupOfAnalyses.analysis.result.recipientSignature","","","",0,1,"","","","BackboneElement {[]} {[]}
","Mottagarsignatur","Information avseende signering av en enskild analys. Analysen signeras av hälso- och sjukvårdspersonal på den remissvarsmottagande enheten när den förs in i patientjournalen.","","","","","","","","","",,,,,"",,,,"SEEHDSLMLaboratoryOrderOutcome.laboratoryOrderOutcome.body.groupOfAnalyses.analysis.result.recipientSignature",0,1,"","ele-1:All FHIR elements must have a @value or children {hasValue() or (children().count() > id.count())}
"
"SEEHDSLMLaboratoryOrderOutcome.laboratoryOrderOutcome.body.groupOfAnalyses.analysis.result.recipientSignature.id","SEEHDSLMLaboratoryOrderOutcome.laboratoryOrderOutcome.body.groupOfAnalyses.analysis.result.recipientSignature.id","","","",0,1,"","","","string {[]} {[]}
","Unique id for inter-element referencing","Unique id for the element within a resource (for internal references). This may be any string value that does not contain spaces.","","","","","","","","","",,,,,"",,,,"Element.id",0,1,"",""
"SEEHDSLMLaboratoryOrderOutcome.laboratoryOrderOutcome.body.groupOfAnalyses.analysis.result.recipientSignature.extension","SEEHDSLMLaboratoryOrderOutcome.laboratoryOrderOutcome.body.groupOfAnalyses.analysis.result.recipientSignature.extension","","extensions
user content","",0,*,"","","","Extension {[]} {[]}
","Additional content defined by implementations","May be used to represent additional information that is not part of the basic definition of the element. To make the use of extensions safe and manageable, there is a strict set of governance  applied to the definition and use of extensions. Though any implementer can define an extension, there is a set of requirements that SHALL be met as part of the definition of the extension.","There can be no stigma associated with the use of extensions by any application, project, or standard - regardless of the institution or jurisdiction that uses or defines the extensions.  The use of extensions is what allows the FHIR specification to retain a core level of simplicity for everyone.","","","","","","","","",,,,,"","value:url}
","Extensions are always sliced by (at least) url",,"open","Element.extension",0,*,"","ele-1:All FHIR elements must have a @value or children {hasValue() or (children().count() > id.count())}
ext-1:Must have either extensions or value[x], not both {extension.exists() != value.exists()}"
"SEEHDSLMLaboratoryOrderOutcome.laboratoryOrderOutcome.body.groupOfAnalyses.analysis.result.recipientSignature.modifierExtension","SEEHDSLMLaboratoryOrderOutcome.laboratoryOrderOutcome.body.groupOfAnalyses.analysis.result.recipientSignature.modifierExtension","","extensions
user contentmodifiers","",0,*,"","Y","Y","Extension {[]} {[]}
","Extensions that cannot be ignored even if unrecognized","May be used to represent additional information that is not part of the basic definition of the element and that modifies the understanding of the element in which it is contained and/or the understanding of the containing element's descendants. Usually modifier elements provide negation or qualification. To make the use of extensions safe and manageable, there is a strict set of governance applied to the definition and use of extensions. Though any implementer can define an extension, there is a set of requirements that SHALL be met as part of the definition of the extension. Applications processing a resource are required to check for modifier extensions.

Modifier extensions SHALL NOT change the meaning of any elements on Resource or DomainResource (including cannot change the meaning of modifierExtension itself).","There can be no stigma associated with the use of extensions by any application, project, or standard - regardless of the institution or jurisdiction that uses or defines the extensions.  The use of extensions is what allows the FHIR specification to retain a core level of simplicity for everyone.","Modifier extensions allow for extensions that *cannot* be safely ignored to be clearly distinguished from the vast majority of extensions which can be safely ignored.  This promotes interoperability by eliminating the need for implementers to prohibit the presence of extensions. For further information, see the [definition of modifier extensions](http://hl7.org/fhir/R4/extensibility.html#modifierExtension).","","","","","","","",,,,,"",,,,"BackboneElement.modifierExtension",0,*,"","ele-1:All FHIR elements must have a @value or children {hasValue() or (children().count() > id.count())}
ext-1:Must have either extensions or value[x], not both {extension.exists() != value.exists()}"
"SEEHDSLMLaboratoryOrderOutcome.laboratoryOrderOutcome.body.groupOfAnalyses.analysis.result.recipientSignature.rivId","SEEHDSLMLaboratoryOrderOutcome.laboratoryOrderOutcome.body.groupOfAnalyses.analysis.result.recipientSignature.rivId","","","",0,1,"","","","https://fhir.inera.se/ig/ehds-tk/StructureDefinition/SEEHDSRivIITypeHealthcondActoutcome4 {[]} {[]}
","Signatärens id","Root sätts till OID för HSA (1.2.752.129.2.1.4.1) Extension sätts till HSA-id för hälso- och sjukvårdspersonal","","","","","","","","","",,,,,"",,,,"SEEHDSLMLaboratoryOrderOutcome.laboratoryOrderOutcome.body.groupOfAnalyses.analysis.result.recipientSignature.rivId",0,1,"",""
"SEEHDSLMLaboratoryOrderOutcome.laboratoryOrderOutcome.body.groupOfAnalyses.analysis.result.recipientSignature.name","SEEHDSLMLaboratoryOrderOutcome.laboratoryOrderOutcome.body.groupOfAnalyses.analysis.result.recipientSignature.name","","","",0,1,"","","","https://fhir.inera.se/ig/ehds-tk/StructureDefinition/SEEHDSRivString {[]} {[]}
","Signatärens namn","Namn på hälso- och sjukvårdspersonal.","","","","","","","","","",,,,,"",,,,"SEEHDSLMLaboratoryOrderOutcome.laboratoryOrderOutcome.body.groupOfAnalyses.analysis.result.recipientSignature.name",0,1,"",""
"SEEHDSLMLaboratoryOrderOutcome.laboratoryOrderOutcome.body.groupOfAnalyses.analysis.result.recipientSignature.timestamp","SEEHDSLMLaboratoryOrderOutcome.laboratoryOrderOutcome.body.groupOfAnalyses.analysis.result.recipientSignature.timestamp","","","",1,1,"","","","https://fhir.inera.se/ig/ehds-tk/StructureDefinition/SEEHDSRivTimeStamp {[]} {[]}
","Signeringstidpunkt","Tidpunkt för signering.
Format enligt XSD (TimeStampType): ÅÅÅÅMMDDttmmss.","","","","","","","","","",,,,,"",,,,"SEEHDSLMLaboratoryOrderOutcome.laboratoryOrderOutcome.body.groupOfAnalyses.analysis.result.recipientSignature.timestamp",1,1,"",""
"SEEHDSLMLaboratoryOrderOutcome.laboratoryOrderOutcome.body.groupOfAnalyses.analysis.result.recipientSignature.byRole","SEEHDSLMLaboratoryOrderOutcome.laboratoryOrderOutcome.body.groupOfAnalyses.analysis.result.recipientSignature.byRole","","","",0,1,"","","","https://fhir.inera.se/ig/ehds-tk/StructureDefinition/SEEHDSRivCVTypeHealthcondActoutcome4 {[]} {[]}
","Yrkesroll","Information om hälso- och sjukvårdspersonalens befattning så som den var angiven i HSA-katalogen vid dokumentationstidpunkten. Anges med HSAs kodverk Befattning (OID: 1.2.752.129.2.2.1.4). Om kod inte är tillgänglig anges befattning som klartext i datatypens attribut originalText.","","","","","","","","","",,,,,"",,,,"SEEHDSLMLaboratoryOrderOutcome.laboratoryOrderOutcome.body.groupOfAnalyses.analysis.result.recipientSignature.byRole",0,1,"",""
"SEEHDSLMLaboratoryOrderOutcome.laboratoryOrderOutcome.body.groupOfAnalyses.analysis.result.performerSignature","SEEHDSLMLaboratoryOrderOutcome.laboratoryOrderOutcome.body.groupOfAnalyses.analysis.result.performerSignature","","","",0,1,"","","","BackboneElement {[]} {[]}
","Utförarsignatur","Information avseende signering av en enskild analys. Analysen signeras av den hälso- och sjukvårdspersonal som utför analysen.","","","","","","","","","",,,,,"",,,,"SEEHDSLMLaboratoryOrderOutcome.laboratoryOrderOutcome.body.groupOfAnalyses.analysis.result.performerSignature",0,1,"","ele-1:All FHIR elements must have a @value or children {hasValue() or (children().count() > id.count())}
"
"SEEHDSLMLaboratoryOrderOutcome.laboratoryOrderOutcome.body.groupOfAnalyses.analysis.result.performerSignature.id","SEEHDSLMLaboratoryOrderOutcome.laboratoryOrderOutcome.body.groupOfAnalyses.analysis.result.performerSignature.id","","","",0,1,"","","","string {[]} {[]}
","Unique id for inter-element referencing","Unique id for the element within a resource (for internal references). This may be any string value that does not contain spaces.","","","","","","","","","",,,,,"",,,,"Element.id",0,1,"",""
"SEEHDSLMLaboratoryOrderOutcome.laboratoryOrderOutcome.body.groupOfAnalyses.analysis.result.performerSignature.extension","SEEHDSLMLaboratoryOrderOutcome.laboratoryOrderOutcome.body.groupOfAnalyses.analysis.result.performerSignature.extension","","extensions
user content","",0,*,"","","","Extension {[]} {[]}
","Additional content defined by implementations","May be used to represent additional information that is not part of the basic definition of the element. To make the use of extensions safe and manageable, there is a strict set of governance  applied to the definition and use of extensions. Though any implementer can define an extension, there is a set of requirements that SHALL be met as part of the definition of the extension.","There can be no stigma associated with the use of extensions by any application, project, or standard - regardless of the institution or jurisdiction that uses or defines the extensions.  The use of extensions is what allows the FHIR specification to retain a core level of simplicity for everyone.","","","","","","","","",,,,,"","value:url}
","Extensions are always sliced by (at least) url",,"open","Element.extension",0,*,"","ele-1:All FHIR elements must have a @value or children {hasValue() or (children().count() > id.count())}
ext-1:Must have either extensions or value[x], not both {extension.exists() != value.exists()}"
"SEEHDSLMLaboratoryOrderOutcome.laboratoryOrderOutcome.body.groupOfAnalyses.analysis.result.performerSignature.modifierExtension","SEEHDSLMLaboratoryOrderOutcome.laboratoryOrderOutcome.body.groupOfAnalyses.analysis.result.performerSignature.modifierExtension","","extensions
user contentmodifiers","",0,*,"","Y","Y","Extension {[]} {[]}
","Extensions that cannot be ignored even if unrecognized","May be used to represent additional information that is not part of the basic definition of the element and that modifies the understanding of the element in which it is contained and/or the understanding of the containing element's descendants. Usually modifier elements provide negation or qualification. To make the use of extensions safe and manageable, there is a strict set of governance applied to the definition and use of extensions. Though any implementer can define an extension, there is a set of requirements that SHALL be met as part of the definition of the extension. Applications processing a resource are required to check for modifier extensions.

Modifier extensions SHALL NOT change the meaning of any elements on Resource or DomainResource (including cannot change the meaning of modifierExtension itself).","There can be no stigma associated with the use of extensions by any application, project, or standard - regardless of the institution or jurisdiction that uses or defines the extensions.  The use of extensions is what allows the FHIR specification to retain a core level of simplicity for everyone.","Modifier extensions allow for extensions that *cannot* be safely ignored to be clearly distinguished from the vast majority of extensions which can be safely ignored.  This promotes interoperability by eliminating the need for implementers to prohibit the presence of extensions. For further information, see the [definition of modifier extensions](http://hl7.org/fhir/R4/extensibility.html#modifierExtension).","","","","","","","",,,,,"",,,,"BackboneElement.modifierExtension",0,*,"","ele-1:All FHIR elements must have a @value or children {hasValue() or (children().count() > id.count())}
ext-1:Must have either extensions or value[x], not both {extension.exists() != value.exists()}"
"SEEHDSLMLaboratoryOrderOutcome.laboratoryOrderOutcome.body.groupOfAnalyses.analysis.result.performerSignature.rivId","SEEHDSLMLaboratoryOrderOutcome.laboratoryOrderOutcome.body.groupOfAnalyses.analysis.result.performerSignature.rivId","","","",0,1,"","","","https://fhir.inera.se/ig/ehds-tk/StructureDefinition/SEEHDSRivIITypeHealthcondActoutcome4 {[]} {[]}
","Signatärens id","Root sätts till OID för HSA (1.2.752.129.2.1.4.1) Extension sätts till HSA-id för hälso- och sjukvårdspersonal","","","","","","","","","",,,,,"",,,,"SEEHDSLMLaboratoryOrderOutcome.laboratoryOrderOutcome.body.groupOfAnalyses.analysis.result.performerSignature.rivId",0,1,"",""
"SEEHDSLMLaboratoryOrderOutcome.laboratoryOrderOutcome.body.groupOfAnalyses.analysis.result.performerSignature.name","SEEHDSLMLaboratoryOrderOutcome.laboratoryOrderOutcome.body.groupOfAnalyses.analysis.result.performerSignature.name","","","",0,1,"","","","https://fhir.inera.se/ig/ehds-tk/StructureDefinition/SEEHDSRivString {[]} {[]}
","Signatärens namn","Namn på hälso- och sjukvårdspersonal.","","","","","","","","","",,,,,"",,,,"SEEHDSLMLaboratoryOrderOutcome.laboratoryOrderOutcome.body.groupOfAnalyses.analysis.result.performerSignature.name",0,1,"",""
"SEEHDSLMLaboratoryOrderOutcome.laboratoryOrderOutcome.body.groupOfAnalyses.analysis.result.performerSignature.timestamp","SEEHDSLMLaboratoryOrderOutcome.laboratoryOrderOutcome.body.groupOfAnalyses.analysis.result.performerSignature.timestamp","","","",1,1,"","","","https://fhir.inera.se/ig/ehds-tk/StructureDefinition/SEEHDSRivTimeStamp {[]} {[]}
","Signeringstidpunkt","Tidpunkt då signering genomfördes.
Format enligt XSD (TimeStampType): ÅÅÅÅMMDDttmmss.","","","","","","","","","",,,,,"",,,,"SEEHDSLMLaboratoryOrderOutcome.laboratoryOrderOutcome.body.groupOfAnalyses.analysis.result.performerSignature.timestamp",1,1,"",""
"SEEHDSLMLaboratoryOrderOutcome.laboratoryOrderOutcome.body.groupOfAnalyses.analysis.result.performerSignature.byRole","SEEHDSLMLaboratoryOrderOutcome.laboratoryOrderOutcome.body.groupOfAnalyses.analysis.result.performerSignature.byRole","","","",0,1,"","","","https://fhir.inera.se/ig/ehds-tk/StructureDefinition/SEEHDSRivCVTypeHealthcondActoutcome4 {[]} {[]}
","Yrkesroll","Information om hälso- och sjukvårdspersonalens befattning så som den var angiven i HSA-katalogen vid dokumentationstidpunkten. Anges med HSAs kodverk Befattning (OID: 1.2.752.129.2.2.1.4). Om kod inte är tillgänglig anges befattning som klartext i datatypens attribut originalText.","","","","","","","","","",,,,,"",,,,"SEEHDSLMLaboratoryOrderOutcome.laboratoryOrderOutcome.body.groupOfAnalyses.analysis.result.performerSignature.byRole",0,1,"",""
"SEEHDSLMLaboratoryOrderOutcome.laboratoryOrderOutcome.body.groupOfAnalyses.analysis.result.related","SEEHDSLMLaboratoryOrderOutcome.laboratoryOrderOutcome.body.groupOfAnalyses.analysis.result.related","","","",0,*,"","","","","Relaterade analyser","Relaterade analyser","","","","","","","","","",,,,,"",,,,"SEEHDSLMLaboratoryOrderOutcome.laboratoryOrderOutcome.body.groupOfAnalyses.analysis.result.related",0,*,"",""
"SEEHDSLMLaboratoryOrderOutcome.laboratoryOrderOutcome.body.recipientUnit","SEEHDSLMLaboratoryOrderOutcome.laboratoryOrderOutcome.body.recipientUnit","","","",1,1,"","","","BackboneElement {[]} {[]}
","Mottagande enhet","Mottagande enhet.","","","","","","","","","",,,,,"",,,,"SEEHDSLMLaboratoryOrderOutcome.laboratoryOrderOutcome.body.recipientUnit",1,1,"","ele-1:All FHIR elements must have a @value or children {hasValue() or (children().count() > id.count())}
"
"SEEHDSLMLaboratoryOrderOutcome.laboratoryOrderOutcome.body.recipientUnit.id","SEEHDSLMLaboratoryOrderOutcome.laboratoryOrderOutcome.body.recipientUnit.id","","","",0,1,"","","","string {[]} {[]}
","Unique id for inter-element referencing","Unique id for the element within a resource (for internal references). This may be any string value that does not contain spaces.","","","","","","","","","",,,,,"",,,,"Element.id",0,1,"",""
"SEEHDSLMLaboratoryOrderOutcome.laboratoryOrderOutcome.body.recipientUnit.extension","SEEHDSLMLaboratoryOrderOutcome.laboratoryOrderOutcome.body.recipientUnit.extension","","extensions
user content","",0,*,"","","","Extension {[]} {[]}
","Additional content defined by implementations","May be used to represent additional information that is not part of the basic definition of the element. To make the use of extensions safe and manageable, there is a strict set of governance  applied to the definition and use of extensions. Though any implementer can define an extension, there is a set of requirements that SHALL be met as part of the definition of the extension.","There can be no stigma associated with the use of extensions by any application, project, or standard - regardless of the institution or jurisdiction that uses or defines the extensions.  The use of extensions is what allows the FHIR specification to retain a core level of simplicity for everyone.","","","","","","","","",,,,,"","value:url}
","Extensions are always sliced by (at least) url",,"open","Element.extension",0,*,"","ele-1:All FHIR elements must have a @value or children {hasValue() or (children().count() > id.count())}
ext-1:Must have either extensions or value[x], not both {extension.exists() != value.exists()}"
"SEEHDSLMLaboratoryOrderOutcome.laboratoryOrderOutcome.body.recipientUnit.modifierExtension","SEEHDSLMLaboratoryOrderOutcome.laboratoryOrderOutcome.body.recipientUnit.modifierExtension","","extensions
user contentmodifiers","",0,*,"","Y","Y","Extension {[]} {[]}
","Extensions that cannot be ignored even if unrecognized","May be used to represent additional information that is not part of the basic definition of the element and that modifies the understanding of the element in which it is contained and/or the understanding of the containing element's descendants. Usually modifier elements provide negation or qualification. To make the use of extensions safe and manageable, there is a strict set of governance applied to the definition and use of extensions. Though any implementer can define an extension, there is a set of requirements that SHALL be met as part of the definition of the extension. Applications processing a resource are required to check for modifier extensions.

Modifier extensions SHALL NOT change the meaning of any elements on Resource or DomainResource (including cannot change the meaning of modifierExtension itself).","There can be no stigma associated with the use of extensions by any application, project, or standard - regardless of the institution or jurisdiction that uses or defines the extensions.  The use of extensions is what allows the FHIR specification to retain a core level of simplicity for everyone.","Modifier extensions allow for extensions that *cannot* be safely ignored to be clearly distinguished from the vast majority of extensions which can be safely ignored.  This promotes interoperability by eliminating the need for implementers to prohibit the presence of extensions. For further information, see the [definition of modifier extensions](http://hl7.org/fhir/R4/extensibility.html#modifierExtension).","","","","","","","",,,,,"",,,,"BackboneElement.modifierExtension",0,*,"","ele-1:All FHIR elements must have a @value or children {hasValue() or (children().count() > id.count())}
ext-1:Must have either extensions or value[x], not both {extension.exists() != value.exists()}"
"SEEHDSLMLaboratoryOrderOutcome.laboratoryOrderOutcome.body.recipientUnit.rivId","SEEHDSLMLaboratoryOrderOutcome.laboratoryOrderOutcome.body.recipientUnit.rivId","","","",0,1,"","","","https://fhir.inera.se/ig/ehds-tk/StructureDefinition/SEEHDSRivIITypeHealthcondActoutcome4 {[]} {[]}
","Enhetens HSA-id","Identitet för mottagande enhet.","","","","","","","","","",,,,,"",,,,"SEEHDSLMLaboratoryOrderOutcome.laboratoryOrderOutcome.body.recipientUnit.rivId",0,1,"",""
"SEEHDSLMLaboratoryOrderOutcome.laboratoryOrderOutcome.body.recipientUnit.name","SEEHDSLMLaboratoryOrderOutcome.laboratoryOrderOutcome.body.recipientUnit.name","","","",1,1,"","","","https://fhir.inera.se/ig/ehds-tk/StructureDefinition/SEEHDSRivString {[]} {[]}
","Enhetens namn","Namn på mottagande enhet.","","","","","","","","","",,,,,"",,,,"SEEHDSLMLaboratoryOrderOutcome.laboratoryOrderOutcome.body.recipientUnit.name",1,1,"",""
"SEEHDSLMLaboratoryOrderOutcome.laboratoryOrderOutcome.body.recipientSignature","SEEHDSLMLaboratoryOrderOutcome.laboratoryOrderOutcome.body.recipientSignature","","","",0,1,"","","","BackboneElement {[]} {[]}
","Beställarens signatur","Information avseende signering av laboratoriesvaret. Laboratoriesvaret signeras av hälso- och sjukvårdspersonal på den remissvarsmottagande enheten när det förs in i patientjournalen.","","","","","","","","","",,,,,"",,,,"SEEHDSLMLaboratoryOrderOutcome.laboratoryOrderOutcome.body.recipientSignature",0,1,"","ele-1:All FHIR elements must have a @value or children {hasValue() or (children().count() > id.count())}
"
"SEEHDSLMLaboratoryOrderOutcome.laboratoryOrderOutcome.body.recipientSignature.id","SEEHDSLMLaboratoryOrderOutcome.laboratoryOrderOutcome.body.recipientSignature.id","","","",0,1,"","","","string {[]} {[]}
","Unique id for inter-element referencing","Unique id for the element within a resource (for internal references). This may be any string value that does not contain spaces.","","","","","","","","","",,,,,"",,,,"Element.id",0,1,"",""
"SEEHDSLMLaboratoryOrderOutcome.laboratoryOrderOutcome.body.recipientSignature.extension","SEEHDSLMLaboratoryOrderOutcome.laboratoryOrderOutcome.body.recipientSignature.extension","","extensions
user content","",0,*,"","","","Extension {[]} {[]}
","Additional content defined by implementations","May be used to represent additional information that is not part of the basic definition of the element. To make the use of extensions safe and manageable, there is a strict set of governance  applied to the definition and use of extensions. Though any implementer can define an extension, there is a set of requirements that SHALL be met as part of the definition of the extension.","There can be no stigma associated with the use of extensions by any application, project, or standard - regardless of the institution or jurisdiction that uses or defines the extensions.  The use of extensions is what allows the FHIR specification to retain a core level of simplicity for everyone.","","","","","","","","",,,,,"","value:url}
","Extensions are always sliced by (at least) url",,"open","Element.extension",0,*,"","ele-1:All FHIR elements must have a @value or children {hasValue() or (children().count() > id.count())}
ext-1:Must have either extensions or value[x], not both {extension.exists() != value.exists()}"
"SEEHDSLMLaboratoryOrderOutcome.laboratoryOrderOutcome.body.recipientSignature.modifierExtension","SEEHDSLMLaboratoryOrderOutcome.laboratoryOrderOutcome.body.recipientSignature.modifierExtension","","extensions
user contentmodifiers","",0,*,"","Y","Y","Extension {[]} {[]}
","Extensions that cannot be ignored even if unrecognized","May be used to represent additional information that is not part of the basic definition of the element and that modifies the understanding of the element in which it is contained and/or the understanding of the containing element's descendants. Usually modifier elements provide negation or qualification. To make the use of extensions safe and manageable, there is a strict set of governance applied to the definition and use of extensions. Though any implementer can define an extension, there is a set of requirements that SHALL be met as part of the definition of the extension. Applications processing a resource are required to check for modifier extensions.

Modifier extensions SHALL NOT change the meaning of any elements on Resource or DomainResource (including cannot change the meaning of modifierExtension itself).","There can be no stigma associated with the use of extensions by any application, project, or standard - regardless of the institution or jurisdiction that uses or defines the extensions.  The use of extensions is what allows the FHIR specification to retain a core level of simplicity for everyone.","Modifier extensions allow for extensions that *cannot* be safely ignored to be clearly distinguished from the vast majority of extensions which can be safely ignored.  This promotes interoperability by eliminating the need for implementers to prohibit the presence of extensions. For further information, see the [definition of modifier extensions](http://hl7.org/fhir/R4/extensibility.html#modifierExtension).","","","","","","","",,,,,"",,,,"BackboneElement.modifierExtension",0,*,"","ele-1:All FHIR elements must have a @value or children {hasValue() or (children().count() > id.count())}
ext-1:Must have either extensions or value[x], not both {extension.exists() != value.exists()}"
"SEEHDSLMLaboratoryOrderOutcome.laboratoryOrderOutcome.body.recipientSignature.rivId","SEEHDSLMLaboratoryOrderOutcome.laboratoryOrderOutcome.body.recipientSignature.rivId","","","",0,1,"","","","https://fhir.inera.se/ig/ehds-tk/StructureDefinition/SEEHDSRivIITypeHealthcondActoutcome4 {[]} {[]}
","Signatärens id","Root sätts till OID för HSA (1.2.752.129.2.1.4.1) Extension sätts till HSA-id för hälso- och sjukvårdspersonal","","","","","","","","","",,,,,"",,,,"SEEHDSLMLaboratoryOrderOutcome.laboratoryOrderOutcome.body.recipientSignature.rivId",0,1,"",""
"SEEHDSLMLaboratoryOrderOutcome.laboratoryOrderOutcome.body.recipientSignature.name","SEEHDSLMLaboratoryOrderOutcome.laboratoryOrderOutcome.body.recipientSignature.name","","","",0,1,"","","","https://fhir.inera.se/ig/ehds-tk/StructureDefinition/SEEHDSRivString {[]} {[]}
","Signatärens namn","Namn på hälso- och sjukvårdspersonal","","","","","","","","","",,,,,"",,,,"SEEHDSLMLaboratoryOrderOutcome.laboratoryOrderOutcome.body.recipientSignature.name",0,1,"",""
"SEEHDSLMLaboratoryOrderOutcome.laboratoryOrderOutcome.body.recipientSignature.timestamp","SEEHDSLMLaboratoryOrderOutcome.laboratoryOrderOutcome.body.recipientSignature.timestamp","","","",1,1,"","","","https://fhir.inera.se/ig/ehds-tk/StructureDefinition/SEEHDSRivTimeStamp {[]} {[]}
","Signeringstidpunkt","Tidpunkt för signering.
Format enligt XSD (TimeStampType): ÅÅÅÅMMDDttmmss.","","","","","","","","","",,,,,"",,,,"SEEHDSLMLaboratoryOrderOutcome.laboratoryOrderOutcome.body.recipientSignature.timestamp",1,1,"",""
"SEEHDSLMLaboratoryOrderOutcome.laboratoryOrderOutcome.body.recipientSignature.byRole","SEEHDSLMLaboratoryOrderOutcome.laboratoryOrderOutcome.body.recipientSignature.byRole","","","",0,1,"","","","https://fhir.inera.se/ig/ehds-tk/StructureDefinition/SEEHDSRivCVTypeHealthcondActoutcome4 {[]} {[]}
","Yrkesroll","Information om hälso- och sjukvårdspersonalens befattning så som den var angiven i HSA-katalogen vid dokumentationstidpunkten. Anges med HSAs kodverk Befattning (OID: 1.2.752.129.2.2.1.4). Om kod inte är tillgänglig anges befattning som klartext i datatypens attribut originalText.","","","","","","","","","",,,,,"",,,,"SEEHDSLMLaboratoryOrderOutcome.laboratoryOrderOutcome.body.recipientSignature.byRole",0,1,"",""
"SEEHDSLMLaboratoryOrderOutcome.laboratoryOrderOutcome.body.contactInformation","SEEHDSLMLaboratoryOrderOutcome.laboratoryOrderOutcome.body.contactInformation","","","",0,1,"","","","BackboneElement {[]} {[]}
","Kontaktinformation","Information om var eller till vem vården kan vända sig vid frågor om laboratoriesvaret.","","","","","","","","","",,,,,"",,,,"SEEHDSLMLaboratoryOrderOutcome.laboratoryOrderOutcome.body.contactInformation",0,1,"","ele-1:All FHIR elements must have a @value or children {hasValue() or (children().count() > id.count())}
"
"SEEHDSLMLaboratoryOrderOutcome.laboratoryOrderOutcome.body.contactInformation.id","SEEHDSLMLaboratoryOrderOutcome.laboratoryOrderOutcome.body.contactInformation.id","","","",0,1,"","","","string {[]} {[]}
","Unique id for inter-element referencing","Unique id for the element within a resource (for internal references). This may be any string value that does not contain spaces.","","","","","","","","","",,,,,"",,,,"Element.id",0,1,"",""
"SEEHDSLMLaboratoryOrderOutcome.laboratoryOrderOutcome.body.contactInformation.extension","SEEHDSLMLaboratoryOrderOutcome.laboratoryOrderOutcome.body.contactInformation.extension","","extensions
user content","",0,*,"","","","Extension {[]} {[]}
","Additional content defined by implementations","May be used to represent additional information that is not part of the basic definition of the element. To make the use of extensions safe and manageable, there is a strict set of governance  applied to the definition and use of extensions. Though any implementer can define an extension, there is a set of requirements that SHALL be met as part of the definition of the extension.","There can be no stigma associated with the use of extensions by any application, project, or standard - regardless of the institution or jurisdiction that uses or defines the extensions.  The use of extensions is what allows the FHIR specification to retain a core level of simplicity for everyone.","","","","","","","","",,,,,"","value:url}
","Extensions are always sliced by (at least) url",,"open","Element.extension",0,*,"","ele-1:All FHIR elements must have a @value or children {hasValue() or (children().count() > id.count())}
ext-1:Must have either extensions or value[x], not both {extension.exists() != value.exists()}"
"SEEHDSLMLaboratoryOrderOutcome.laboratoryOrderOutcome.body.contactInformation.modifierExtension","SEEHDSLMLaboratoryOrderOutcome.laboratoryOrderOutcome.body.contactInformation.modifierExtension","","extensions
user contentmodifiers","",0,*,"","Y","Y","Extension {[]} {[]}
","Extensions that cannot be ignored even if unrecognized","May be used to represent additional information that is not part of the basic definition of the element and that modifies the understanding of the element in which it is contained and/or the understanding of the containing element's descendants. Usually modifier elements provide negation or qualification. To make the use of extensions safe and manageable, there is a strict set of governance applied to the definition and use of extensions. Though any implementer can define an extension, there is a set of requirements that SHALL be met as part of the definition of the extension. Applications processing a resource are required to check for modifier extensions.

Modifier extensions SHALL NOT change the meaning of any elements on Resource or DomainResource (including cannot change the meaning of modifierExtension itself).","There can be no stigma associated with the use of extensions by any application, project, or standard - regardless of the institution or jurisdiction that uses or defines the extensions.  The use of extensions is what allows the FHIR specification to retain a core level of simplicity for everyone.","Modifier extensions allow for extensions that *cannot* be safely ignored to be clearly distinguished from the vast majority of extensions which can be safely ignored.  This promotes interoperability by eliminating the need for implementers to prohibit the presence of extensions. For further information, see the [definition of modifier extensions](http://hl7.org/fhir/R4/extensibility.html#modifierExtension).","","","","","","","",,,,,"",,,,"BackboneElement.modifierExtension",0,*,"","ele-1:All FHIR elements must have a @value or children {hasValue() or (children().count() > id.count())}
ext-1:Must have either extensions or value[x], not both {extension.exists() != value.exists()}"
"SEEHDSLMLaboratoryOrderOutcome.laboratoryOrderOutcome.body.contactInformation.text","SEEHDSLMLaboratoryOrderOutcome.laboratoryOrderOutcome.body.contactInformation.text","","","",1,1,"","","","https://fhir.inera.se/ig/ehds-tk/StructureDefinition/SEEHDSRivString {[]} {[]}
","Kontaktinformationstext","Textuell beskrivning av kontaktinformation. Det kan t.ex. vara telefonnummer och öppettider till en kundtjänst, ett namn på en kontaktperson.","","","","","","","","","",,,,,"",,,,"SEEHDSLMLaboratoryOrderOutcome.laboratoryOrderOutcome.body.contactInformation.text",1,1,"",""
